user_input,retrieved_contexts,response,reference,faithfulness,answer_relevancy,context_precision,context_recall,cell,scenario_id,pattern,ground_truth_label
김원규 씨의 거주지는 어디인가요?,['id: P001\nuuid: 0728878bf33c404ab5aa8501eb92dc0c\nname: 김원규\nbirth_year: 1961\nage: 65\nsex: 남자\nresidence:\n  province: 인천\n  district: 인천-부평구\n  region_class: 수도권\neducation:\n  level: 고등학교\n  field: null\noccupation: 건물 경비원\nfamily_type: 배우자·자녀와 거주\nhousing_type: 다세대주택\nmarriage:\n  status: 배우자있음\n  marriage_year: 1991\n  spouse_death_year: null\n  divorce_year: null\nchildren:\n- name: 김혜진\n  age: 32\n  sex: 여자\n  living_with: true\n- name: 김재영\n  age: 30\n  sex: 남자\n  living_with: false\npreferences:\n  food: 보리밥\n  food_source: text\n  hobby: 산책\n  hobby_source: text\n  culture: 트로트\n  culture_source: random\nhealth:\n  conditions:\n  - 고혈압\n  - 당뇨\n  medications:\n  - 암로디핀\n  - 로사르탄\n  - 메트포르민\n  - 글리메피리드\n'],인천시 부평구에 거주하고 계십니다.,김원규 씨의 거주지: 인천 부평구.,1.0,0.5868928533470713,0.9999999999,1.0,1,P001-Q01-T-거주지,T-거주지,인천 부평구
김원규 씨의 직업은 무엇인가요?,['id: P001\nuuid: 0728878bf33c404ab5aa8501eb92dc0c\nname: 김원규\nbirth_year: 1961\nage: 65\nsex: 남자\nresidence:\n  province: 인천\n  district: 인천-부평구\n  region_class: 수도권\neducation:\n  level: 고등학교\n  field: null\noccupation: 건물 경비원\nfamily_type: 배우자·자녀와 거주\nhousing_type: 다세대주택\nmarriage:\n  status: 배우자있음\n  marriage_year: 1991\n  spouse_death_year: null\n  divorce_year: null\nchildren:\n- name: 김혜진\n  age: 32\n  sex: 여자\n  living_with: true\n- name: 김재영\n  age: 30\n  sex: 남자\n  living_with: false\npreferences:\n  food: 보리밥\n  food_source: text\n  hobby: 산책\n  hobby_source: text\n  culture: 트로트\n  culture_source: random\nhealth:\n  conditions:\n  - 고혈압\n  - 당뇨\n  medications:\n  - 암로디핀\n  - 로사르탄\n  - 메트포르민\n  - 글리메피리드\n'],김원규 씨의 직업은 건물 경비원입니다.,김원규 씨의 직업: 건물 경비원.,1.0,0.9577932597004604,0.9999999999,1.0,1,P001-Q02-T-직업,T-직업,건물 경비원
김원규 씨의 최종 학력은 무엇인가요?,['id: P001\nuuid: 0728878bf33c404ab5aa8501eb92dc0c\nname: 김원규\nbirth_year: 1961\nage: 65\nsex: 남자\nresidence:\n  province: 인천\n  district: 인천-부평구\n  region_class: 수도권\neducation:\n  level: 고등학교\n  field: null\noccupation: 건물 경비원\nfamily_type: 배우자·자녀와 거주\nhousing_type: 다세대주택\nmarriage:\n  status: 배우자있음\n  marriage_year: 1991\n  spouse_death_year: null\n  divorce_year: null\nchildren:\n- name: 김혜진\n  age: 32\n  sex: 여자\n  living_with: true\n- name: 김재영\n  age: 30\n  sex: 남자\n  living_with: false\npreferences:\n  food: 보리밥\n  food_source: text\n  hobby: 산책\n  hobby_source: text\n  culture: 트로트\n  culture_source: random\nhealth:\n  conditions:\n  - 고혈압\n  - 당뇨\n  medications:\n  - 암로디핀\n  - 로사르탄\n  - 메트포르민\n  - 글리메피리드\n'],김원규 씨의 최종 학력은 고등학교입니다.,김원규 씨의 최종 학력: 고등학교.,1.0,0.9234117100295424,0.9999999999,1.0,1,P001-Q03-T-학력,T-학력,고등학교
김원규 씨는 전라남에 살고 있다. (참/거짓),['id: P001\nuuid: 0728878bf33c404ab5aa8501eb92dc0c\nname: 김원규\nbirth_year: 1961\nage: 65\nsex: 남자\nresidence:\n  province: 인천\n  district: 인천-부평구\n  region_class: 수도권\neducation:\n  level: 고등학교\n  field: null\noccupation: 건물 경비원\nfamily_type: 배우자·자녀와 거주\nhousing_type: 다세대주택\nmarriage:\n  status: 배우자있음\n  marriage_year: 1991\n  spouse_death_year: null\n  divorce_year: null\nchildren:\n- name: 김혜진\n  age: 32\n  sex: 여자\n  living_with: true\n- name: 김재영\n  age: 30\n  sex: 남자\n  living_with: false\npreferences:\n  food: 보리밥\n  food_source: text\n  hobby: 산책\n  hobby_source: text\n  culture: 트로트\n  culture_source: random\nhealth:\n  conditions:\n  - 고혈압\n  - 당뇨\n  medications:\n  - 암로디핀\n  - 로사르탄\n  - 메트포르민\n  - 글리메피리드\n'],F. 김원규 씨는 인천 부평구에 거주하고 있습니다.,제공된 페르소나 정보 기준 김원규 씨의 거주지: 인천 부평구.,1.0,0.5675260009501703,0.0,0.0,1,P001-Q04-F-반대,F-반대,F
김원규 씨의 최근 가입한 동호회의 이름은 무엇인가요?,['id: P001\nuuid: 0728878bf33c404ab5aa8501eb92dc0c\nname: 김원규\nbirth_year: 1961\nage: 65\nsex: 남자\nresidence:\n  province: 인천\n  district: 인천-부평구\n  region_class: 수도권\neducation:\n  level: 고등학교\n  field: null\noccupation: 건물 경비원\nfamily_type: 배우자·자녀와 거주\nhousing_type: 다세대주택\nmarriage:\n  status: 배우자있음\n  marriage_year: 1991\n  spouse_death_year: null\n  divorce_year: null\nchildren:\n- name: 김혜진\n  age: 32\n  sex: 여자\n  living_with: true\n- name: 김재영\n  age: 30\n  sex: 남자\n  living_with: false\npreferences:\n  food: 보리밥\n  food_source: text\n  hobby: 산책\n  hobby_source: text\n  culture: 트로트\n  culture_source: random\nhealth:\n  conditions:\n  - 고혈압\n  - 당뇨\n  medications:\n  - 암로디핀\n  - 로사르탄\n  - 메트포르민\n  - 글리메피리드\n'],정보 없음,제공된 페르소나 정보에는 김원규 씨에 대해 질문한 사실이 없습니다.,1.0,0.0,0.0,0.0,1,P001-Q05-F-비존재,F-비존재,정보 없음
김원규 씨는 2001년에 결혼했다. (참/거짓),['id: P001\nuuid: 0728878bf33c404ab5aa8501eb92dc0c\nname: 김원규\nbirth_year: 1961\nage: 65\nsex: 남자\nresidence:\n  province: 인천\n  district: 인천-부평구\n  region_class: 수도권\neducation:\n  level: 고등학교\n  field: null\noccupation: 건물 경비원\nfamily_type: 배우자·자녀와 거주\nhousing_type: 다세대주택\nmarriage:\n  status: 배우자있음\n  marriage_year: 1991\n  spouse_death_year: null\n  divorce_year: null\nchildren:\n- name: 김혜진\n  age: 32\n  sex: 여자\n  living_with: true\n- name: 김재영\n  age: 30\n  sex: 남자\n  living_with: false\npreferences:\n  food: 보리밥\n  food_source: text\n  hobby: 산책\n  hobby_source: text\n  culture: 트로트\n  culture_source: random\nhealth:\n  conditions:\n  - 고혈압\n  - 당뇨\n  medications:\n  - 암로디핀\n  - 로사르탄\n  - 메트포르민\n  - 글리메피리드\n'],F. 김원규 씨는 1991년에 결혼했습니다.,제공된 페르소나 정보 기준 김원규 씨의 결혼 정보: 1991년에 결혼.,1.0,0.6112437735052196,0.9999999999,0.0,1,P001-Q06-F-시점오류,F-시점오류,F
김원규 씨의 직업은 산업 경비원이다. (참/거짓),['id: P001\nuuid: 0728878bf33c404ab5aa8501eb92dc0c\nname: 김원규\nbirth_year: 1961\nage: 65\nsex: 남자\nresidence:\n  province: 인천\n  district: 인천-부평구\n  region_class: 수도권\neducation:\n  level: 고등학교\n  field: null\noccupation: 건물 경비원\nfamily_type: 배우자·자녀와 거주\nhousing_type: 다세대주택\nmarriage:\n  status: 배우자있음\n  marriage_year: 1991\n  spouse_death_year: null\n  divorce_year: null\nchildren:\n- name: 김혜진\n  age: 32\n  sex: 여자\n  living_with: true\n- name: 김재영\n  age: 30\n  sex: 남자\n  living_with: false\npreferences:\n  food: 보리밥\n  food_source: text\n  hobby: 산책\n  hobby_source: text\n  culture: 트로트\n  culture_source: random\nhealth:\n  conditions:\n  - 고혈압\n  - 당뇨\n  medications:\n  - 암로디핀\n  - 로사르탄\n  - 메트포르민\n  - 글리메피리드\n'],F. 김원규 씨의 직업은 건물 경비원입니다.,제공된 페르소나 정보 기준 김원규 씨의 직업: 건물 경비원.,1.0,0.6689125255505841,0.9999999999,1.0,1,P001-Q07-ADV-부분일치,ADV-부분일치,F
김원규 씨는 1990년에 결혼했다. (참/거짓),['id: P001\nuuid: 0728878bf33c404ab5aa8501eb92dc0c\nname: 김원규\nbirth_year: 1961\nage: 65\nsex: 남자\nresidence:\n  province: 인천\n  district: 인천-부평구\n  region_class: 수도권\neducation:\n  level: 고등학교\n  field: null\noccupation: 건물 경비원\nfamily_type: 배우자·자녀와 거주\nhousing_type: 다세대주택\nmarriage:\n  status: 배우자있음\n  marriage_year: 1991\n  spouse_death_year: null\n  divorce_year: null\nchildren:\n- name: 김혜진\n  age: 32\n  sex: 여자\n  living_with: true\n- name: 김재영\n  age: 30\n  sex: 남자\n  living_with: false\npreferences:\n  food: 보리밥\n  food_source: text\n  hobby: 산책\n  hobby_source: text\n  culture: 트로트\n  culture_source: random\nhealth:\n  conditions:\n  - 고혈압\n  - 당뇨\n  medications:\n  - 암로디핀\n  - 로사르탄\n  - 메트포르민\n  - 글리메피리드\n'],F. 김원규 씨의 결혼 연도는 1991년입니다.,제공된 페르소나 정보 기준 김원규 씨의 결혼 정보: 1991년에 결혼.,1.0,0.6627868366281446,0.9999999999,0.0,1,P001-Q08-ADV-시점근접,ADV-시점근접,F
김원규 씨의 자녀 이름은 김민지이다. (참/거짓),['id: P001\nuuid: 0728878bf33c404ab5aa8501eb92dc0c\nname: 김원규\nbirth_year: 1961\nage: 65\nsex: 남자\nresidence:\n  province: 인천\n  district: 인천-부평구\n  region_class: 수도권\neducation:\n  level: 고등학교\n  field: null\noccupation: 건물 경비원\nfamily_type: 배우자·자녀와 거주\nhousing_type: 다세대주택\nmarriage:\n  status: 배우자있음\n  marriage_year: 1991\n  spouse_death_year: null\n  divorce_year: null\nchildren:\n- name: 김혜진\n  age: 32\n  sex: 여자\n  living_with: true\n- name: 김재영\n  age: 30\n  sex: 남자\n  living_with: false\npreferences:\n  food: 보리밥\n  food_source: text\n  hobby: 산책\n  hobby_source: text\n  culture: 트로트\n  culture_source: random\nhealth:\n  conditions:\n  - 고혈압\n  - 당뇨\n  medications:\n  - 암로디핀\n  - 로사르탄\n  - 메트포르민\n  - 글리메피리드\n'],F. 자녀의 이름은 김혜진과 김재영입니다.,"제공된 페르소나 정보 기준 김원규 씨의 자녀 정보: 자녀 2명(김혜진, 김재영).",1.0,0.5031492641984884,0.9999999999,0.0,1,P001-Q09-ADV-유사인물,ADV-유사인물,F
이재환 씨의 거주지는 어디인가요?,['id: P002\nuuid: a18f155639d6467cab9b249af1fdb6f4\nname: 이재환\nbirth_year: 1965\nage: 61\nsex: 남자\nresidence:\n  province: 전라남\n  district: 전라남-순천시\n  region_class: 지방\neducation:\n  level: 4년제 대학교\n  field: 예술·인문\noccupation: 무직\nfamily_type: 배우자와 거주\nhousing_type: 아파트\nmarriage:\n  status: 배우자있음\n  marriage_year: 1988\n  spouse_death_year: null\n  divorce_year: null\nchildren: []\npreferences:\n  food: 설렁탕\n  food_source: random\n  hobby: 화투\n  hobby_source: random\n  culture: 임영웅 노래\n  culture_source: random\nhealth:\n  conditions:\n  - 관절염\n  medications:\n  - 아세트아미노펜\n  - 셀레콕시브\n'],전라남도 순천시입니다.,이재환 씨의 거주지: 전라남 순천시.,1.0,0.4365293617960017,0.9999999999,1.0,1,P002-Q01-T-거주지,T-거주지,전라남 순천시
이재환 씨의 직업은 무엇인가요?,['id: P002\nuuid: a18f155639d6467cab9b249af1fdb6f4\nname: 이재환\nbirth_year: 1965\nage: 61\nsex: 남자\nresidence:\n  province: 전라남\n  district: 전라남-순천시\n  region_class: 지방\neducation:\n  level: 4년제 대학교\n  field: 예술·인문\noccupation: 무직\nfamily_type: 배우자와 거주\nhousing_type: 아파트\nmarriage:\n  status: 배우자있음\n  marriage_year: 1988\n  spouse_death_year: null\n  divorce_year: null\nchildren: []\npreferences:\n  food: 설렁탕\n  food_source: random\n  hobby: 화투\n  hobby_source: random\n  culture: 임영웅 노래\n  culture_source: random\nhealth:\n  conditions:\n  - 관절염\n  medications:\n  - 아세트아미노펜\n  - 셀레콕시브\n'],이재환 씨의 직업은 무직입니다.,이재환 씨의 직업: 무직.,1.0,0.5374861495854849,0.9999999999,1.0,1,P002-Q02-T-직업,T-직업,무직
이재환 씨의 최종 학력은 무엇인가요?,['id: P002\nuuid: a18f155639d6467cab9b249af1fdb6f4\nname: 이재환\nbirth_year: 1965\nage: 61\nsex: 남자\nresidence:\n  province: 전라남\n  district: 전라남-순천시\n  region_class: 지방\neducation:\n  level: 4년제 대학교\n  field: 예술·인문\noccupation: 무직\nfamily_type: 배우자와 거주\nhousing_type: 아파트\nmarriage:\n  status: 배우자있음\n  marriage_year: 1988\n  spouse_death_year: null\n  divorce_year: null\nchildren: []\npreferences:\n  food: 설렁탕\n  food_source: random\n  hobby: 화투\n  hobby_source: random\n  culture: 임영웅 노래\n  culture_source: random\nhealth:\n  conditions:\n  - 관절염\n  medications:\n  - 아세트아미노펜\n  - 셀레콕시브\n'],이재환 씨의 최종 학력은 4년제 대학교입니다.,이재환 씨의 최종 학력: 4년제 대학교(예술·인문).,1.0,0.921371540482658,0.9999999999,1.0,1,P002-Q03-T-학력,T-학력,4년제 대학교
이재환 씨는 부산에 살고 있다. (참/거짓),['id: P002\nuuid: a18f155639d6467cab9b249af1fdb6f4\nname: 이재환\nbirth_year: 1965\nage: 61\nsex: 남자\nresidence:\n  province: 전라남\n  district: 전라남-순천시\n  region_class: 지방\neducation:\n  level: 4년제 대학교\n  field: 예술·인문\noccupation: 무직\nfamily_type: 배우자와 거주\nhousing_type: 아파트\nmarriage:\n  status: 배우자있음\n  marriage_year: 1988\n  spouse_death_year: null\n  divorce_year: null\nchildren: []\npreferences:\n  food: 설렁탕\n  food_source: random\n  hobby: 화투\n  hobby_source: random\n  culture: 임영웅 노래\n  culture_source: random\nhealth:\n  conditions:\n  - 관절염\n  medications:\n  - 아세트아미노펜\n  - 셀레콕시브\n'],F. 전라남도 순천시에 거주하고 있습니다.,제공된 페르소나 정보 기준 이재환 씨의 거주지: 전라남 순천시.,1.0,0.4797865815429765,0.9999999999,0.0,1,P002-Q04-F-반대,F-반대,F
이재환 씨의 현재 운영 중인 사업자명은 무엇인가요?,['id: P002\nuuid: a18f155639d6467cab9b249af1fdb6f4\nname: 이재환\nbirth_year: 1965\nage: 61\nsex: 남자\nresidence:\n  province: 전라남\n  district: 전라남-순천시\n  region_class: 지방\neducation:\n  level: 4년제 대학교\n  field: 예술·인문\noccupation: 무직\nfamily_type: 배우자와 거주\nhousing_type: 아파트\nmarriage:\n  status: 배우자있음\n  marriage_year: 1988\n  spouse_death_year: null\n  divorce_year: null\nchildren: []\npreferences:\n  food: 설렁탕\n  food_source: random\n  hobby: 화투\n  hobby_source: random\n  culture: 임영웅 노래\n  culture_source: random\nhealth:\n  conditions:\n  - 관절염\n  medications:\n  - 아세트아미노펜\n  - 셀레콕시브\n'],정보 없음,제공된 페르소나 정보에는 이재환 씨에 대해 질문한 사실이 없습니다.,1.0,0.0,0.0,0.0,1,P002-Q05-F-비존재,F-비존재,정보 없음
이재환 씨는 1998년에 결혼했다. (참/거짓),['id: P002\nuuid: a18f155639d6467cab9b249af1fdb6f4\nname: 이재환\nbirth_year: 1965\nage: 61\nsex: 남자\nresidence:\n  province: 전라남\n  district: 전라남-순천시\n  region_class: 지방\neducation:\n  level: 4년제 대학교\n  field: 예술·인문\noccupation: 무직\nfamily_type: 배우자와 거주\nhousing_type: 아파트\nmarriage:\n  status: 배우자있음\n  marriage_year: 1988\n  spouse_death_year: null\n  divorce_year: null\nchildren: []\npreferences:\n  food: 설렁탕\n  food_source: random\n  hobby: 화투\n  hobby_source: random\n  culture: 임영웅 노래\n  culture_source: random\nhealth:\n  conditions:\n  - 관절염\n  medications:\n  - 아세트아미노펜\n  - 셀레콕시브\n'],F. 1988년에 결혼했습니다.,제공된 페르소나 정보 기준 이재환 씨의 결혼 정보: 1988년에 결혼.,0.5,0.4863586583632451,0.9999999999,1.0,1,P002-Q06-F-시점오류,F-시점오류,F
이재환 씨는 전라남 순천구에 산다. (참/거짓),['id: P002\nuuid: a18f155639d6467cab9b249af1fdb6f4\nname: 이재환\nbirth_year: 1965\nage: 61\nsex: 남자\nresidence:\n  province: 전라남\n  district: 전라남-순천시\n  region_class: 지방\neducation:\n  level: 4년제 대학교\n  field: 예술·인문\noccupation: 무직\nfamily_type: 배우자와 거주\nhousing_type: 아파트\nmarriage:\n  status: 배우자있음\n  marriage_year: 1988\n  spouse_death_year: null\n  divorce_year: null\nchildren: []\npreferences:\n  food: 설렁탕\n  food_source: random\n  hobby: 화투\n  hobby_source: random\n  culture: 임영웅 노래\n  culture_source: random\nhealth:\n  conditions:\n  - 관절염\n  medications:\n  - 아세트아미노펜\n  - 셀레콕시브\n'],F. 전라남 순천시 거주입니다.,제공된 페르소나 정보 기준 이재환 씨의 거주지: 전라남 순천시.,1.0,0.3823328062621078,0.9999999999,0.0,1,P002-Q07-ADV-부분일치,ADV-부분일치,F
이재환 씨는 1989년에 결혼했다. (참/거짓),['id: P002\nuuid: a18f155639d6467cab9b249af1fdb6f4\nname: 이재환\nbirth_year: 1965\nage: 61\nsex: 남자\nresidence:\n  province: 전라남\n  district: 전라남-순천시\n  region_class: 지방\neducation:\n  level: 4년제 대학교\n  field: 예술·인문\noccupation: 무직\nfamily_type: 배우자와 거주\nhousing_type: 아파트\nmarriage:\n  status: 배우자있음\n  marriage_year: 1988\n  spouse_death_year: null\n  divorce_year: null\nchildren: []\npreferences:\n  food: 설렁탕\n  food_source: random\n  hobby: 화투\n  hobby_source: random\n  culture: 임영웅 노래\n  culture_source: random\nhealth:\n  conditions:\n  - 관절염\n  medications:\n  - 아세트아미노펜\n  - 셀레콕시브\n'],F. 1988년에 결혼했습니다.,제공된 페르소나 정보 기준 이재환 씨의 결혼 정보: 1988년에 결혼.,1.0,0.4911215883284313,0.9999999999,1.0,1,P002-Q08-ADV-시점근접,ADV-시점근접,F
이 사람의 이름은 이성호이다. (참/거짓),['id: P002\nuuid: a18f155639d6467cab9b249af1fdb6f4\nname: 이재환\nbirth_year: 1965\nage: 61\nsex: 남자\nresidence:\n  province: 전라남\n  district: 전라남-순천시\n  region_class: 지방\neducation:\n  level: 4년제 대학교\n  field: 예술·인문\noccupation: 무직\nfamily_type: 배우자와 거주\nhousing_type: 아파트\nmarriage:\n  status: 배우자있음\n  marriage_year: 1988\n  spouse_death_year: null\n  divorce_year: null\nchildren: []\npreferences:\n  food: 설렁탕\n  food_source: random\n  hobby: 화투\n  hobby_source: random\n  culture: 임영웅 노래\n  culture_source: random\nhealth:\n  conditions:\n  - 관절염\n  medications:\n  - 아세트아미노펜\n  - 셀레콕시브\n'],F. 이 사람의 이름은 이재환입니다.,제공된 페르소나 정보 기준 이재환 씨의 이름: 이재환.,1.0,0.6508054037680034,0.9999999999,0.0,1,P002-Q09-ADV-유사인물,ADV-유사인물,F
유영실 씨의 거주지는 어디인가요?,['id: P003\nuuid: cce07c1836d942fd92bca585ed8bc94d\nname: 유영실\nbirth_year: 1958\nage: 68\nsex: 남자\nresidence:\n  province: 서울\n  district: 서울-강서구\n  region_class: 수도권\neducation:\n  level: 고등학교\n  field: null\noccupation: 전화 상담원\nfamily_type: 배우자·자녀와 거주\nhousing_type: 아파트\nmarriage:\n  status: 배우자있음\n  marriage_year: 1988\n  spouse_death_year: null\n  divorce_year: null\nchildren:\n- name: 유준호\n  age: 34\n  sex: 남자\n  living_with: true\npreferences:\n  food: 보리밥\n  food_source: text\n  hobby: 라디오 듣기\n  hobby_source: random\n  culture: 전국노래자랑\n  culture_source: random\nhealth:\n  conditions:\n  - 고지혈증\n  - 고혈압\n  medications:\n  - 아토르바스타틴\n  - 로수바스타틴\n  - 암로디핀\n  - 로사르탄\n'],서울 강서구에 거주하고 계십니다.,유영실 씨의 거주지: 서울 강서구.,1.0,0.5423702128972246,0.9999999999,1.0,1,P003-Q01-T-거주지,T-거주지,서울 강서구
유영실 씨의 직업은 무엇인가요?,['id: P003\nuuid: cce07c1836d942fd92bca585ed8bc94d\nname: 유영실\nbirth_year: 1958\nage: 68\nsex: 남자\nresidence:\n  province: 서울\n  district: 서울-강서구\n  region_class: 수도권\neducation:\n  level: 고등학교\n  field: null\noccupation: 전화 상담원\nfamily_type: 배우자·자녀와 거주\nhousing_type: 아파트\nmarriage:\n  status: 배우자있음\n  marriage_year: 1988\n  spouse_death_year: null\n  divorce_year: null\nchildren:\n- name: 유준호\n  age: 34\n  sex: 남자\n  living_with: true\npreferences:\n  food: 보리밥\n  food_source: text\n  hobby: 라디오 듣기\n  hobby_source: random\n  culture: 전국노래자랑\n  culture_source: random\nhealth:\n  conditions:\n  - 고지혈증\n  - 고혈압\n  medications:\n  - 아토르바스타틴\n  - 로수바스타틴\n  - 암로디핀\n  - 로사르탄\n'],유영실 씨의 직업은 전화 상담원입니다.,유영실 씨의 직업: 전화 상담원.,1.0,0.971834530445602,0.9999999999,1.0,1,P003-Q02-T-직업,T-직업,전화 상담원
유영실 씨의 최종 학력은 무엇인가요?,['id: P003\nuuid: cce07c1836d942fd92bca585ed8bc94d\nname: 유영실\nbirth_year: 1958\nage: 68\nsex: 남자\nresidence:\n  province: 서울\n  district: 서울-강서구\n  region_class: 수도권\neducation:\n  level: 고등학교\n  field: null\noccupation: 전화 상담원\nfamily_type: 배우자·자녀와 거주\nhousing_type: 아파트\nmarriage:\n  status: 배우자있음\n  marriage_year: 1988\n  spouse_death_year: null\n  divorce_year: null\nchildren:\n- name: 유준호\n  age: 34\n  sex: 남자\n  living_with: true\npreferences:\n  food: 보리밥\n  food_source: text\n  hobby: 라디오 듣기\n  hobby_source: random\n  culture: 전국노래자랑\n  culture_source: random\nhealth:\n  conditions:\n  - 고지혈증\n  - 고혈압\n  medications:\n  - 아토르바스타틴\n  - 로수바스타틴\n  - 암로디핀\n  - 로사르탄\n'],유영실 씨의 최종 학력은 고등학교입니다.,유영실 씨의 최종 학력: 고등학교.,1.0,0.9205532495158072,0.9999999999,1.0,1,P003-Q03-T-학력,T-학력,고등학교
유영실 씨는 강원에 살고 있다. (참/거짓),['id: P003\nuuid: cce07c1836d942fd92bca585ed8bc94d\nname: 유영실\nbirth_year: 1958\nage: 68\nsex: 남자\nresidence:\n  province: 서울\n  district: 서울-강서구\n  region_class: 수도권\neducation:\n  level: 고등학교\n  field: null\noccupation: 전화 상담원\nfamily_type: 배우자·자녀와 거주\nhousing_type: 아파트\nmarriage:\n  status: 배우자있음\n  marriage_year: 1988\n  spouse_death_year: null\n  divorce_year: null\nchildren:\n- name: 유준호\n  age: 34\n  sex: 남자\n  living_with: true\npreferences:\n  food: 보리밥\n  food_source: text\n  hobby: 라디오 듣기\n  hobby_source: random\n  culture: 전국노래자랑\n  culture_source: random\nhealth:\n  conditions:\n  - 고지혈증\n  - 고혈압\n  medications:\n  - 아토르바스타틴\n  - 로수바스타틴\n  - 암로디핀\n  - 로사르탄\n'],F. 유영실 씨는 서울 강서구에 거주하고 있습니다.,제공된 페르소나 정보 기준 유영실 씨의 거주지: 서울 강서구.,1.0,0.7821978699437638,0.9999999999,0.5,1,P003-Q04-F-반대,F-반대,F
유영실 씨의 현재 운영 중인 사업자명은 무엇인가요?,['id: P003\nuuid: cce07c1836d942fd92bca585ed8bc94d\nname: 유영실\nbirth_year: 1958\nage: 68\nsex: 남자\nresidence:\n  province: 서울\n  district: 서울-강서구\n  region_class: 수도권\neducation:\n  level: 고등학교\n  field: null\noccupation: 전화 상담원\nfamily_type: 배우자·자녀와 거주\nhousing_type: 아파트\nmarriage:\n  status: 배우자있음\n  marriage_year: 1988\n  spouse_death_year: null\n  divorce_year: null\nchildren:\n- name: 유준호\n  age: 34\n  sex: 남자\n  living_with: true\npreferences:\n  food: 보리밥\n  food_source: text\n  hobby: 라디오 듣기\n  hobby_source: random\n  culture: 전국노래자랑\n  culture_source: random\nhealth:\n  conditions:\n  - 고지혈증\n  - 고혈압\n  medications:\n  - 아토르바스타틴\n  - 로수바스타틴\n  - 암로디핀\n  - 로사르탄\n'],정보 없음,제공된 페르소나 정보에는 유영실 씨에 대해 질문한 사실이 없습니다.,1.0,0.0,0.0,0.0,1,P003-Q05-F-비존재,F-비존재,정보 없음
유영실 씨는 1973년에 결혼했다. (참/거짓),['id: P003\nuuid: cce07c1836d942fd92bca585ed8bc94d\nname: 유영실\nbirth_year: 1958\nage: 68\nsex: 남자\nresidence:\n  province: 서울\n  district: 서울-강서구\n  region_class: 수도권\neducation:\n  level: 고등학교\n  field: null\noccupation: 전화 상담원\nfamily_type: 배우자·자녀와 거주\nhousing_type: 아파트\nmarriage:\n  status: 배우자있음\n  marriage_year: 1988\n  spouse_death_year: null\n  divorce_year: null\nchildren:\n- name: 유준호\n  age: 34\n  sex: 남자\n  living_with: true\npreferences:\n  food: 보리밥\n  food_source: text\n  hobby: 라디오 듣기\n  hobby_source: random\n  culture: 전국노래자랑\n  culture_source: random\nhealth:\n  conditions:\n  - 고지혈증\n  - 고혈압\n  medications:\n  - 아토르바스타틴\n  - 로수바스타틴\n  - 암로디핀\n  - 로사르탄\n'],F. 유영실 씨는 1988년에 결혼했습니다.,제공된 페르소나 정보 기준 유영실 씨의 결혼 정보: 1988년에 결혼.,1.0,0.8506452399284478,0.9999999999,1.0,1,P003-Q06-F-시점오류,F-시점오류,F
유영실 씨의 직업은 전화 영업원이다. (참/거짓),['id: P003\nuuid: cce07c1836d942fd92bca585ed8bc94d\nname: 유영실\nbirth_year: 1958\nage: 68\nsex: 남자\nresidence:\n  province: 서울\n  district: 서울-강서구\n  region_class: 수도권\neducation:\n  level: 고등학교\n  field: null\noccupation: 전화 상담원\nfamily_type: 배우자·자녀와 거주\nhousing_type: 아파트\nmarriage:\n  status: 배우자있음\n  marriage_year: 1988\n  spouse_death_year: null\n  divorce_year: null\nchildren:\n- name: 유준호\n  age: 34\n  sex: 남자\n  living_with: true\npreferences:\n  food: 보리밥\n  food_source: text\n  hobby: 라디오 듣기\n  hobby_source: random\n  culture: 전국노래자랑\n  culture_source: random\nhealth:\n  conditions:\n  - 고지혈증\n  - 고혈압\n  medications:\n  - 아토르바스타틴\n  - 로수바스타틴\n  - 암로디핀\n  - 로사르탄\n'],F. 유영실 씨의 직업은 전화 상담원입니다.,제공된 페르소나 정보 기준 유영실 씨의 직업: 전화 상담원.,1.0,0.7584952777635391,0.9999999999,1.0,1,P003-Q07-ADV-부분일치,ADV-부분일치,F
유영실 씨는 1989년에 결혼했다. (참/거짓),['id: P003\nuuid: cce07c1836d942fd92bca585ed8bc94d\nname: 유영실\nbirth_year: 1958\nage: 68\nsex: 남자\nresidence:\n  province: 서울\n  district: 서울-강서구\n  region_class: 수도권\neducation:\n  level: 고등학교\n  field: null\noccupation: 전화 상담원\nfamily_type: 배우자·자녀와 거주\nhousing_type: 아파트\nmarriage:\n  status: 배우자있음\n  marriage_year: 1988\n  spouse_death_year: null\n  divorce_year: null\nchildren:\n- name: 유준호\n  age: 34\n  sex: 남자\n  living_with: true\npreferences:\n  food: 보리밥\n  food_source: text\n  hobby: 라디오 듣기\n  hobby_source: random\n  culture: 전국노래자랑\n  culture_source: random\nhealth:\n  conditions:\n  - 고지혈증\n  - 고혈압\n  medications:\n  - 아토르바스타틴\n  - 로수바스타틴\n  - 암로디핀\n  - 로사르탄\n'],F. 유영실 씨는 1988년에 결혼했습니다.,제공된 페르소나 정보 기준 유영실 씨의 결혼 정보: 1988년에 결혼.,1.0,0.8383368054671236,0.9999999999,1.0,1,P003-Q08-ADV-시점근접,ADV-시점근접,F
유영실 씨의 자녀 이름은 유재영이다. (참/거짓),['id: P003\nuuid: cce07c1836d942fd92bca585ed8bc94d\nname: 유영실\nbirth_year: 1958\nage: 68\nsex: 남자\nresidence:\n  province: 서울\n  district: 서울-강서구\n  region_class: 수도권\neducation:\n  level: 고등학교\n  field: null\noccupation: 전화 상담원\nfamily_type: 배우자·자녀와 거주\nhousing_type: 아파트\nmarriage:\n  status: 배우자있음\n  marriage_year: 1988\n  spouse_death_year: null\n  divorce_year: null\nchildren:\n- name: 유준호\n  age: 34\n  sex: 남자\n  living_with: true\npreferences:\n  food: 보리밥\n  food_source: text\n  hobby: 라디오 듣기\n  hobby_source: random\n  culture: 전국노래자랑\n  culture_source: random\nhealth:\n  conditions:\n  - 고지혈증\n  - 고혈압\n  medications:\n  - 아토르바스타틴\n  - 로수바스타틴\n  - 암로디핀\n  - 로사르탄\n'],F. 자녀의 이름은 유준호입니다.,제공된 페르소나 정보 기준 유영실 씨의 자녀 정보: 자녀 1명(유준호).,1.0,0.5111304379344169,0.9999999999,0.0,1,P003-Q09-ADV-유사인물,ADV-유사인물,F
기경수 씨의 거주지는 어디인가요?,['id: P004\nuuid: ef0f45c383544135813c7de979729e88\nname: 기경수\nbirth_year: 1964\nage: 62\nsex: 남자\nresidence:\n  province: 전북\n  district: 전북-전주시 완산구\n  region_class: 지방\neducation:\n  level: 4년제 대학교\n  field: 서비스\noccupation: 무직\nfamily_type: 기타2세대\nhousing_type: 아파트\nmarriage:\n  status: 배우자있음\n  marriage_year: 1997\n  spouse_death_year: null\n  divorce_year: null\nchildren:\n- name: 기지훈\n  age: 26\n  sex: 남자\n  living_with: true\n- name: 기준호\n  age: 23\n  sex: 남자\n  living_with: false\npreferences:\n  food: 떡볶이\n  food_source: text\n  hobby: 산책\n  hobby_source: text\n  culture: 임영웅 노래\n  culture_source: random\nhealth:\n  conditions:\n  - 관절염\n  medications:\n  - 아세트아미노펜\n  - 셀레콕시브\n'],전북 전주시 완산구에 거주하고 있습니다.,기경수 씨의 거주지: 전북 전주시 완산구.,1.0,0.5247384616428253,0.9999999999,1.0,1,P004-Q01-T-거주지,T-거주지,전북 전주시 완산구
기경수 씨의 직업은 무엇인가요?,['id: P004\nuuid: ef0f45c383544135813c7de979729e88\nname: 기경수\nbirth_year: 1964\nage: 62\nsex: 남자\nresidence:\n  province: 전북\n  district: 전북-전주시 완산구\n  region_class: 지방\neducation:\n  level: 4년제 대학교\n  field: 서비스\noccupation: 무직\nfamily_type: 기타2세대\nhousing_type: 아파트\nmarriage:\n  status: 배우자있음\n  marriage_year: 1997\n  spouse_death_year: null\n  divorce_year: null\nchildren:\n- name: 기지훈\n  age: 26\n  sex: 남자\n  living_with: true\n- name: 기준호\n  age: 23\n  sex: 남자\n  living_with: false\npreferences:\n  food: 떡볶이\n  food_source: text\n  hobby: 산책\n  hobby_source: text\n  culture: 임영웅 노래\n  culture_source: random\nhealth:\n  conditions:\n  - 관절염\n  medications:\n  - 아세트아미노펜\n  - 셀레콕시브\n'],기경수 씨의 직업은 무직입니다.,기경수 씨의 직업: 무직.,1.0,0.9685702161202618,0.9999999999,1.0,1,P004-Q02-T-직업,T-직업,무직
기경수 씨의 최종 학력은 무엇인가요?,['id: P004\nuuid: ef0f45c383544135813c7de979729e88\nname: 기경수\nbirth_year: 1964\nage: 62\nsex: 남자\nresidence:\n  province: 전북\n  district: 전북-전주시 완산구\n  region_class: 지방\neducation:\n  level: 4년제 대학교\n  field: 서비스\noccupation: 무직\nfamily_type: 기타2세대\nhousing_type: 아파트\nmarriage:\n  status: 배우자있음\n  marriage_year: 1997\n  spouse_death_year: null\n  divorce_year: null\nchildren:\n- name: 기지훈\n  age: 26\n  sex: 남자\n  living_with: true\n- name: 기준호\n  age: 23\n  sex: 남자\n  living_with: false\npreferences:\n  food: 떡볶이\n  food_source: text\n  hobby: 산책\n  hobby_source: text\n  culture: 임영웅 노래\n  culture_source: random\nhealth:\n  conditions:\n  - 관절염\n  medications:\n  - 아세트아미노펜\n  - 셀레콕시브\n'],기경수 씨의 최종 학력은 4년제 대학교입니다.,기경수 씨의 최종 학력: 4년제 대학교(서비스).,1.0,0.9059275219232276,0.9999999999,1.0,1,P004-Q03-T-학력,T-학력,4년제 대학교
기경수 씨는 인천에 살고 있다. (참/거짓),['id: P004\nuuid: ef0f45c383544135813c7de979729e88\nname: 기경수\nbirth_year: 1964\nage: 62\nsex: 남자\nresidence:\n  province: 전북\n  district: 전북-전주시 완산구\n  region_class: 지방\neducation:\n  level: 4년제 대학교\n  field: 서비스\noccupation: 무직\nfamily_type: 기타2세대\nhousing_type: 아파트\nmarriage:\n  status: 배우자있음\n  marriage_year: 1997\n  spouse_death_year: null\n  divorce_year: null\nchildren:\n- name: 기지훈\n  age: 26\n  sex: 남자\n  living_with: true\n- name: 기준호\n  age: 23\n  sex: 남자\n  living_with: false\npreferences:\n  food: 떡볶이\n  food_source: text\n  hobby: 산책\n  hobby_source: text\n  culture: 임영웅 노래\n  culture_source: random\nhealth:\n  conditions:\n  - 관절염\n  medications:\n  - 아세트아미노펜\n  - 셀레콕시브\n'],F. 전북 전주시 완산구에 거주하고 있습니다.,제공된 페르소나 정보 기준 기경수 씨의 거주지: 전북 전주시 완산구.,1.0,0.4871184848681899,0.9999999999,0.0,1,P004-Q04-F-반대,F-반대,F
기경수 씨의 최근 가입한 동호회의 이름은 무엇인가요?,['id: P004\nuuid: ef0f45c383544135813c7de979729e88\nname: 기경수\nbirth_year: 1964\nage: 62\nsex: 남자\nresidence:\n  province: 전북\n  district: 전북-전주시 완산구\n  region_class: 지방\neducation:\n  level: 4년제 대학교\n  field: 서비스\noccupation: 무직\nfamily_type: 기타2세대\nhousing_type: 아파트\nmarriage:\n  status: 배우자있음\n  marriage_year: 1997\n  spouse_death_year: null\n  divorce_year: null\nchildren:\n- name: 기지훈\n  age: 26\n  sex: 남자\n  living_with: true\n- name: 기준호\n  age: 23\n  sex: 남자\n  living_with: false\npreferences:\n  food: 떡볶이\n  food_source: text\n  hobby: 산책\n  hobby_source: text\n  culture: 임영웅 노래\n  culture_source: random\nhealth:\n  conditions:\n  - 관절염\n  medications:\n  - 아세트아미노펜\n  - 셀레콕시브\n'],정보 없음,제공된 페르소나 정보에는 기경수 씨에 대해 질문한 사실이 없습니다.,1.0,0.0,0.0,0.0,1,P004-Q05-F-비존재,F-비존재,정보 없음
기경수 씨는 1982년에 결혼했다. (참/거짓),['id: P004\nuuid: ef0f45c383544135813c7de979729e88\nname: 기경수\nbirth_year: 1964\nage: 62\nsex: 남자\nresidence:\n  province: 전북\n  district: 전북-전주시 완산구\n  region_class: 지방\neducation:\n  level: 4년제 대학교\n  field: 서비스\noccupation: 무직\nfamily_type: 기타2세대\nhousing_type: 아파트\nmarriage:\n  status: 배우자있음\n  marriage_year: 1997\n  spouse_death_year: null\n  divorce_year: null\nchildren:\n- name: 기지훈\n  age: 26\n  sex: 남자\n  living_with: true\n- name: 기준호\n  age: 23\n  sex: 남자\n  living_with: false\npreferences:\n  food: 떡볶이\n  food_source: text\n  hobby: 산책\n  hobby_source: text\n  culture: 임영웅 노래\n  culture_source: random\nhealth:\n  conditions:\n  - 관절염\n  medications:\n  - 아세트아미노펜\n  - 셀레콕시브\n'],F. 기경수 씨의 결혼 연도는 1997년입니다.,제공된 페르소나 정보 기준 기경수 씨의 결혼 정보: 1997년에 결혼.,1.0,0.5832016818588986,0.9999999999,1.0,1,P004-Q06-F-시점오류,F-시점오류,F
기경수 씨는 전북 전주시 완산시에 산다. (참/거짓),['id: P004\nuuid: ef0f45c383544135813c7de979729e88\nname: 기경수\nbirth_year: 1964\nage: 62\nsex: 남자\nresidence:\n  province: 전북\n  district: 전북-전주시 완산구\n  region_class: 지방\neducation:\n  level: 4년제 대학교\n  field: 서비스\noccupation: 무직\nfamily_type: 기타2세대\nhousing_type: 아파트\nmarriage:\n  status: 배우자있음\n  marriage_year: 1997\n  spouse_death_year: null\n  divorce_year: null\nchildren:\n- name: 기지훈\n  age: 26\n  sex: 남자\n  living_with: true\n- name: 기준호\n  age: 23\n  sex: 남자\n  living_with: false\npreferences:\n  food: 떡볶이\n  food_source: text\n  hobby: 산책\n  hobby_source: text\n  culture: 임영웅 노래\n  culture_source: random\nhealth:\n  conditions:\n  - 관절염\n  medications:\n  - 아세트아미노펜\n  - 셀레콕시브\n'],T. 전북 전주시 완산구에 거주하고 있습니다.,제공된 페르소나 정보 기준 기경수 씨의 거주지: 전북 전주시 완산구.,1.0,0.4350210064587781,0.9999999999,1.0,1,P004-Q07-ADV-부분일치,ADV-부분일치,F
기경수 씨는 1996년에 결혼했다. (참/거짓),['id: P004\nuuid: ef0f45c383544135813c7de979729e88\nname: 기경수\nbirth_year: 1964\nage: 62\nsex: 남자\nresidence:\n  province: 전북\n  district: 전북-전주시 완산구\n  region_class: 지방\neducation:\n  level: 4년제 대학교\n  field: 서비스\noccupation: 무직\nfamily_type: 기타2세대\nhousing_type: 아파트\nmarriage:\n  status: 배우자있음\n  marriage_year: 1997\n  spouse_death_year: null\n  divorce_year: null\nchildren:\n- name: 기지훈\n  age: 26\n  sex: 남자\n  living_with: true\n- name: 기준호\n  age: 23\n  sex: 남자\n  living_with: false\npreferences:\n  food: 떡볶이\n  food_source: text\n  hobby: 산책\n  hobby_source: text\n  culture: 임영웅 노래\n  culture_source: random\nhealth:\n  conditions:\n  - 관절염\n  medications:\n  - 아세트아미노펜\n  - 셀레콕시브\n'],F. 기경수 씨의 결혼 연도는 1997년입니다.,제공된 페르소나 정보 기준 기경수 씨의 결혼 정보: 1997년에 결혼.,1.0,0.5884212288073618,0.9999999999,0.0,1,P004-Q08-ADV-시점근접,ADV-시점근접,F
기경수 씨의 자녀 이름은 기민수이다. (참/거짓),['id: P004\nuuid: ef0f45c383544135813c7de979729e88\nname: 기경수\nbirth_year: 1964\nage: 62\nsex: 남자\nresidence:\n  province: 전북\n  district: 전북-전주시 완산구\n  region_class: 지방\neducation:\n  level: 4년제 대학교\n  field: 서비스\noccupation: 무직\nfamily_type: 기타2세대\nhousing_type: 아파트\nmarriage:\n  status: 배우자있음\n  marriage_year: 1997\n  spouse_death_year: null\n  divorce_year: null\nchildren:\n- name: 기지훈\n  age: 26\n  sex: 남자\n  living_with: true\n- name: 기준호\n  age: 23\n  sex: 남자\n  living_with: false\npreferences:\n  food: 떡볶이\n  food_source: text\n  hobby: 산책\n  hobby_source: text\n  culture: 임영웅 노래\n  culture_source: random\nhealth:\n  conditions:\n  - 관절염\n  medications:\n  - 아세트아미노펜\n  - 셀레콕시브\n'],F. 자녀의 이름은 기지훈과 기준호입니다.,"제공된 페르소나 정보 기준 기경수 씨의 자녀 정보: 자녀 2명(기지훈, 기준호).",1.0,0.518454733693129,0.9999999999,0.0,1,P004-Q09-ADV-유사인물,ADV-유사인물,F
이강철 씨의 거주지는 어디인가요?,['id: P005\nuuid: 81fcf9ff35544fcda711ae7440638b55\nname: 이강철\nbirth_year: 1959\nage: 67\nsex: 남자\nresidence:\n  province: 서울\n  district: 서울-서초구\n  region_class: 수도권\neducation:\n  level: 고등학교\n  field: null\noccupation: 전화 상담원\nfamily_type: 배우자와 거주\nhousing_type: 아파트\nmarriage:\n  status: 배우자있음\n  marriage_year: 1989\n  spouse_death_year: null\n  divorce_year: null\nchildren:\n- name: 이기훈\n  age: 35\n  sex: 남자\n  living_with: false\npreferences:\n  food: 잡채\n  food_source: random\n  hobby: 바둑\n  hobby_source: text\n  culture: 이미자 노래\n  culture_source: random\nhealth:\n  conditions:\n  - 협심증\n  medications:\n  - 니트로글리세린\n  - 아스피린\n'],서울시 서초구에 거주하고 계십니다.,이강철 씨의 거주지: 서울 서초구.,1.0,0.5668077006423776,0.9999999999,1.0,1,P005-Q01-T-거주지,T-거주지,서울 서초구
이강철 씨의 직업은 무엇인가요?,['id: P005\nuuid: 81fcf9ff35544fcda711ae7440638b55\nname: 이강철\nbirth_year: 1959\nage: 67\nsex: 남자\nresidence:\n  province: 서울\n  district: 서울-서초구\n  region_class: 수도권\neducation:\n  level: 고등학교\n  field: null\noccupation: 전화 상담원\nfamily_type: 배우자와 거주\nhousing_type: 아파트\nmarriage:\n  status: 배우자있음\n  marriage_year: 1989\n  spouse_death_year: null\n  divorce_year: null\nchildren:\n- name: 이기훈\n  age: 35\n  sex: 남자\n  living_with: false\npreferences:\n  food: 잡채\n  food_source: random\n  hobby: 바둑\n  hobby_source: text\n  culture: 이미자 노래\n  culture_source: random\nhealth:\n  conditions:\n  - 협심증\n  medications:\n  - 니트로글리세린\n  - 아스피린\n'],이강철 씨의 직업은 전화 상담원입니다.,이강철 씨의 직업: 전화 상담원.,1.0,0.7911256527534466,0.9999999999,1.0,1,P005-Q02-T-직업,T-직업,전화 상담원
이강철 씨의 최종 학력은 무엇인가요?,['id: P005\nuuid: 81fcf9ff35544fcda711ae7440638b55\nname: 이강철\nbirth_year: 1959\nage: 67\nsex: 남자\nresidence:\n  province: 서울\n  district: 서울-서초구\n  region_class: 수도권\neducation:\n  level: 고등학교\n  field: null\noccupation: 전화 상담원\nfamily_type: 배우자와 거주\nhousing_type: 아파트\nmarriage:\n  status: 배우자있음\n  marriage_year: 1989\n  spouse_death_year: null\n  divorce_year: null\nchildren:\n- name: 이기훈\n  age: 35\n  sex: 남자\n  living_with: false\npreferences:\n  food: 잡채\n  food_source: random\n  hobby: 바둑\n  hobby_source: text\n  culture: 이미자 노래\n  culture_source: random\nhealth:\n  conditions:\n  - 협심증\n  medications:\n  - 니트로글리세린\n  - 아스피린\n'],이강철 씨의 최종 학력은 고등학교입니다.,이강철 씨의 최종 학력: 고등학교.,1.0,0.9116046100257272,0.9999999999,1.0,1,P005-Q03-T-학력,T-학력,고등학교
이강철 씨는 전북에 살고 있다. (참/거짓),['id: P005\nuuid: 81fcf9ff35544fcda711ae7440638b55\nname: 이강철\nbirth_year: 1959\nage: 67\nsex: 남자\nresidence:\n  province: 서울\n  district: 서울-서초구\n  region_class: 수도권\neducation:\n  level: 고등학교\n  field: null\noccupation: 전화 상담원\nfamily_type: 배우자와 거주\nhousing_type: 아파트\nmarriage:\n  status: 배우자있음\n  marriage_year: 1989\n  spouse_death_year: null\n  divorce_year: null\nchildren:\n- name: 이기훈\n  age: 35\n  sex: 남자\n  living_with: false\npreferences:\n  food: 잡채\n  food_source: random\n  hobby: 바둑\n  hobby_source: text\n  culture: 이미자 노래\n  culture_source: random\nhealth:\n  conditions:\n  - 협심증\n  medications:\n  - 니트로글리세린\n  - 아스피린\n'],F. 서울시 서초구에 거주하고 있습니다.,제공된 페르소나 정보 기준 이강철 씨의 거주지: 서울 서초구.,1.0,0.4925872880129192,0.9999999999,0.0,1,P005-Q04-F-반대,F-반대,F
이강철 씨의 정기 후원하는 단체의 이름은 무엇인가요?,['id: P005\nuuid: 81fcf9ff35544fcda711ae7440638b55\nname: 이강철\nbirth_year: 1959\nage: 67\nsex: 남자\nresidence:\n  province: 서울\n  district: 서울-서초구\n  region_class: 수도권\neducation:\n  level: 고등학교\n  field: null\noccupation: 전화 상담원\nfamily_type: 배우자와 거주\nhousing_type: 아파트\nmarriage:\n  status: 배우자있음\n  marriage_year: 1989\n  spouse_death_year: null\n  divorce_year: null\nchildren:\n- name: 이기훈\n  age: 35\n  sex: 남자\n  living_with: false\npreferences:\n  food: 잡채\n  food_source: random\n  hobby: 바둑\n  hobby_source: text\n  culture: 이미자 노래\n  culture_source: random\nhealth:\n  conditions:\n  - 협심증\n  medications:\n  - 니트로글리세린\n  - 아스피린\n'],정보 없음,제공된 페르소나 정보에는 이강철 씨에 대해 질문한 사실이 없습니다.,1.0,0.0,0.0,0.0,1,P005-Q05-F-비존재,F-비존재,정보 없음
이강철 씨는 1979년에 결혼했다. (참/거짓),['id: P005\nuuid: 81fcf9ff35544fcda711ae7440638b55\nname: 이강철\nbirth_year: 1959\nage: 67\nsex: 남자\nresidence:\n  province: 서울\n  district: 서울-서초구\n  region_class: 수도권\neducation:\n  level: 고등학교\n  field: null\noccupation: 전화 상담원\nfamily_type: 배우자와 거주\nhousing_type: 아파트\nmarriage:\n  status: 배우자있음\n  marriage_year: 1989\n  spouse_death_year: null\n  divorce_year: null\nchildren:\n- name: 이기훈\n  age: 35\n  sex: 남자\n  living_with: false\npreferences:\n  food: 잡채\n  food_source: random\n  hobby: 바둑\n  hobby_source: text\n  culture: 이미자 노래\n  culture_source: random\nhealth:\n  conditions:\n  - 협심증\n  medications:\n  - 니트로글리세린\n  - 아스피린\n'],F. 이강철 씨는 1989년에 결혼했습니다.,제공된 페르소나 정보 기준 이강철 씨의 결혼 정보: 1989년에 결혼.,1.0,0.4854769409288848,0.9999999999,1.0,1,P005-Q06-F-시점오류,F-시점오류,F
이강철 씨의 직업은 전화 영업원이다. (참/거짓),['id: P005\nuuid: 81fcf9ff35544fcda711ae7440638b55\nname: 이강철\nbirth_year: 1959\nage: 67\nsex: 남자\nresidence:\n  province: 서울\n  district: 서울-서초구\n  region_class: 수도권\neducation:\n  level: 고등학교\n  field: null\noccupation: 전화 상담원\nfamily_type: 배우자와 거주\nhousing_type: 아파트\nmarriage:\n  status: 배우자있음\n  marriage_year: 1989\n  spouse_death_year: null\n  divorce_year: null\nchildren:\n- name: 이기훈\n  age: 35\n  sex: 남자\n  living_with: false\npreferences:\n  food: 잡채\n  food_source: random\n  hobby: 바둑\n  hobby_source: text\n  culture: 이미자 노래\n  culture_source: random\nhealth:\n  conditions:\n  - 협심증\n  medications:\n  - 니트로글리세린\n  - 아스피린\n'],F. 이강철 씨의 직업은 전화 상담원입니다.,제공된 페르소나 정보 기준 이강철 씨의 직업: 전화 상담원.,1.0,0.7221048089367427,0.9999999999,1.0,1,P005-Q07-ADV-부분일치,ADV-부분일치,F
이강철 씨는 1988년에 결혼했다. (참/거짓),['id: P005\nuuid: 81fcf9ff35544fcda711ae7440638b55\nname: 이강철\nbirth_year: 1959\nage: 67\nsex: 남자\nresidence:\n  province: 서울\n  district: 서울-서초구\n  region_class: 수도권\neducation:\n  level: 고등학교\n  field: null\noccupation: 전화 상담원\nfamily_type: 배우자와 거주\nhousing_type: 아파트\nmarriage:\n  status: 배우자있음\n  marriage_year: 1989\n  spouse_death_year: null\n  divorce_year: null\nchildren:\n- name: 이기훈\n  age: 35\n  sex: 남자\n  living_with: false\npreferences:\n  food: 잡채\n  food_source: random\n  hobby: 바둑\n  hobby_source: text\n  culture: 이미자 노래\n  culture_source: random\nhealth:\n  conditions:\n  - 협심증\n  medications:\n  - 니트로글리세린\n  - 아스피린\n'],F. 이강철 씨는 1989년에 결혼했습니다.,제공된 페르소나 정보 기준 이강철 씨의 결혼 정보: 1989년에 결혼.,1.0,0.5106034397912129,0.9999999999,0.0,1,P005-Q08-ADV-시점근접,ADV-시점근접,F
이강철 씨의 자녀 이름은 이정우이다. (참/거짓),['id: P005\nuuid: 81fcf9ff35544fcda711ae7440638b55\nname: 이강철\nbirth_year: 1959\nage: 67\nsex: 남자\nresidence:\n  province: 서울\n  district: 서울-서초구\n  region_class: 수도권\neducation:\n  level: 고등학교\n  field: null\noccupation: 전화 상담원\nfamily_type: 배우자와 거주\nhousing_type: 아파트\nmarriage:\n  status: 배우자있음\n  marriage_year: 1989\n  spouse_death_year: null\n  divorce_year: null\nchildren:\n- name: 이기훈\n  age: 35\n  sex: 남자\n  living_with: false\npreferences:\n  food: 잡채\n  food_source: random\n  hobby: 바둑\n  hobby_source: text\n  culture: 이미자 노래\n  culture_source: random\nhealth:\n  conditions:\n  - 협심증\n  medications:\n  - 니트로글리세린\n  - 아스피린\n'],F. 자녀의 이름은 이기훈입니다.,제공된 페르소나 정보 기준 이강철 씨의 자녀 정보: 자녀 1명(이기훈).,1.0,0.5335351081514407,0.9999999999,0.0,1,P005-Q09-ADV-유사인물,ADV-유사인물,F
우동화 씨의 거주지는 어디인가요?,['id: P006\nuuid: 9a260bae731a46d79e12258904312aa4\nname: 우동화\nbirth_year: 1961\nage: 65\nsex: 여자\nresidence:\n  province: 경기\n  district: 경기-수원시 장안구\n  region_class: 수도권\neducation:\n  level: 중학교\n  field: null\noccupation: 음식 서비스 종사원\nfamily_type: 배우자와 거주\nhousing_type: 단독주택\nmarriage:\n  status: 배우자있음\n  marriage_year: 1991\n  spouse_death_year: null\n  divorce_year: null\nchildren: []\npreferences:\n  food: 김밥\n  food_source: text\n  hobby: 맛집 탐방\n  hobby_source: random\n  culture: 내셔널 지오그래픽\n  culture_source: random\nhealth:\n  conditions:\n  - 관절염\n  - 위염\n  medications:\n  - 아세트아미노펜\n  - 셀레콕시브\n  - 라베프라졸\n  - 오메프라졸\n'],경기도 수원시 장안구에 거주하고 있습니다.,우동화 씨의 거주지: 경기 수원시 장안구.,1.0,0.4884459515941161,0.9999999999,1.0,1,P006-Q01-T-거주지,T-거주지,경기 수원시 장안구
우동화 씨의 직업은 무엇인가요?,['id: P006\nuuid: 9a260bae731a46d79e12258904312aa4\nname: 우동화\nbirth_year: 1961\nage: 65\nsex: 여자\nresidence:\n  province: 경기\n  district: 경기-수원시 장안구\n  region_class: 수도권\neducation:\n  level: 중학교\n  field: null\noccupation: 음식 서비스 종사원\nfamily_type: 배우자와 거주\nhousing_type: 단독주택\nmarriage:\n  status: 배우자있음\n  marriage_year: 1991\n  spouse_death_year: null\n  divorce_year: null\nchildren: []\npreferences:\n  food: 김밥\n  food_source: text\n  hobby: 맛집 탐방\n  hobby_source: random\n  culture: 내셔널 지오그래픽\n  culture_source: random\nhealth:\n  conditions:\n  - 관절염\n  - 위염\n  medications:\n  - 아세트아미노펜\n  - 셀레콕시브\n  - 라베프라졸\n  - 오메프라졸\n'],우동화 씨의 직업은 음식 서비스 종사원입니다.,우동화 씨의 직업: 음식 서비스 종사원.,1.0,0.5489186585567053,0.9999999999,1.0,1,P006-Q02-T-직업,T-직업,음식 서비스 종사원
우동화 씨의 최종 학력은 무엇인가요?,['id: P006\nuuid: 9a260bae731a46d79e12258904312aa4\nname: 우동화\nbirth_year: 1961\nage: 65\nsex: 여자\nresidence:\n  province: 경기\n  district: 경기-수원시 장안구\n  region_class: 수도권\neducation:\n  level: 중학교\n  field: null\noccupation: 음식 서비스 종사원\nfamily_type: 배우자와 거주\nhousing_type: 단독주택\nmarriage:\n  status: 배우자있음\n  marriage_year: 1991\n  spouse_death_year: null\n  divorce_year: null\nchildren: []\npreferences:\n  food: 김밥\n  food_source: text\n  hobby: 맛집 탐방\n  hobby_source: random\n  culture: 내셔널 지오그래픽\n  culture_source: random\nhealth:\n  conditions:\n  - 관절염\n  - 위염\n  medications:\n  - 아세트아미노펜\n  - 셀레콕시브\n  - 라베프라졸\n  - 오메프라졸\n'],우동화 씨의 최종 학력은 중학교입니다.,우동화 씨의 최종 학력: 중학교.,1.0,0.902589218977228,0.9999999999,1.0,1,P006-Q03-T-학력,T-학력,중학교
우동화 씨는 전라남에 살고 있다. (참/거짓),['id: P006\nuuid: 9a260bae731a46d79e12258904312aa4\nname: 우동화\nbirth_year: 1961\nage: 65\nsex: 여자\nresidence:\n  province: 경기\n  district: 경기-수원시 장안구\n  region_class: 수도권\neducation:\n  level: 중학교\n  field: null\noccupation: 음식 서비스 종사원\nfamily_type: 배우자와 거주\nhousing_type: 단독주택\nmarriage:\n  status: 배우자있음\n  marriage_year: 1991\n  spouse_death_year: null\n  divorce_year: null\nchildren: []\npreferences:\n  food: 김밥\n  food_source: text\n  hobby: 맛집 탐방\n  hobby_source: random\n  culture: 내셔널 지오그래픽\n  culture_source: random\nhealth:\n  conditions:\n  - 관절염\n  - 위염\n  medications:\n  - 아세트아미노펜\n  - 셀레콕시브\n  - 라베프라졸\n  - 오메프라졸\n'],F. 우동화 씨는 경기-수원시 장안구에 거주하고 있습니다.,제공된 페르소나 정보 기준 우동화 씨의 거주지: 경기 수원시 장안구.,1.0,0.5809624048652251,0.9999999999,0.0,1,P006-Q04-F-반대,F-반대,F
우동화 씨의 최근 가입한 동호회의 이름은 무엇인가요?,['id: P006\nuuid: 9a260bae731a46d79e12258904312aa4\nname: 우동화\nbirth_year: 1961\nage: 65\nsex: 여자\nresidence:\n  province: 경기\n  district: 경기-수원시 장안구\n  region_class: 수도권\neducation:\n  level: 중학교\n  field: null\noccupation: 음식 서비스 종사원\nfamily_type: 배우자와 거주\nhousing_type: 단독주택\nmarriage:\n  status: 배우자있음\n  marriage_year: 1991\n  spouse_death_year: null\n  divorce_year: null\nchildren: []\npreferences:\n  food: 김밥\n  food_source: text\n  hobby: 맛집 탐방\n  hobby_source: random\n  culture: 내셔널 지오그래픽\n  culture_source: random\nhealth:\n  conditions:\n  - 관절염\n  - 위염\n  medications:\n  - 아세트아미노펜\n  - 셀레콕시브\n  - 라베프라졸\n  - 오메프라졸\n'],정보 없음,제공된 페르소나 정보에는 우동화 씨에 대해 질문한 사실이 없습니다.,1.0,0.0,0.0,0.0,1,P006-Q05-F-비존재,F-비존재,정보 없음
우동화 씨는 1976년에 결혼했다. (참/거짓),['id: P006\nuuid: 9a260bae731a46d79e12258904312aa4\nname: 우동화\nbirth_year: 1961\nage: 65\nsex: 여자\nresidence:\n  province: 경기\n  district: 경기-수원시 장안구\n  region_class: 수도권\neducation:\n  level: 중학교\n  field: null\noccupation: 음식 서비스 종사원\nfamily_type: 배우자와 거주\nhousing_type: 단독주택\nmarriage:\n  status: 배우자있음\n  marriage_year: 1991\n  spouse_death_year: null\n  divorce_year: null\nchildren: []\npreferences:\n  food: 김밥\n  food_source: text\n  hobby: 맛집 탐방\n  hobby_source: random\n  culture: 내셔널 지오그래픽\n  culture_source: random\nhealth:\n  conditions:\n  - 관절염\n  - 위염\n  medications:\n  - 아세트아미노펜\n  - 셀레콕시브\n  - 라베프라졸\n  - 오메프라졸\n'],F. 우동화 씨의 결혼 연도는 1991년입니다.,제공된 페르소나 정보 기준 우동화 씨의 결혼 정보: 1991년에 결혼.,1.0,0.550145723191085,0.9999999999,0.5,1,P006-Q06-F-시점오류,F-시점오류,F
우동화 씨의 직업은 주방 보조원이다. (참/거짓),['id: P006\nuuid: 9a260bae731a46d79e12258904312aa4\nname: 우동화\nbirth_year: 1961\nage: 65\nsex: 여자\nresidence:\n  province: 경기\n  district: 경기-수원시 장안구\n  region_class: 수도권\neducation:\n  level: 중학교\n  field: null\noccupation: 음식 서비스 종사원\nfamily_type: 배우자와 거주\nhousing_type: 단독주택\nmarriage:\n  status: 배우자있음\n  marriage_year: 1991\n  spouse_death_year: null\n  divorce_year: null\nchildren: []\npreferences:\n  food: 김밥\n  food_source: text\n  hobby: 맛집 탐방\n  hobby_source: random\n  culture: 내셔널 지오그래픽\n  culture_source: random\nhealth:\n  conditions:\n  - 관절염\n  - 위염\n  medications:\n  - 아세트아미노펜\n  - 셀레콕시브\n  - 라베프라졸\n  - 오메프라졸\n'],F. 우동화 씨의 직업은 음식 서비스 종사원입니다.,제공된 페르소나 정보 기준 우동화 씨의 직업: 음식 서비스 종사원.,1.0,0.6442671780670559,0.9999999999,0.0,1,P006-Q07-ADV-부분일치,ADV-부분일치,F
우동화 씨는 1992년에 결혼했다. (참/거짓),['id: P006\nuuid: 9a260bae731a46d79e12258904312aa4\nname: 우동화\nbirth_year: 1961\nage: 65\nsex: 여자\nresidence:\n  province: 경기\n  district: 경기-수원시 장안구\n  region_class: 수도권\neducation:\n  level: 중학교\n  field: null\noccupation: 음식 서비스 종사원\nfamily_type: 배우자와 거주\nhousing_type: 단독주택\nmarriage:\n  status: 배우자있음\n  marriage_year: 1991\n  spouse_death_year: null\n  divorce_year: null\nchildren: []\npreferences:\n  food: 김밥\n  food_source: text\n  hobby: 맛집 탐방\n  hobby_source: random\n  culture: 내셔널 지오그래픽\n  culture_source: random\nhealth:\n  conditions:\n  - 관절염\n  - 위염\n  medications:\n  - 아세트아미노펜\n  - 셀레콕시브\n  - 라베프라졸\n  - 오메프라졸\n'],F. 우동화 씨는 1991년에 결혼했습니다.,제공된 페르소나 정보 기준 우동화 씨의 결혼 정보: 1991년에 결혼.,1.0,0.553846758993911,0.9999999999,0.0,1,P006-Q08-ADV-시점근접,ADV-시점근접,F
이 사람의 이름은 우지영이다. (참/거짓),['id: P006\nuuid: 9a260bae731a46d79e12258904312aa4\nname: 우동화\nbirth_year: 1961\nage: 65\nsex: 여자\nresidence:\n  province: 경기\n  district: 경기-수원시 장안구\n  region_class: 수도권\neducation:\n  level: 중학교\n  field: null\noccupation: 음식 서비스 종사원\nfamily_type: 배우자와 거주\nhousing_type: 단독주택\nmarriage:\n  status: 배우자있음\n  marriage_year: 1991\n  spouse_death_year: null\n  divorce_year: null\nchildren: []\npreferences:\n  food: 김밥\n  food_source: text\n  hobby: 맛집 탐방\n  hobby_source: random\n  culture: 내셔널 지오그래픽\n  culture_source: random\nhealth:\n  conditions:\n  - 관절염\n  - 위염\n  medications:\n  - 아세트아미노펜\n  - 셀레콕시브\n  - 라베프라졸\n  - 오메프라졸\n'],F. 이 사람의 이름은 우동화입니다.,제공된 페르소나 정보 기준 우동화 씨의 이름: 우동화.,1.0,0.6341887709143478,0.9999999999,0.0,1,P006-Q09-ADV-유사인물,ADV-유사인물,F
권양희 씨의 거주지는 어디인가요?,['id: P007\nuuid: 0497d57aa9a64e4994ca0468f49be3f3\nname: 권양희\nbirth_year: 1963\nage: 63\nsex: 여자\nresidence:\n  province: 대구\n  district: 대구-수성구\n  region_class: 광역시\neducation:\n  level: 고등학교\n  field: null\noccupation: 무직\nfamily_type: 혼자 거주\nhousing_type: 아파트\nmarriage:\n  status: 미혼\n  marriage_year: null\n  spouse_death_year: null\n  divorce_year: null\nchildren: []\npreferences:\n  food: 떡볶이\n  food_source: random\n  hobby: 수영\n  hobby_source: random\n  culture: 옛날 영화\n  culture_source: random\nhealth:\n  conditions:\n  - 협심증\n  medications:\n  - 니트로글리세린\n  - 아스피린\n'],대구시 수성구에 거주하고 계십니다.,권양희 씨의 거주지: 대구 수성구.,1.0,0.5255126939567218,0.9999999999,1.0,1,P007-Q01-T-거주지,T-거주지,대구 수성구
권양희 씨의 직업은 무엇인가요?,['id: P007\nuuid: 0497d57aa9a64e4994ca0468f49be3f3\nname: 권양희\nbirth_year: 1963\nage: 63\nsex: 여자\nresidence:\n  province: 대구\n  district: 대구-수성구\n  region_class: 광역시\neducation:\n  level: 고등학교\n  field: null\noccupation: 무직\nfamily_type: 혼자 거주\nhousing_type: 아파트\nmarriage:\n  status: 미혼\n  marriage_year: null\n  spouse_death_year: null\n  divorce_year: null\nchildren: []\npreferences:\n  food: 떡볶이\n  food_source: random\n  hobby: 수영\n  hobby_source: random\n  culture: 옛날 영화\n  culture_source: random\nhealth:\n  conditions:\n  - 협심증\n  medications:\n  - 니트로글리세린\n  - 아스피린\n'],권양희 씨의 직업은 무직입니다.,권양희 씨의 직업: 무직.,1.0,0.9693570629721352,0.9999999999,1.0,1,P007-Q02-T-직업,T-직업,무직
권양희 씨의 최종 학력은 무엇인가요?,['id: P007\nuuid: 0497d57aa9a64e4994ca0468f49be3f3\nname: 권양희\nbirth_year: 1963\nage: 63\nsex: 여자\nresidence:\n  province: 대구\n  district: 대구-수성구\n  region_class: 광역시\neducation:\n  level: 고등학교\n  field: null\noccupation: 무직\nfamily_type: 혼자 거주\nhousing_type: 아파트\nmarriage:\n  status: 미혼\n  marriage_year: null\n  spouse_death_year: null\n  divorce_year: null\nchildren: []\npreferences:\n  food: 떡볶이\n  food_source: random\n  hobby: 수영\n  hobby_source: random\n  culture: 옛날 영화\n  culture_source: random\nhealth:\n  conditions:\n  - 협심증\n  medications:\n  - 니트로글리세린\n  - 아스피린\n'],권양희 씨의 최종 학력은 고등학교입니다.,권양희 씨의 최종 학력: 고등학교.,1.0,0.9123388194637078,0.9999999999,1.0,1,P007-Q03-T-학력,T-학력,고등학교
권양희 씨는 경상남에 살고 있다. (참/거짓),['id: P007\nuuid: 0497d57aa9a64e4994ca0468f49be3f3\nname: 권양희\nbirth_year: 1963\nage: 63\nsex: 여자\nresidence:\n  province: 대구\n  district: 대구-수성구\n  region_class: 광역시\neducation:\n  level: 고등학교\n  field: null\noccupation: 무직\nfamily_type: 혼자 거주\nhousing_type: 아파트\nmarriage:\n  status: 미혼\n  marriage_year: null\n  spouse_death_year: null\n  divorce_year: null\nchildren: []\npreferences:\n  food: 떡볶이\n  food_source: random\n  hobby: 수영\n  hobby_source: random\n  culture: 옛날 영화\n  culture_source: random\nhealth:\n  conditions:\n  - 협심증\n  medications:\n  - 니트로글리세린\n  - 아스피린\n'],F. 권양희 씨는 대구광역시 수성구에 거주하고 있습니다.,제공된 페르소나 정보 기준 권양희 씨의 거주지: 대구 수성구.,1.0,0.4849278900645448,0.9999999999,0.0,1,P007-Q04-F-반대,F-반대,F
권양희 씨의 정기 후원하는 단체의 이름은 무엇인가요?,['id: P007\nuuid: 0497d57aa9a64e4994ca0468f49be3f3\nname: 권양희\nbirth_year: 1963\nage: 63\nsex: 여자\nresidence:\n  province: 대구\n  district: 대구-수성구\n  region_class: 광역시\neducation:\n  level: 고등학교\n  field: null\noccupation: 무직\nfamily_type: 혼자 거주\nhousing_type: 아파트\nmarriage:\n  status: 미혼\n  marriage_year: null\n  spouse_death_year: null\n  divorce_year: null\nchildren: []\npreferences:\n  food: 떡볶이\n  food_source: random\n  hobby: 수영\n  hobby_source: random\n  culture: 옛날 영화\n  culture_source: random\nhealth:\n  conditions:\n  - 협심증\n  medications:\n  - 니트로글리세린\n  - 아스피린\n'],정보 없음,제공된 페르소나 정보에는 권양희 씨에 대해 질문한 사실이 없습니다.,1.0,0.0,0.0,0.0,1,P007-Q05-F-비존재,F-비존재,정보 없음
권양희 씨는 1953년에 태어났다. (참/거짓),['id: P007\nuuid: 0497d57aa9a64e4994ca0468f49be3f3\nname: 권양희\nbirth_year: 1963\nage: 63\nsex: 여자\nresidence:\n  province: 대구\n  district: 대구-수성구\n  region_class: 광역시\neducation:\n  level: 고등학교\n  field: null\noccupation: 무직\nfamily_type: 혼자 거주\nhousing_type: 아파트\nmarriage:\n  status: 미혼\n  marriage_year: null\n  spouse_death_year: null\n  divorce_year: null\nchildren: []\npreferences:\n  food: 떡볶이\n  food_source: random\n  hobby: 수영\n  hobby_source: random\n  culture: 옛날 영화\n  culture_source: random\nhealth:\n  conditions:\n  - 협심증\n  medications:\n  - 니트로글리세린\n  - 아스피린\n'],F. 권양희 씨는 1963년에 태어났습니다.,제공된 페르소나 정보 기준 권양희 씨의 해당 사실: 정보 없음.,1.0,0.824874583803095,0.9999999999,0.0,1,P007-Q06-F-시점오류,F-시점오류,F
권양희 씨는 대구 수성시에 산다. (참/거짓),['id: P007\nuuid: 0497d57aa9a64e4994ca0468f49be3f3\nname: 권양희\nbirth_year: 1963\nage: 63\nsex: 여자\nresidence:\n  province: 대구\n  district: 대구-수성구\n  region_class: 광역시\neducation:\n  level: 고등학교\n  field: null\noccupation: 무직\nfamily_type: 혼자 거주\nhousing_type: 아파트\nmarriage:\n  status: 미혼\n  marriage_year: null\n  spouse_death_year: null\n  divorce_year: null\nchildren: []\npreferences:\n  food: 떡볶이\n  food_source: random\n  hobby: 수영\n  hobby_source: random\n  culture: 옛날 영화\n  culture_source: random\nhealth:\n  conditions:\n  - 협심증\n  medications:\n  - 니트로글리세린\n  - 아스피린\n'],F. 대구광역시 수성구에 거주합니다.,제공된 페르소나 정보 기준 권양희 씨의 거주지: 대구 수성구.,0.5,0.4172412823490185,0.9999999999,1.0,1,P007-Q07-ADV-부분일치,ADV-부분일치,F
권양희 씨는 1962년에 태어났다. (참/거짓),['id: P007\nuuid: 0497d57aa9a64e4994ca0468f49be3f3\nname: 권양희\nbirth_year: 1963\nage: 63\nsex: 여자\nresidence:\n  province: 대구\n  district: 대구-수성구\n  region_class: 광역시\neducation:\n  level: 고등학교\n  field: null\noccupation: 무직\nfamily_type: 혼자 거주\nhousing_type: 아파트\nmarriage:\n  status: 미혼\n  marriage_year: null\n  spouse_death_year: null\n  divorce_year: null\nchildren: []\npreferences:\n  food: 떡볶이\n  food_source: random\n  hobby: 수영\n  hobby_source: random\n  culture: 옛날 영화\n  culture_source: random\nhealth:\n  conditions:\n  - 협심증\n  medications:\n  - 니트로글리세린\n  - 아스피린\n'],F. 권양희 씨는 1963년에 태어났습니다.,제공된 페르소나 정보 기준 권양희 씨의 해당 사실: 정보 없음.,1.0,0.8035952055962877,0.0,0.0,1,P007-Q08-ADV-시점근접,ADV-시점근접,F
이 사람의 이름은 권선영이다. (참/거짓),['id: P007\nuuid: 0497d57aa9a64e4994ca0468f49be3f3\nname: 권양희\nbirth_year: 1963\nage: 63\nsex: 여자\nresidence:\n  province: 대구\n  district: 대구-수성구\n  region_class: 광역시\neducation:\n  level: 고등학교\n  field: null\noccupation: 무직\nfamily_type: 혼자 거주\nhousing_type: 아파트\nmarriage:\n  status: 미혼\n  marriage_year: null\n  spouse_death_year: null\n  divorce_year: null\nchildren: []\npreferences:\n  food: 떡볶이\n  food_source: random\n  hobby: 수영\n  hobby_source: random\n  culture: 옛날 영화\n  culture_source: random\nhealth:\n  conditions:\n  - 협심증\n  medications:\n  - 니트로글리세린\n  - 아스피린\n'],F. 이 사람의 이름은 권양희입니다.,제공된 페르소나 정보 기준 권양희 씨의 이름: 권양희.,1.0,0.621917265541751,0.0,0.0,1,P007-Q09-ADV-유사인물,ADV-유사인물,F
이미숙 씨의 거주지는 어디인가요?,['id: P008\nuuid: 43a635b2a4114071a8acdc53961b68f2\nname: 이미숙\nbirth_year: 1964\nage: 62\nsex: 여자\nresidence:\n  province: 서울\n  district: 서울-노원구\n  region_class: 수도권\neducation:\n  level: 중학교\n  field: null\noccupation: 무직\nfamily_type: 배우자·자녀와 거주\nhousing_type: 다세대주택\nmarriage:\n  status: 배우자있음\n  marriage_year: 1997\n  spouse_death_year: null\n  divorce_year: null\nchildren:\n- name: 이병철\n  age: 28\n  sex: 남자\n  living_with: true\npreferences:\n  food: 잡채\n  food_source: text\n  hobby: 화투\n  hobby_source: random\n  culture: 조용필 노래\n  culture_source: random\nhealth:\n  conditions:\n  - 협심증\n  - 고혈압\n  medications:\n  - 니트로글리세린\n  - 아스피린\n  - 암로디핀\n  - 로사르탄\n'],이미숙 씨는 서울시 노원구에 거주하고 있습니다.,이미숙 씨의 거주지: 서울 노원구.,1.0,0.6109112399299239,0.9999999999,1.0,1,P008-Q01-T-거주지,T-거주지,서울 노원구
이미숙 씨의 직업은 무엇인가요?,['id: P008\nuuid: 43a635b2a4114071a8acdc53961b68f2\nname: 이미숙\nbirth_year: 1964\nage: 62\nsex: 여자\nresidence:\n  province: 서울\n  district: 서울-노원구\n  region_class: 수도권\neducation:\n  level: 중학교\n  field: null\noccupation: 무직\nfamily_type: 배우자·자녀와 거주\nhousing_type: 다세대주택\nmarriage:\n  status: 배우자있음\n  marriage_year: 1997\n  spouse_death_year: null\n  divorce_year: null\nchildren:\n- name: 이병철\n  age: 28\n  sex: 남자\n  living_with: true\npreferences:\n  food: 잡채\n  food_source: text\n  hobby: 화투\n  hobby_source: random\n  culture: 조용필 노래\n  culture_source: random\nhealth:\n  conditions:\n  - 협심증\n  - 고혈압\n  medications:\n  - 니트로글리세린\n  - 아스피린\n  - 암로디핀\n  - 로사르탄\n'],이미숙 씨의 직업은 무직입니다.,이미숙 씨의 직업: 무직.,1.0,0.6971193159523069,0.9999999999,1.0,1,P008-Q02-T-직업,T-직업,무직
이미숙 씨의 최종 학력은 무엇인가요?,['id: P008\nuuid: 43a635b2a4114071a8acdc53961b68f2\nname: 이미숙\nbirth_year: 1964\nage: 62\nsex: 여자\nresidence:\n  province: 서울\n  district: 서울-노원구\n  region_class: 수도권\neducation:\n  level: 중학교\n  field: null\noccupation: 무직\nfamily_type: 배우자·자녀와 거주\nhousing_type: 다세대주택\nmarriage:\n  status: 배우자있음\n  marriage_year: 1997\n  spouse_death_year: null\n  divorce_year: null\nchildren:\n- name: 이병철\n  age: 28\n  sex: 남자\n  living_with: true\npreferences:\n  food: 잡채\n  food_source: text\n  hobby: 화투\n  hobby_source: random\n  culture: 조용필 노래\n  culture_source: random\nhealth:\n  conditions:\n  - 협심증\n  - 고혈압\n  medications:\n  - 니트로글리세린\n  - 아스피린\n  - 암로디핀\n  - 로사르탄\n'],이미숙 씨의 최종 학력은 중학교입니다.,이미숙 씨의 최종 학력: 중학교.,1.0,0.6978276941839073,0.9999999999,1.0,1,P008-Q03-T-학력,T-학력,중학교
이미숙 씨는 강원에 살고 있다. (참/거짓),['id: P008\nuuid: 43a635b2a4114071a8acdc53961b68f2\nname: 이미숙\nbirth_year: 1964\nage: 62\nsex: 여자\nresidence:\n  province: 서울\n  district: 서울-노원구\n  region_class: 수도권\neducation:\n  level: 중학교\n  field: null\noccupation: 무직\nfamily_type: 배우자·자녀와 거주\nhousing_type: 다세대주택\nmarriage:\n  status: 배우자있음\n  marriage_year: 1997\n  spouse_death_year: null\n  divorce_year: null\nchildren:\n- name: 이병철\n  age: 28\n  sex: 남자\n  living_with: true\npreferences:\n  food: 잡채\n  food_source: text\n  hobby: 화투\n  hobby_source: random\n  culture: 조용필 노래\n  culture_source: random\nhealth:\n  conditions:\n  - 협심증\n  - 고혈압\n  medications:\n  - 니트로글리세린\n  - 아스피린\n  - 암로디핀\n  - 로사르탄\n'],F. 이미숙 씨는 서울시 노원구에 거주하고 있습니다.,제공된 페르소나 정보 기준 이미숙 씨의 거주지: 서울 노원구.,1.0,0.7562023509473085,0.9999999999,0.0,1,P008-Q04-F-반대,F-반대,F
이미숙 씨의 반려동물의 이름은 무엇인가요?,['id: P008\nuuid: 43a635b2a4114071a8acdc53961b68f2\nname: 이미숙\nbirth_year: 1964\nage: 62\nsex: 여자\nresidence:\n  province: 서울\n  district: 서울-노원구\n  region_class: 수도권\neducation:\n  level: 중학교\n  field: null\noccupation: 무직\nfamily_type: 배우자·자녀와 거주\nhousing_type: 다세대주택\nmarriage:\n  status: 배우자있음\n  marriage_year: 1997\n  spouse_death_year: null\n  divorce_year: null\nchildren:\n- name: 이병철\n  age: 28\n  sex: 남자\n  living_with: true\npreferences:\n  food: 잡채\n  food_source: text\n  hobby: 화투\n  hobby_source: random\n  culture: 조용필 노래\n  culture_source: random\nhealth:\n  conditions:\n  - 협심증\n  - 고혈압\n  medications:\n  - 니트로글리세린\n  - 아스피린\n  - 암로디핀\n  - 로사르탄\n'],정보 없음,제공된 페르소나 정보에는 이미숙 씨에 대해 질문한 사실이 없습니다.,1.0,0.0,0.0,0.0,1,P008-Q05-F-비존재,F-비존재,정보 없음
이미숙 씨는 2012년에 결혼했다. (참/거짓),['id: P008\nuuid: 43a635b2a4114071a8acdc53961b68f2\nname: 이미숙\nbirth_year: 1964\nage: 62\nsex: 여자\nresidence:\n  province: 서울\n  district: 서울-노원구\n  region_class: 수도권\neducation:\n  level: 중학교\n  field: null\noccupation: 무직\nfamily_type: 배우자·자녀와 거주\nhousing_type: 다세대주택\nmarriage:\n  status: 배우자있음\n  marriage_year: 1997\n  spouse_death_year: null\n  divorce_year: null\nchildren:\n- name: 이병철\n  age: 28\n  sex: 남자\n  living_with: true\npreferences:\n  food: 잡채\n  food_source: text\n  hobby: 화투\n  hobby_source: random\n  culture: 조용필 노래\n  culture_source: random\nhealth:\n  conditions:\n  - 협심증\n  - 고혈압\n  medications:\n  - 니트로글리세린\n  - 아스피린\n  - 암로디핀\n  - 로사르탄\n'],F. 이미숙 씨는 1997년에 결혼했습니다.,제공된 페르소나 정보 기준 이미숙 씨의 결혼 정보: 1997년에 결혼.,1.0,0.7790494180469413,0.9999999999,1.0,1,P008-Q06-F-시점오류,F-시점오류,F
이미숙 씨는 서울 노원시에 산다. (참/거짓),['id: P008\nuuid: 43a635b2a4114071a8acdc53961b68f2\nname: 이미숙\nbirth_year: 1964\nage: 62\nsex: 여자\nresidence:\n  province: 서울\n  district: 서울-노원구\n  region_class: 수도권\neducation:\n  level: 중학교\n  field: null\noccupation: 무직\nfamily_type: 배우자·자녀와 거주\nhousing_type: 다세대주택\nmarriage:\n  status: 배우자있음\n  marriage_year: 1997\n  spouse_death_year: null\n  divorce_year: null\nchildren:\n- name: 이병철\n  age: 28\n  sex: 남자\n  living_with: true\npreferences:\n  food: 잡채\n  food_source: text\n  hobby: 화투\n  hobby_source: random\n  culture: 조용필 노래\n  culture_source: random\nhealth:\n  conditions:\n  - 협심증\n  - 고혈압\n  medications:\n  - 니트로글리세린\n  - 아스피린\n  - 암로디핀\n  - 로사르탄\n'],F. 이미숙 씨는 서울특별시 노원구에 거주합니다.,제공된 페르소나 정보 기준 이미숙 씨의 거주지: 서울 노원구.,0.5,0.7225121532583927,0.9999999999,1.0,1,P008-Q07-ADV-부분일치,ADV-부분일치,F
이미숙 씨는 1996년에 결혼했다. (참/거짓),['id: P008\nuuid: 43a635b2a4114071a8acdc53961b68f2\nname: 이미숙\nbirth_year: 1964\nage: 62\nsex: 여자\nresidence:\n  province: 서울\n  district: 서울-노원구\n  region_class: 수도권\neducation:\n  level: 중학교\n  field: null\noccupation: 무직\nfamily_type: 배우자·자녀와 거주\nhousing_type: 다세대주택\nmarriage:\n  status: 배우자있음\n  marriage_year: 1997\n  spouse_death_year: null\n  divorce_year: null\nchildren:\n- name: 이병철\n  age: 28\n  sex: 남자\n  living_with: true\npreferences:\n  food: 잡채\n  food_source: text\n  hobby: 화투\n  hobby_source: random\n  culture: 조용필 노래\n  culture_source: random\nhealth:\n  conditions:\n  - 협심증\n  - 고혈압\n  medications:\n  - 니트로글리세린\n  - 아스피린\n  - 암로디핀\n  - 로사르탄\n'],F. 이미숙 씨는 1997년에 결혼했습니다.,제공된 페르소나 정보 기준 이미숙 씨의 결혼 정보: 1997년에 결혼.,1.0,0.7870495352985168,0.9999999999,0.0,1,P008-Q08-ADV-시점근접,ADV-시점근접,F
이미숙 씨의 자녀 이름은 이준호이다. (참/거짓),['id: P008\nuuid: 43a635b2a4114071a8acdc53961b68f2\nname: 이미숙\nbirth_year: 1964\nage: 62\nsex: 여자\nresidence:\n  province: 서울\n  district: 서울-노원구\n  region_class: 수도권\neducation:\n  level: 중학교\n  field: null\noccupation: 무직\nfamily_type: 배우자·자녀와 거주\nhousing_type: 다세대주택\nmarriage:\n  status: 배우자있음\n  marriage_year: 1997\n  spouse_death_year: null\n  divorce_year: null\nchildren:\n- name: 이병철\n  age: 28\n  sex: 남자\n  living_with: true\npreferences:\n  food: 잡채\n  food_source: text\n  hobby: 화투\n  hobby_source: random\n  culture: 조용필 노래\n  culture_source: random\nhealth:\n  conditions:\n  - 협심증\n  - 고혈압\n  medications:\n  - 니트로글리세린\n  - 아스피린\n  - 암로디핀\n  - 로사르탄\n'],F. 자녀의 이름은 이병철입니다.,제공된 페르소나 정보 기준 이미숙 씨의 자녀 정보: 자녀 1명(이병철).,1.0,0.5347831291122476,0.9999999999,0.0,1,P008-Q09-ADV-유사인물,ADV-유사인물,F
이진숙 씨의 거주지는 어디인가요?,['id: P009\nuuid: 8685e600502f463d8921e6e681ddc431\nname: 이진숙\nbirth_year: 1961\nage: 65\nsex: 여자\nresidence:\n  province: 경기\n  district: 경기-광명시\n  region_class: 수도권\neducation:\n  level: 중학교\n  field: null\noccupation: 요양 보호사\nfamily_type: 배우자와 거주\nhousing_type: 주택 이외의 거처\nmarriage:\n  status: 배우자있음\n  marriage_year: 1991\n  spouse_death_year: null\n  divorce_year: null\nchildren:\n- name: 이수정\n  age: 32\n  sex: 여자\n  living_with: false\npreferences:\n  food: 비빔밥\n  food_source: text\n  hobby: 등산\n  hobby_source: text\n  culture: 트로트\n  culture_source: random\nhealth:\n  conditions:\n  - 관절염\n  - 위염\n  medications:\n  - 아세트아미노펜\n  - 셀레콕시브\n  - 라베프라졸\n  - 오메프라졸\n'],경기도 광명시입니다.,이진숙 씨의 거주지: 경기 광명시.,1.0,0.5082323492926396,0.9999999999,1.0,1,P009-Q01-T-거주지,T-거주지,경기 광명시
이진숙 씨의 직업은 무엇인가요?,['id: P009\nuuid: 8685e600502f463d8921e6e681ddc431\nname: 이진숙\nbirth_year: 1961\nage: 65\nsex: 여자\nresidence:\n  province: 경기\n  district: 경기-광명시\n  region_class: 수도권\neducation:\n  level: 중학교\n  field: null\noccupation: 요양 보호사\nfamily_type: 배우자와 거주\nhousing_type: 주택 이외의 거처\nmarriage:\n  status: 배우자있음\n  marriage_year: 1991\n  spouse_death_year: null\n  divorce_year: null\nchildren:\n- name: 이수정\n  age: 32\n  sex: 여자\n  living_with: false\npreferences:\n  food: 비빔밥\n  food_source: text\n  hobby: 등산\n  hobby_source: text\n  culture: 트로트\n  culture_source: random\nhealth:\n  conditions:\n  - 관절염\n  - 위염\n  medications:\n  - 아세트아미노펜\n  - 셀레콕시브\n  - 라베프라졸\n  - 오메프라졸\n'],이진숙 씨의 직업은 요양 보호사입니다.,이진숙 씨의 직업: 요양 보호사.,1.0,0.9672280113972804,0.9999999999,1.0,1,P009-Q02-T-직업,T-직업,요양 보호사
이진숙 씨의 최종 학력은 무엇인가요?,['id: P009\nuuid: 8685e600502f463d8921e6e681ddc431\nname: 이진숙\nbirth_year: 1961\nage: 65\nsex: 여자\nresidence:\n  province: 경기\n  district: 경기-광명시\n  region_class: 수도권\neducation:\n  level: 중학교\n  field: null\noccupation: 요양 보호사\nfamily_type: 배우자와 거주\nhousing_type: 주택 이외의 거처\nmarriage:\n  status: 배우자있음\n  marriage_year: 1991\n  spouse_death_year: null\n  divorce_year: null\nchildren:\n- name: 이수정\n  age: 32\n  sex: 여자\n  living_with: false\npreferences:\n  food: 비빔밥\n  food_source: text\n  hobby: 등산\n  hobby_source: text\n  culture: 트로트\n  culture_source: random\nhealth:\n  conditions:\n  - 관절염\n  - 위염\n  medications:\n  - 아세트아미노펜\n  - 셀레콕시브\n  - 라베프라졸\n  - 오메프라졸\n'],이진숙 씨의 최종 학력은 중학교입니다.,이진숙 씨의 최종 학력: 중학교.,1.0,0.9089092464707642,0.9999999999,1.0,1,P009-Q03-T-학력,T-학력,중학교
이진숙 씨는 경상북에 살고 있다. (참/거짓),['id: P009\nuuid: 8685e600502f463d8921e6e681ddc431\nname: 이진숙\nbirth_year: 1961\nage: 65\nsex: 여자\nresidence:\n  province: 경기\n  district: 경기-광명시\n  region_class: 수도권\neducation:\n  level: 중학교\n  field: null\noccupation: 요양 보호사\nfamily_type: 배우자와 거주\nhousing_type: 주택 이외의 거처\nmarriage:\n  status: 배우자있음\n  marriage_year: 1991\n  spouse_death_year: null\n  divorce_year: null\nchildren:\n- name: 이수정\n  age: 32\n  sex: 여자\n  living_with: false\npreferences:\n  food: 비빔밥\n  food_source: text\n  hobby: 등산\n  hobby_source: text\n  culture: 트로트\n  culture_source: random\nhealth:\n  conditions:\n  - 관절염\n  - 위염\n  medications:\n  - 아세트아미노펜\n  - 셀레콕시브\n  - 라베프라졸\n  - 오메프라졸\n'],F. 이진숙 씨는 경기-광명시에 거주하고 있습니다.,제공된 페르소나 정보 기준 이진숙 씨의 거주지: 경기 광명시.,1.0,0.7595514070533634,0.9999999999,0.5,1,P009-Q04-F-반대,F-반대,F
이진숙 씨의 반려동물의 이름은 무엇인가요?,['id: P009\nuuid: 8685e600502f463d8921e6e681ddc431\nname: 이진숙\nbirth_year: 1961\nage: 65\nsex: 여자\nresidence:\n  province: 경기\n  district: 경기-광명시\n  region_class: 수도권\neducation:\n  level: 중학교\n  field: null\noccupation: 요양 보호사\nfamily_type: 배우자와 거주\nhousing_type: 주택 이외의 거처\nmarriage:\n  status: 배우자있음\n  marriage_year: 1991\n  spouse_death_year: null\n  divorce_year: null\nchildren:\n- name: 이수정\n  age: 32\n  sex: 여자\n  living_with: false\npreferences:\n  food: 비빔밥\n  food_source: text\n  hobby: 등산\n  hobby_source: text\n  culture: 트로트\n  culture_source: random\nhealth:\n  conditions:\n  - 관절염\n  - 위염\n  medications:\n  - 아세트아미노펜\n  - 셀레콕시브\n  - 라베프라졸\n  - 오메프라졸\n'],정보 없음,제공된 페르소나 정보에는 이진숙 씨에 대해 질문한 사실이 없습니다.,1.0,0.0,0.0,0.0,1,P009-Q05-F-비존재,F-비존재,정보 없음
이진숙 씨는 1976년에 결혼했다. (참/거짓),['id: P009\nuuid: 8685e600502f463d8921e6e681ddc431\nname: 이진숙\nbirth_year: 1961\nage: 65\nsex: 여자\nresidence:\n  province: 경기\n  district: 경기-광명시\n  region_class: 수도권\neducation:\n  level: 중학교\n  field: null\noccupation: 요양 보호사\nfamily_type: 배우자와 거주\nhousing_type: 주택 이외의 거처\nmarriage:\n  status: 배우자있음\n  marriage_year: 1991\n  spouse_death_year: null\n  divorce_year: null\nchildren:\n- name: 이수정\n  age: 32\n  sex: 여자\n  living_with: false\npreferences:\n  food: 비빔밥\n  food_source: text\n  hobby: 등산\n  hobby_source: text\n  culture: 트로트\n  culture_source: random\nhealth:\n  conditions:\n  - 관절염\n  - 위염\n  medications:\n  - 아세트아미노펜\n  - 셀레콕시브\n  - 라베프라졸\n  - 오메프라졸\n'],F. 이진숙 씨는 1991년에 결혼했습니다.,제공된 페르소나 정보 기준 이진숙 씨의 결혼 정보: 1991년에 결혼.,1.0,0.4871514111348791,0.9999999999,1.0,1,P009-Q06-F-시점오류,F-시점오류,F
이진숙 씨의 직업은 요양 시설 청소원이다. (참/거짓),['id: P009\nuuid: 8685e600502f463d8921e6e681ddc431\nname: 이진숙\nbirth_year: 1961\nage: 65\nsex: 여자\nresidence:\n  province: 경기\n  district: 경기-광명시\n  region_class: 수도권\neducation:\n  level: 중학교\n  field: null\noccupation: 요양 보호사\nfamily_type: 배우자와 거주\nhousing_type: 주택 이외의 거처\nmarriage:\n  status: 배우자있음\n  marriage_year: 1991\n  spouse_death_year: null\n  divorce_year: null\nchildren:\n- name: 이수정\n  age: 32\n  sex: 여자\n  living_with: false\npreferences:\n  food: 비빔밥\n  food_source: text\n  hobby: 등산\n  hobby_source: text\n  culture: 트로트\n  culture_source: random\nhealth:\n  conditions:\n  - 관절염\n  - 위염\n  medications:\n  - 아세트아미노펜\n  - 셀레콕시브\n  - 라베프라졸\n  - 오메프라졸\n'],F. 이진숙 씨의 직업은 요양 보호사입니다.,제공된 페르소나 정보 기준 이진숙 씨의 직업: 요양 보호사.,1.0,0.6688223179966499,0.9999999999,1.0,1,P009-Q07-ADV-부분일치,ADV-부분일치,F
이진숙 씨는 1992년에 결혼했다. (참/거짓),['id: P009\nuuid: 8685e600502f463d8921e6e681ddc431\nname: 이진숙\nbirth_year: 1961\nage: 65\nsex: 여자\nresidence:\n  province: 경기\n  district: 경기-광명시\n  region_class: 수도권\neducation:\n  level: 중학교\n  field: null\noccupation: 요양 보호사\nfamily_type: 배우자와 거주\nhousing_type: 주택 이외의 거처\nmarriage:\n  status: 배우자있음\n  marriage_year: 1991\n  spouse_death_year: null\n  divorce_year: null\nchildren:\n- name: 이수정\n  age: 32\n  sex: 여자\n  living_with: false\npreferences:\n  food: 비빔밥\n  food_source: text\n  hobby: 등산\n  hobby_source: text\n  culture: 트로트\n  culture_source: random\nhealth:\n  conditions:\n  - 관절염\n  - 위염\n  medications:\n  - 아세트아미노펜\n  - 셀레콕시브\n  - 라베프라졸\n  - 오메프라졸\n'],F. 이진숙 씨의 결혼 연도는 1991년입니다.,제공된 페르소나 정보 기준 이진숙 씨의 결혼 정보: 1991년에 결혼.,1.0,0.5826730508595332,0.9999999999,0.0,1,P009-Q08-ADV-시점근접,ADV-시점근접,F
이진숙 씨의 자녀 이름은 이은영이다. (참/거짓),['id: P009\nuuid: 8685e600502f463d8921e6e681ddc431\nname: 이진숙\nbirth_year: 1961\nage: 65\nsex: 여자\nresidence:\n  province: 경기\n  district: 경기-광명시\n  region_class: 수도권\neducation:\n  level: 중학교\n  field: null\noccupation: 요양 보호사\nfamily_type: 배우자와 거주\nhousing_type: 주택 이외의 거처\nmarriage:\n  status: 배우자있음\n  marriage_year: 1991\n  spouse_death_year: null\n  divorce_year: null\nchildren:\n- name: 이수정\n  age: 32\n  sex: 여자\n  living_with: false\npreferences:\n  food: 비빔밥\n  food_source: text\n  hobby: 등산\n  hobby_source: text\n  culture: 트로트\n  culture_source: random\nhealth:\n  conditions:\n  - 관절염\n  - 위염\n  medications:\n  - 아세트아미노펜\n  - 셀레콕시브\n  - 라베프라졸\n  - 오메프라졸\n'],F. 자녀의 이름은 이수정입니다.,제공된 페르소나 정보 기준 이진숙 씨의 자녀 정보: 자녀 1명(이수정).,1.0,0.5417045680904878,0.9999999999,0.5,1,P009-Q09-ADV-유사인물,ADV-유사인물,F
오양순 씨의 거주지는 어디인가요?,['id: P010\nuuid: 2cabd6dfddfa4a3fadd74a89aa249601\nname: 오양순\nbirth_year: 1964\nage: 62\nsex: 여자\nresidence:\n  province: 서울\n  district: 서울-중랑구\n  region_class: 수도권\neducation:\n  level: 중학교\n  field: null\noccupation: 무직\nfamily_type: 배우자와 거주\nhousing_type: 다세대주택\nmarriage:\n  status: 배우자있음\n  marriage_year: 1992\n  spouse_death_year: null\n  divorce_year: null\nchildren:\n- name: 오은영\n  age: 33\n  sex: 여자\n  living_with: false\n- name: 오민수\n  age: 31\n  sex: 남자\n  living_with: false\n- name: 오수진\n  age: 29\n  sex: 여자\n  living_with: false\npreferences:\n  food: 곰탕\n  food_source: random\n  hobby: 산책\n  hobby_source: text\n  culture: 임영웅 노래\n  culture_source: random\nhealth:\n  conditions:\n  - 백내장\n  medications: []\n'],서울시 중랑구에 거주하고 계십니다.,오양순 씨의 거주지: 서울 중랑구.,1.0,0.5538910226406085,0.9999999999,1.0,1,P010-Q01-T-거주지,T-거주지,서울 중랑구
오양순 씨의 직업은 무엇인가요?,['id: P010\nuuid: 2cabd6dfddfa4a3fadd74a89aa249601\nname: 오양순\nbirth_year: 1964\nage: 62\nsex: 여자\nresidence:\n  province: 서울\n  district: 서울-중랑구\n  region_class: 수도권\neducation:\n  level: 중학교\n  field: null\noccupation: 무직\nfamily_type: 배우자와 거주\nhousing_type: 다세대주택\nmarriage:\n  status: 배우자있음\n  marriage_year: 1992\n  spouse_death_year: null\n  divorce_year: null\nchildren:\n- name: 오은영\n  age: 33\n  sex: 여자\n  living_with: false\n- name: 오민수\n  age: 31\n  sex: 남자\n  living_with: false\n- name: 오수진\n  age: 29\n  sex: 여자\n  living_with: false\npreferences:\n  food: 곰탕\n  food_source: random\n  hobby: 산책\n  hobby_source: text\n  culture: 임영웅 노래\n  culture_source: random\nhealth:\n  conditions:\n  - 백내장\n  medications: []\n'],오양순 씨의 직업은 무직입니다.,오양순 씨의 직업: 무직.,1.0,0.9659338289393958,0.9999999999,1.0,1,P010-Q02-T-직업,T-직업,무직
오양순 씨의 최종 학력은 무엇인가요?,['id: P010\nuuid: 2cabd6dfddfa4a3fadd74a89aa249601\nname: 오양순\nbirth_year: 1964\nage: 62\nsex: 여자\nresidence:\n  province: 서울\n  district: 서울-중랑구\n  region_class: 수도권\neducation:\n  level: 중학교\n  field: null\noccupation: 무직\nfamily_type: 배우자와 거주\nhousing_type: 다세대주택\nmarriage:\n  status: 배우자있음\n  marriage_year: 1992\n  spouse_death_year: null\n  divorce_year: null\nchildren:\n- name: 오은영\n  age: 33\n  sex: 여자\n  living_with: false\n- name: 오민수\n  age: 31\n  sex: 남자\n  living_with: false\n- name: 오수진\n  age: 29\n  sex: 여자\n  living_with: false\npreferences:\n  food: 곰탕\n  food_source: random\n  hobby: 산책\n  hobby_source: text\n  culture: 임영웅 노래\n  culture_source: random\nhealth:\n  conditions:\n  - 백내장\n  medications: []\n'],오양순 씨의 최종 학력은 중학교입니다.,오양순 씨의 최종 학력: 중학교.,1.0,0.9011338358656324,0.9999999999,1.0,1,P010-Q03-T-학력,T-학력,중학교
오양순 씨는 전북에 살고 있다. (참/거짓),['id: P010\nuuid: 2cabd6dfddfa4a3fadd74a89aa249601\nname: 오양순\nbirth_year: 1964\nage: 62\nsex: 여자\nresidence:\n  province: 서울\n  district: 서울-중랑구\n  region_class: 수도권\neducation:\n  level: 중학교\n  field: null\noccupation: 무직\nfamily_type: 배우자와 거주\nhousing_type: 다세대주택\nmarriage:\n  status: 배우자있음\n  marriage_year: 1992\n  spouse_death_year: null\n  divorce_year: null\nchildren:\n- name: 오은영\n  age: 33\n  sex: 여자\n  living_with: false\n- name: 오민수\n  age: 31\n  sex: 남자\n  living_with: false\n- name: 오수진\n  age: 29\n  sex: 여자\n  living_with: false\npreferences:\n  food: 곰탕\n  food_source: random\n  hobby: 산책\n  hobby_source: text\n  culture: 임영웅 노래\n  culture_source: random\nhealth:\n  conditions:\n  - 백내장\n  medications: []\n'],F. 서울시 중랑구에 거주하고 있습니다.,제공된 페르소나 정보 기준 오양순 씨의 거주지: 서울 중랑구.,1.0,0.4925994123375343,0.0,0.0,1,P010-Q04-F-반대,F-반대,F
오양순 씨의 최근 가입한 동호회의 이름은 무엇인가요?,['id: P010\nuuid: 2cabd6dfddfa4a3fadd74a89aa249601\nname: 오양순\nbirth_year: 1964\nage: 62\nsex: 여자\nresidence:\n  province: 서울\n  district: 서울-중랑구\n  region_class: 수도권\neducation:\n  level: 중학교\n  field: null\noccupation: 무직\nfamily_type: 배우자와 거주\nhousing_type: 다세대주택\nmarriage:\n  status: 배우자있음\n  marriage_year: 1992\n  spouse_death_year: null\n  divorce_year: null\nchildren:\n- name: 오은영\n  age: 33\n  sex: 여자\n  living_with: false\n- name: 오민수\n  age: 31\n  sex: 남자\n  living_with: false\n- name: 오수진\n  age: 29\n  sex: 여자\n  living_with: false\npreferences:\n  food: 곰탕\n  food_source: random\n  hobby: 산책\n  hobby_source: text\n  culture: 임영웅 노래\n  culture_source: random\nhealth:\n  conditions:\n  - 백내장\n  medications: []\n'],정보 없음,제공된 페르소나 정보에는 오양순 씨에 대해 질문한 사실이 없습니다.,1.0,0.0,0.0,0.0,1,P010-Q05-F-비존재,F-비존재,정보 없음
오양순 씨는 2002년에 결혼했다. (참/거짓),['id: P010\nuuid: 2cabd6dfddfa4a3fadd74a89aa249601\nname: 오양순\nbirth_year: 1964\nage: 62\nsex: 여자\nresidence:\n  province: 서울\n  district: 서울-중랑구\n  region_class: 수도권\neducation:\n  level: 중학교\n  field: null\noccupation: 무직\nfamily_type: 배우자와 거주\nhousing_type: 다세대주택\nmarriage:\n  status: 배우자있음\n  marriage_year: 1992\n  spouse_death_year: null\n  divorce_year: null\nchildren:\n- name: 오은영\n  age: 33\n  sex: 여자\n  living_with: false\n- name: 오민수\n  age: 31\n  sex: 남자\n  living_with: false\n- name: 오수진\n  age: 29\n  sex: 여자\n  living_with: false\npreferences:\n  food: 곰탕\n  food_source: random\n  hobby: 산책\n  hobby_source: text\n  culture: 임영웅 노래\n  culture_source: random\nhealth:\n  conditions:\n  - 백내장\n  medications: []\n'],F. 오양순 씨는 1992년에 결혼했습니다.,제공된 페르소나 정보 기준 오양순 씨의 결혼 정보: 1992년에 결혼.,1.0,0.6292522525160483,0.9999999999,1.0,1,P010-Q06-F-시점오류,F-시점오류,F
오양순 씨는 서울 중랑시에 산다. (참/거짓),['id: P010\nuuid: 2cabd6dfddfa4a3fadd74a89aa249601\nname: 오양순\nbirth_year: 1964\nage: 62\nsex: 여자\nresidence:\n  province: 서울\n  district: 서울-중랑구\n  region_class: 수도권\neducation:\n  level: 중학교\n  field: null\noccupation: 무직\nfamily_type: 배우자와 거주\nhousing_type: 다세대주택\nmarriage:\n  status: 배우자있음\n  marriage_year: 1992\n  spouse_death_year: null\n  divorce_year: null\nchildren:\n- name: 오은영\n  age: 33\n  sex: 여자\n  living_with: false\n- name: 오민수\n  age: 31\n  sex: 남자\n  living_with: false\n- name: 오수진\n  age: 29\n  sex: 여자\n  living_with: false\npreferences:\n  food: 곰탕\n  food_source: random\n  hobby: 산책\n  hobby_source: text\n  culture: 임영웅 노래\n  culture_source: random\nhealth:\n  conditions:\n  - 백내장\n  medications: []\n'],F. 서울시 중랑구에 거주합니다.,제공된 페르소나 정보 기준 오양순 씨의 거주지: 서울 중랑구.,0.5,0.4696609929821965,0.9999999999,1.0,1,P010-Q07-ADV-부분일치,ADV-부분일치,F
오양순 씨는 1993년에 결혼했다. (참/거짓),['id: P010\nuuid: 2cabd6dfddfa4a3fadd74a89aa249601\nname: 오양순\nbirth_year: 1964\nage: 62\nsex: 여자\nresidence:\n  province: 서울\n  district: 서울-중랑구\n  region_class: 수도권\neducation:\n  level: 중학교\n  field: null\noccupation: 무직\nfamily_type: 배우자와 거주\nhousing_type: 다세대주택\nmarriage:\n  status: 배우자있음\n  marriage_year: 1992\n  spouse_death_year: null\n  divorce_year: null\nchildren:\n- name: 오은영\n  age: 33\n  sex: 여자\n  living_with: false\n- name: 오민수\n  age: 31\n  sex: 남자\n  living_with: false\n- name: 오수진\n  age: 29\n  sex: 여자\n  living_with: false\npreferences:\n  food: 곰탕\n  food_source: random\n  hobby: 산책\n  hobby_source: text\n  culture: 임영웅 노래\n  culture_source: random\nhealth:\n  conditions:\n  - 백내장\n  medications: []\n'],F. 오양순 씨는 1992년에 결혼했습니다.,제공된 페르소나 정보 기준 오양순 씨의 결혼 정보: 1992년에 결혼.,1.0,0.6407018519687689,0.9999999999,1.0,1,P010-Q08-ADV-시점근접,ADV-시점근접,F
오양순 씨의 자녀 이름은 오미경이다. (참/거짓),['id: P010\nuuid: 2cabd6dfddfa4a3fadd74a89aa249601\nname: 오양순\nbirth_year: 1964\nage: 62\nsex: 여자\nresidence:\n  province: 서울\n  district: 서울-중랑구\n  region_class: 수도권\neducation:\n  level: 중학교\n  field: null\noccupation: 무직\nfamily_type: 배우자와 거주\nhousing_type: 다세대주택\nmarriage:\n  status: 배우자있음\n  marriage_year: 1992\n  spouse_death_year: null\n  divorce_year: null\nchildren:\n- name: 오은영\n  age: 33\n  sex: 여자\n  living_with: false\n- name: 오민수\n  age: 31\n  sex: 남자\n  living_with: false\n- name: 오수진\n  age: 29\n  sex: 여자\n  living_with: false\npreferences:\n  food: 곰탕\n  food_source: random\n  hobby: 산책\n  hobby_source: text\n  culture: 임영웅 노래\n  culture_source: random\nhealth:\n  conditions:\n  - 백내장\n  medications: []\n'],"F. 자녀의 이름은 오은영, 오민수, 오수진입니다.","제공된 페르소나 정보 기준 오양순 씨의 자녀 정보: 자녀 3명(오은영, 오민수, 오수진).",1.0,0.5128999018940013,0.0,0.5,1,P010-Q09-ADV-유사인물,ADV-유사인물,F
김인재 씨의 거주지는 어디인가요?,['id: P011\nuuid: 1df645cc5f524089ab86d2e72e426441\nname: 김인재\nbirth_year: 1953\nage: 73\nsex: 남자\nresidence:\n  province: 경기\n  district: 경기-남양주시\n  region_class: 수도권\neducation:\n  level: 초등학교\n  field: null\noccupation: 그 외 상점 판매원\nfamily_type: 배우자·자녀와 거주\nhousing_type: 아파트\nmarriage:\n  status: 배우자있음\n  marriage_year: 1986\n  spouse_death_year: null\n  divorce_year: null\nchildren:\n- name: 김정우\n  age: 37\n  sex: 남자\n  living_with: true\n- name: 김상현\n  age: 33\n  sex: 남자\n  living_with: false\npreferences:\n  food: 김밥\n  food_source: text\n  hobby: 산책\n  hobby_source: text\n  culture: 이미자 노래\n  culture_source: random\nhealth:\n  conditions:\n  - 백내장\n  - 전립선비대\n  medications:\n  - 탐스로신\n'],경기도 남양주시입니다.,김인재 씨의 거주지: 경기 남양주시.,1.0,0.4469687982015931,0.9999999999,1.0,1,P011-Q01-T-거주지,T-거주지,경기 남양주시
김인재 씨의 직업은 무엇인가요?,['id: P011\nuuid: 1df645cc5f524089ab86d2e72e426441\nname: 김인재\nbirth_year: 1953\nage: 73\nsex: 남자\nresidence:\n  province: 경기\n  district: 경기-남양주시\n  region_class: 수도권\neducation:\n  level: 초등학교\n  field: null\noccupation: 그 외 상점 판매원\nfamily_type: 배우자·자녀와 거주\nhousing_type: 아파트\nmarriage:\n  status: 배우자있음\n  marriage_year: 1986\n  spouse_death_year: null\n  divorce_year: null\nchildren:\n- name: 김정우\n  age: 37\n  sex: 남자\n  living_with: true\n- name: 김상현\n  age: 33\n  sex: 남자\n  living_with: false\npreferences:\n  food: 김밥\n  food_source: text\n  hobby: 산책\n  hobby_source: text\n  culture: 이미자 노래\n  culture_source: random\nhealth:\n  conditions:\n  - 백내장\n  - 전립선비대\n  medications:\n  - 탐스로신\n'],김인재 씨의 직업은 그 외 상점 판매원입니다.,김인재 씨의 직업: 그 외 상점 판매원.,1.0,0.964103754804927,0.9999999999,1.0,1,P011-Q02-T-직업,T-직업,그 외 상점 판매원
김인재 씨의 최종 학력은 무엇인가요?,['id: P011\nuuid: 1df645cc5f524089ab86d2e72e426441\nname: 김인재\nbirth_year: 1953\nage: 73\nsex: 남자\nresidence:\n  province: 경기\n  district: 경기-남양주시\n  region_class: 수도권\neducation:\n  level: 초등학교\n  field: null\noccupation: 그 외 상점 판매원\nfamily_type: 배우자·자녀와 거주\nhousing_type: 아파트\nmarriage:\n  status: 배우자있음\n  marriage_year: 1986\n  spouse_death_year: null\n  divorce_year: null\nchildren:\n- name: 김정우\n  age: 37\n  sex: 남자\n  living_with: true\n- name: 김상현\n  age: 33\n  sex: 남자\n  living_with: false\npreferences:\n  food: 김밥\n  food_source: text\n  hobby: 산책\n  hobby_source: text\n  culture: 이미자 노래\n  culture_source: random\nhealth:\n  conditions:\n  - 백내장\n  - 전립선비대\n  medications:\n  - 탐스로신\n'],김인재 씨의 최종 학력은 초등학교입니다.,김인재 씨의 최종 학력: 초등학교.,1.0,0.9132249896051968,0.9999999999,1.0,1,P011-Q03-T-학력,T-학력,초등학교
김인재 씨는 전라남에 살고 있다. (참/거짓),['id: P011\nuuid: 1df645cc5f524089ab86d2e72e426441\nname: 김인재\nbirth_year: 1953\nage: 73\nsex: 남자\nresidence:\n  province: 경기\n  district: 경기-남양주시\n  region_class: 수도권\neducation:\n  level: 초등학교\n  field: null\noccupation: 그 외 상점 판매원\nfamily_type: 배우자·자녀와 거주\nhousing_type: 아파트\nmarriage:\n  status: 배우자있음\n  marriage_year: 1986\n  spouse_death_year: null\n  divorce_year: null\nchildren:\n- name: 김정우\n  age: 37\n  sex: 남자\n  living_with: true\n- name: 김상현\n  age: 33\n  sex: 남자\n  living_with: false\npreferences:\n  food: 김밥\n  food_source: text\n  hobby: 산책\n  hobby_source: text\n  culture: 이미자 노래\n  culture_source: random\nhealth:\n  conditions:\n  - 백내장\n  - 전립선비대\n  medications:\n  - 탐스로신\n'],F. 김인재 씨는 경기-남양주시에 살고 있습니다.,제공된 페르소나 정보 기준 김인재 씨의 거주지: 경기 남양주시.,1.0,0.6196703792685639,0.9999999999,0.0,1,P011-Q04-F-반대,F-반대,F
김인재 씨의 최근 가입한 동호회의 이름은 무엇인가요?,['id: P011\nuuid: 1df645cc5f524089ab86d2e72e426441\nname: 김인재\nbirth_year: 1953\nage: 73\nsex: 남자\nresidence:\n  province: 경기\n  district: 경기-남양주시\n  region_class: 수도권\neducation:\n  level: 초등학교\n  field: null\noccupation: 그 외 상점 판매원\nfamily_type: 배우자·자녀와 거주\nhousing_type: 아파트\nmarriage:\n  status: 배우자있음\n  marriage_year: 1986\n  spouse_death_year: null\n  divorce_year: null\nchildren:\n- name: 김정우\n  age: 37\n  sex: 남자\n  living_with: true\n- name: 김상현\n  age: 33\n  sex: 남자\n  living_with: false\npreferences:\n  food: 김밥\n  food_source: text\n  hobby: 산책\n  hobby_source: text\n  culture: 이미자 노래\n  culture_source: random\nhealth:\n  conditions:\n  - 백내장\n  - 전립선비대\n  medications:\n  - 탐스로신\n'],정보 없음,제공된 페르소나 정보에는 김인재 씨에 대해 질문한 사실이 없습니다.,1.0,0.0,0.0,0.0,1,P011-Q05-F-비존재,F-비존재,정보 없음
김인재 씨는 1971년에 결혼했다. (참/거짓),['id: P011\nuuid: 1df645cc5f524089ab86d2e72e426441\nname: 김인재\nbirth_year: 1953\nage: 73\nsex: 남자\nresidence:\n  province: 경기\n  district: 경기-남양주시\n  region_class: 수도권\neducation:\n  level: 초등학교\n  field: null\noccupation: 그 외 상점 판매원\nfamily_type: 배우자·자녀와 거주\nhousing_type: 아파트\nmarriage:\n  status: 배우자있음\n  marriage_year: 1986\n  spouse_death_year: null\n  divorce_year: null\nchildren:\n- name: 김정우\n  age: 37\n  sex: 남자\n  living_with: true\n- name: 김상현\n  age: 33\n  sex: 남자\n  living_with: false\npreferences:\n  food: 김밥\n  food_source: text\n  hobby: 산책\n  hobby_source: text\n  culture: 이미자 노래\n  culture_source: random\nhealth:\n  conditions:\n  - 백내장\n  - 전립선비대\n  medications:\n  - 탐스로신\n'],F. 김인재 씨는 1986년에 결혼했습니다.,제공된 페르소나 정보 기준 김인재 씨의 결혼 정보: 1986년에 결혼.,1.0,0.6177157452169709,0.9999999999,1.0,1,P011-Q06-F-시점오류,F-시점오류,F
김인재 씨의 직업은 편의점 판매원이다. (참/거짓),['id: P011\nuuid: 1df645cc5f524089ab86d2e72e426441\nname: 김인재\nbirth_year: 1953\nage: 73\nsex: 남자\nresidence:\n  province: 경기\n  district: 경기-남양주시\n  region_class: 수도권\neducation:\n  level: 초등학교\n  field: null\noccupation: 그 외 상점 판매원\nfamily_type: 배우자·자녀와 거주\nhousing_type: 아파트\nmarriage:\n  status: 배우자있음\n  marriage_year: 1986\n  spouse_death_year: null\n  divorce_year: null\nchildren:\n- name: 김정우\n  age: 37\n  sex: 남자\n  living_with: true\n- name: 김상현\n  age: 33\n  sex: 남자\n  living_with: false\npreferences:\n  food: 김밥\n  food_source: text\n  hobby: 산책\n  hobby_source: text\n  culture: 이미자 노래\n  culture_source: random\nhealth:\n  conditions:\n  - 백내장\n  - 전립선비대\n  medications:\n  - 탐스로신\n'],F. 김인재 씨의 직업은 그 외 상점 판매원입니다.,제공된 페르소나 정보 기준 김인재 씨의 직업: 그 외 상점 판매원.,1.0,0.6505650104859677,0.9999999999,1.0,1,P011-Q07-ADV-부분일치,ADV-부분일치,F
김인재 씨는 1985년에 결혼했다. (참/거짓),['id: P011\nuuid: 1df645cc5f524089ab86d2e72e426441\nname: 김인재\nbirth_year: 1953\nage: 73\nsex: 남자\nresidence:\n  province: 경기\n  district: 경기-남양주시\n  region_class: 수도권\neducation:\n  level: 초등학교\n  field: null\noccupation: 그 외 상점 판매원\nfamily_type: 배우자·자녀와 거주\nhousing_type: 아파트\nmarriage:\n  status: 배우자있음\n  marriage_year: 1986\n  spouse_death_year: null\n  divorce_year: null\nchildren:\n- name: 김정우\n  age: 37\n  sex: 남자\n  living_with: true\n- name: 김상현\n  age: 33\n  sex: 남자\n  living_with: false\npreferences:\n  food: 김밥\n  food_source: text\n  hobby: 산책\n  hobby_source: text\n  culture: 이미자 노래\n  culture_source: random\nhealth:\n  conditions:\n  - 백내장\n  - 전립선비대\n  medications:\n  - 탐스로신\n'],F. 김인재 씨는 1986년에 결혼했습니다.,제공된 페르소나 정보 기준 김인재 씨의 결혼 정보: 1986년에 결혼.,1.0,0.6244080201786223,0.9999999999,0.0,1,P011-Q08-ADV-시점근접,ADV-시점근접,F
김인재 씨의 자녀 이름은 김준호이다. (참/거짓),['id: P011\nuuid: 1df645cc5f524089ab86d2e72e426441\nname: 김인재\nbirth_year: 1953\nage: 73\nsex: 남자\nresidence:\n  province: 경기\n  district: 경기-남양주시\n  region_class: 수도권\neducation:\n  level: 초등학교\n  field: null\noccupation: 그 외 상점 판매원\nfamily_type: 배우자·자녀와 거주\nhousing_type: 아파트\nmarriage:\n  status: 배우자있음\n  marriage_year: 1986\n  spouse_death_year: null\n  divorce_year: null\nchildren:\n- name: 김정우\n  age: 37\n  sex: 남자\n  living_with: true\n- name: 김상현\n  age: 33\n  sex: 남자\n  living_with: false\npreferences:\n  food: 김밥\n  food_source: text\n  hobby: 산책\n  hobby_source: text\n  culture: 이미자 노래\n  culture_source: random\nhealth:\n  conditions:\n  - 백내장\n  - 전립선비대\n  medications:\n  - 탐스로신\n'],F. 자녀의 이름은 김정우와 김상현입니다.,"제공된 페르소나 정보 기준 김인재 씨의 자녀 정보: 자녀 2명(김정우, 김상현).",1.0,0.4734960477889511,0.0,0.0,1,P011-Q09-ADV-유사인물,ADV-유사인물,F
이종덕 씨의 거주지는 어디인가요?,['id: P012\nuuid: acc0004936b94236b86a8da148a5b884\nname: 이종덕\nbirth_year: 1951\nage: 75\nsex: 남자\nresidence:\n  province: 서울\n  district: 서울-서초구\n  region_class: 수도권\neducation:\n  level: 고등학교\n  field: null\noccupation: 무직\nfamily_type: 배우자와 거주\nhousing_type: 아파트\nmarriage:\n  status: 배우자있음\n  marriage_year: 1978\n  spouse_death_year: null\n  divorce_year: null\nchildren:\n- name: 이은주\n  age: 47\n  sex: 여자\n  living_with: false\n- name: 이광호\n  age: 45\n  sex: 남자\n  living_with: false\npreferences:\n  food: 청국장\n  food_source: text\n  hobby: 독서\n  hobby_source: random\n  culture: 전국노래자랑\n  culture_source: text\nhealth:\n  conditions:\n  - 위염\n  - 관절염\n  medications:\n  - 라베프라졸\n  - 오메프라졸\n  - 아세트아미노펜\n  - 셀레콕시브\n'],서울시 서초구에 거주하고 계십니다.,이종덕 씨의 거주지: 서울 서초구.,1.0,0.5279354578251936,0.9999999999,1.0,1,P012-Q01-T-거주지,T-거주지,서울 서초구
이종덕 씨의 직업은 무엇인가요?,['id: P012\nuuid: acc0004936b94236b86a8da148a5b884\nname: 이종덕\nbirth_year: 1951\nage: 75\nsex: 남자\nresidence:\n  province: 서울\n  district: 서울-서초구\n  region_class: 수도권\neducation:\n  level: 고등학교\n  field: null\noccupation: 무직\nfamily_type: 배우자와 거주\nhousing_type: 아파트\nmarriage:\n  status: 배우자있음\n  marriage_year: 1978\n  spouse_death_year: null\n  divorce_year: null\nchildren:\n- name: 이은주\n  age: 47\n  sex: 여자\n  living_with: false\n- name: 이광호\n  age: 45\n  sex: 남자\n  living_with: false\npreferences:\n  food: 청국장\n  food_source: text\n  hobby: 독서\n  hobby_source: random\n  culture: 전국노래자랑\n  culture_source: text\nhealth:\n  conditions:\n  - 위염\n  - 관절염\n  medications:\n  - 라베프라졸\n  - 오메프라졸\n  - 아세트아미노펜\n  - 셀레콕시브\n'],이종덕 씨의 직업은 무직입니다.,이종덕 씨의 직업: 무직.,1.0,0.8234475202311966,0.9999999999,1.0,1,P012-Q02-T-직업,T-직업,무직
이종덕 씨의 최종 학력은 무엇인가요?,['id: P012\nuuid: acc0004936b94236b86a8da148a5b884\nname: 이종덕\nbirth_year: 1951\nage: 75\nsex: 남자\nresidence:\n  province: 서울\n  district: 서울-서초구\n  region_class: 수도권\neducation:\n  level: 고등학교\n  field: null\noccupation: 무직\nfamily_type: 배우자와 거주\nhousing_type: 아파트\nmarriage:\n  status: 배우자있음\n  marriage_year: 1978\n  spouse_death_year: null\n  divorce_year: null\nchildren:\n- name: 이은주\n  age: 47\n  sex: 여자\n  living_with: false\n- name: 이광호\n  age: 45\n  sex: 남자\n  living_with: false\npreferences:\n  food: 청국장\n  food_source: text\n  hobby: 독서\n  hobby_source: random\n  culture: 전국노래자랑\n  culture_source: text\nhealth:\n  conditions:\n  - 위염\n  - 관절염\n  medications:\n  - 라베프라졸\n  - 오메프라졸\n  - 아세트아미노펜\n  - 셀레콕시브\n'],이종덕 씨의 최종 학력은 고등학교입니다.,이종덕 씨의 최종 학력: 고등학교.,1.0,0.91361850499069,0.9999999999,1.0,1,P012-Q03-T-학력,T-학력,고등학교
이종덕 씨는 전라남에 살고 있다. (참/거짓),['id: P012\nuuid: acc0004936b94236b86a8da148a5b884\nname: 이종덕\nbirth_year: 1951\nage: 75\nsex: 남자\nresidence:\n  province: 서울\n  district: 서울-서초구\n  region_class: 수도권\neducation:\n  level: 고등학교\n  field: null\noccupation: 무직\nfamily_type: 배우자와 거주\nhousing_type: 아파트\nmarriage:\n  status: 배우자있음\n  marriage_year: 1978\n  spouse_death_year: null\n  divorce_year: null\nchildren:\n- name: 이은주\n  age: 47\n  sex: 여자\n  living_with: false\n- name: 이광호\n  age: 45\n  sex: 남자\n  living_with: false\npreferences:\n  food: 청국장\n  food_source: text\n  hobby: 독서\n  hobby_source: random\n  culture: 전국노래자랑\n  culture_source: text\nhealth:\n  conditions:\n  - 위염\n  - 관절염\n  medications:\n  - 라베프라졸\n  - 오메프라졸\n  - 아세트아미노펜\n  - 셀레콕시브\n'],F. 이종덕 씨는 서울 서초구에 거주하고 있습니다.,제공된 페르소나 정보 기준 이종덕 씨의 거주지: 서울 서초구.,1.0,0.4856870280828307,0.9999999999,0.0,1,P012-Q04-F-반대,F-반대,F
이종덕 씨의 반려동물의 이름은 무엇인가요?,['id: P012\nuuid: acc0004936b94236b86a8da148a5b884\nname: 이종덕\nbirth_year: 1951\nage: 75\nsex: 남자\nresidence:\n  province: 서울\n  district: 서울-서초구\n  region_class: 수도권\neducation:\n  level: 고등학교\n  field: null\noccupation: 무직\nfamily_type: 배우자와 거주\nhousing_type: 아파트\nmarriage:\n  status: 배우자있음\n  marriage_year: 1978\n  spouse_death_year: null\n  divorce_year: null\nchildren:\n- name: 이은주\n  age: 47\n  sex: 여자\n  living_with: false\n- name: 이광호\n  age: 45\n  sex: 남자\n  living_with: false\npreferences:\n  food: 청국장\n  food_source: text\n  hobby: 독서\n  hobby_source: random\n  culture: 전국노래자랑\n  culture_source: text\nhealth:\n  conditions:\n  - 위염\n  - 관절염\n  medications:\n  - 라베프라졸\n  - 오메프라졸\n  - 아세트아미노펜\n  - 셀레콕시브\n'],정보 없음,제공된 페르소나 정보에는 이종덕 씨에 대해 질문한 사실이 없습니다.,1.0,0.0,0.0,0.0,1,P012-Q05-F-비존재,F-비존재,정보 없음
이종덕 씨는 1993년에 결혼했다. (참/거짓),['id: P012\nuuid: acc0004936b94236b86a8da148a5b884\nname: 이종덕\nbirth_year: 1951\nage: 75\nsex: 남자\nresidence:\n  province: 서울\n  district: 서울-서초구\n  region_class: 수도권\neducation:\n  level: 고등학교\n  field: null\noccupation: 무직\nfamily_type: 배우자와 거주\nhousing_type: 아파트\nmarriage:\n  status: 배우자있음\n  marriage_year: 1978\n  spouse_death_year: null\n  divorce_year: null\nchildren:\n- name: 이은주\n  age: 47\n  sex: 여자\n  living_with: false\n- name: 이광호\n  age: 45\n  sex: 남자\n  living_with: false\npreferences:\n  food: 청국장\n  food_source: text\n  hobby: 독서\n  hobby_source: random\n  culture: 전국노래자랑\n  culture_source: text\nhealth:\n  conditions:\n  - 위염\n  - 관절염\n  medications:\n  - 라베프라졸\n  - 오메프라졸\n  - 아세트아미노펜\n  - 셀레콕시브\n'],F. 이종덕 씨는 1978년에 결혼했습니다.,제공된 페르소나 정보 기준 이종덕 씨의 결혼 정보: 1978년에 결혼.,1.0,0.5657444905881612,0.9999999999,1.0,1,P012-Q06-F-시점오류,F-시점오류,F
이종덕 씨는 서울 서초시에 산다. (참/거짓),['id: P012\nuuid: acc0004936b94236b86a8da148a5b884\nname: 이종덕\nbirth_year: 1951\nage: 75\nsex: 남자\nresidence:\n  province: 서울\n  district: 서울-서초구\n  region_class: 수도권\neducation:\n  level: 고등학교\n  field: null\noccupation: 무직\nfamily_type: 배우자와 거주\nhousing_type: 아파트\nmarriage:\n  status: 배우자있음\n  marriage_year: 1978\n  spouse_death_year: null\n  divorce_year: null\nchildren:\n- name: 이은주\n  age: 47\n  sex: 여자\n  living_with: false\n- name: 이광호\n  age: 45\n  sex: 남자\n  living_with: false\npreferences:\n  food: 청국장\n  food_source: text\n  hobby: 독서\n  hobby_source: random\n  culture: 전국노래자랑\n  culture_source: text\nhealth:\n  conditions:\n  - 위염\n  - 관절염\n  medications:\n  - 라베프라졸\n  - 오메프라졸\n  - 아세트아미노펜\n  - 셀레콕시브\n'],T. 서울시 서초구에 거주하고 있습니다.,제공된 페르소나 정보 기준 이종덕 씨의 거주지: 서울 서초구.,1.0,0.4499142628168733,0.9999999999,1.0,1,P012-Q07-ADV-부분일치,ADV-부분일치,F
이종덕 씨는 1977년에 결혼했다. (참/거짓),['id: P012\nuuid: acc0004936b94236b86a8da148a5b884\nname: 이종덕\nbirth_year: 1951\nage: 75\nsex: 남자\nresidence:\n  province: 서울\n  district: 서울-서초구\n  region_class: 수도권\neducation:\n  level: 고등학교\n  field: null\noccupation: 무직\nfamily_type: 배우자와 거주\nhousing_type: 아파트\nmarriage:\n  status: 배우자있음\n  marriage_year: 1978\n  spouse_death_year: null\n  divorce_year: null\nchildren:\n- name: 이은주\n  age: 47\n  sex: 여자\n  living_with: false\n- name: 이광호\n  age: 45\n  sex: 남자\n  living_with: false\npreferences:\n  food: 청국장\n  food_source: text\n  hobby: 독서\n  hobby_source: random\n  culture: 전국노래자랑\n  culture_source: text\nhealth:\n  conditions:\n  - 위염\n  - 관절염\n  medications:\n  - 라베프라졸\n  - 오메프라졸\n  - 아세트아미노펜\n  - 셀레콕시브\n'],F. 이종덕 씨의 결혼 연도는 1978년입니다.,제공된 페르소나 정보 기준 이종덕 씨의 결혼 정보: 1978년에 결혼.,1.0,0.5234742383780281,0.9999999999,0.0,1,P012-Q08-ADV-시점근접,ADV-시점근접,F
이종덕 씨의 자녀 이름은 이지윤이다. (참/거짓),['id: P012\nuuid: acc0004936b94236b86a8da148a5b884\nname: 이종덕\nbirth_year: 1951\nage: 75\nsex: 남자\nresidence:\n  province: 서울\n  district: 서울-서초구\n  region_class: 수도권\neducation:\n  level: 고등학교\n  field: null\noccupation: 무직\nfamily_type: 배우자와 거주\nhousing_type: 아파트\nmarriage:\n  status: 배우자있음\n  marriage_year: 1978\n  spouse_death_year: null\n  divorce_year: null\nchildren:\n- name: 이은주\n  age: 47\n  sex: 여자\n  living_with: false\n- name: 이광호\n  age: 45\n  sex: 남자\n  living_with: false\npreferences:\n  food: 청국장\n  food_source: text\n  hobby: 독서\n  hobby_source: random\n  culture: 전국노래자랑\n  culture_source: text\nhealth:\n  conditions:\n  - 위염\n  - 관절염\n  medications:\n  - 라베프라졸\n  - 오메프라졸\n  - 아세트아미노펜\n  - 셀레콕시브\n'],F. 자녀의 이름은 이은주와 이광호입니다.,"제공된 페르소나 정보 기준 이종덕 씨의 자녀 정보: 자녀 2명(이은주, 이광호).",1.0,0.4838181194448644,0.0,0.0,1,P012-Q09-ADV-유사인물,ADV-유사인물,F
박헌 씨의 거주지는 어디인가요?,['id: P013\nuuid: 8e4867f305754c4b867a0fcbfe405485\nname: 박헌\nbirth_year: 1948\nage: 78\nsex: 남자\nresidence:\n  province: 강원\n  district: 강원-강릉시\n  region_class: 지방\neducation:\n  level: 대학원\n  field: 경영·행정·법\noccupation: 무직\nfamily_type: 배우자와 거주\nhousing_type: 아파트\nmarriage:\n  status: 배우자있음\n  marriage_year: 1971\n  spouse_death_year: null\n  divorce_year: null\nchildren:\n- name: 박지윤\n  age: 51\n  sex: 여자\n  living_with: false\n- name: 박광호\n  age: 48\n  sex: 남자\n  living_with: false\npreferences:\n  food: 파전\n  food_source: random\n  hobby: 산책\n  hobby_source: random\n  culture: 임영웅 노래\n  culture_source: random\nhealth:\n  conditions:\n  - 골다공증\n  - 관절염\n  medications:\n  - 알렌드로네이트\n  - 아세트아미노펜\n  - 셀레콕시브\n'],강원 강릉시입니다.,박헌 씨의 거주지: 강원 강릉시.,1.0,0.4591776296168803,0.9999999999,1.0,1,P013-Q01-T-거주지,T-거주지,강원 강릉시
박헌 씨의 직업은 무엇인가요?,['id: P013\nuuid: 8e4867f305754c4b867a0fcbfe405485\nname: 박헌\nbirth_year: 1948\nage: 78\nsex: 남자\nresidence:\n  province: 강원\n  district: 강원-강릉시\n  region_class: 지방\neducation:\n  level: 대학원\n  field: 경영·행정·법\noccupation: 무직\nfamily_type: 배우자와 거주\nhousing_type: 아파트\nmarriage:\n  status: 배우자있음\n  marriage_year: 1971\n  spouse_death_year: null\n  divorce_year: null\nchildren:\n- name: 박지윤\n  age: 51\n  sex: 여자\n  living_with: false\n- name: 박광호\n  age: 48\n  sex: 남자\n  living_with: false\npreferences:\n  food: 파전\n  food_source: random\n  hobby: 산책\n  hobby_source: random\n  culture: 임영웅 노래\n  culture_source: random\nhealth:\n  conditions:\n  - 골다공증\n  - 관절염\n  medications:\n  - 알렌드로네이트\n  - 아세트아미노펜\n  - 셀레콕시브\n'],박헌 씨의 직업은 무직입니다.,박헌 씨의 직업: 무직.,1.0,0.9503133057156437,0.9999999999,1.0,1,P013-Q02-T-직업,T-직업,무직
박헌 씨의 최종 학력은 무엇인가요?,['id: P013\nuuid: 8e4867f305754c4b867a0fcbfe405485\nname: 박헌\nbirth_year: 1948\nage: 78\nsex: 남자\nresidence:\n  province: 강원\n  district: 강원-강릉시\n  region_class: 지방\neducation:\n  level: 대학원\n  field: 경영·행정·법\noccupation: 무직\nfamily_type: 배우자와 거주\nhousing_type: 아파트\nmarriage:\n  status: 배우자있음\n  marriage_year: 1971\n  spouse_death_year: null\n  divorce_year: null\nchildren:\n- name: 박지윤\n  age: 51\n  sex: 여자\n  living_with: false\n- name: 박광호\n  age: 48\n  sex: 남자\n  living_with: false\npreferences:\n  food: 파전\n  food_source: random\n  hobby: 산책\n  hobby_source: random\n  culture: 임영웅 노래\n  culture_source: random\nhealth:\n  conditions:\n  - 골다공증\n  - 관절염\n  medications:\n  - 알렌드로네이트\n  - 아세트아미노펜\n  - 셀레콕시브\n'],대학원(경영·행정·법)입니다.,박헌 씨의 최종 학력: 대학원(경영·행정·법).,1.0,0.4711371236722102,0.9999999999,1.0,1,P013-Q03-T-학력,T-학력,대학원
박헌 씨는 대구에 살고 있다. (참/거짓),['id: P013\nuuid: 8e4867f305754c4b867a0fcbfe405485\nname: 박헌\nbirth_year: 1948\nage: 78\nsex: 남자\nresidence:\n  province: 강원\n  district: 강원-강릉시\n  region_class: 지방\neducation:\n  level: 대학원\n  field: 경영·행정·법\noccupation: 무직\nfamily_type: 배우자와 거주\nhousing_type: 아파트\nmarriage:\n  status: 배우자있음\n  marriage_year: 1971\n  spouse_death_year: null\n  divorce_year: null\nchildren:\n- name: 박지윤\n  age: 51\n  sex: 여자\n  living_with: false\n- name: 박광호\n  age: 48\n  sex: 남자\n  living_with: false\npreferences:\n  food: 파전\n  food_source: random\n  hobby: 산책\n  hobby_source: random\n  culture: 임영웅 노래\n  culture_source: random\nhealth:\n  conditions:\n  - 골다공증\n  - 관절염\n  medications:\n  - 알렌드로네이트\n  - 아세트아미노펜\n  - 셀레콕시브\n'],F. 강원-강릉시에 거주하고 있습니다.,제공된 페르소나 정보 기준 박헌 씨의 거주지: 강원 강릉시.,1.0,0.4265765677312037,0.0,0.0,1,P013-Q04-F-반대,F-반대,F
박헌 씨의 정기 후원하는 단체의 이름은 무엇인가요?,['id: P013\nuuid: 8e4867f305754c4b867a0fcbfe405485\nname: 박헌\nbirth_year: 1948\nage: 78\nsex: 남자\nresidence:\n  province: 강원\n  district: 강원-강릉시\n  region_class: 지방\neducation:\n  level: 대학원\n  field: 경영·행정·법\noccupation: 무직\nfamily_type: 배우자와 거주\nhousing_type: 아파트\nmarriage:\n  status: 배우자있음\n  marriage_year: 1971\n  spouse_death_year: null\n  divorce_year: null\nchildren:\n- name: 박지윤\n  age: 51\n  sex: 여자\n  living_with: false\n- name: 박광호\n  age: 48\n  sex: 남자\n  living_with: false\npreferences:\n  food: 파전\n  food_source: random\n  hobby: 산책\n  hobby_source: random\n  culture: 임영웅 노래\n  culture_source: random\nhealth:\n  conditions:\n  - 골다공증\n  - 관절염\n  medications:\n  - 알렌드로네이트\n  - 아세트아미노펜\n  - 셀레콕시브\n'],정보 없음,제공된 페르소나 정보에는 박헌 씨에 대해 질문한 사실이 없습니다.,1.0,0.0,0.0,0.0,1,P013-Q05-F-비존재,F-비존재,정보 없음
박헌 씨는 1986년에 결혼했다. (참/거짓),['id: P013\nuuid: 8e4867f305754c4b867a0fcbfe405485\nname: 박헌\nbirth_year: 1948\nage: 78\nsex: 남자\nresidence:\n  province: 강원\n  district: 강원-강릉시\n  region_class: 지방\neducation:\n  level: 대학원\n  field: 경영·행정·법\noccupation: 무직\nfamily_type: 배우자와 거주\nhousing_type: 아파트\nmarriage:\n  status: 배우자있음\n  marriage_year: 1971\n  spouse_death_year: null\n  divorce_year: null\nchildren:\n- name: 박지윤\n  age: 51\n  sex: 여자\n  living_with: false\n- name: 박광호\n  age: 48\n  sex: 남자\n  living_with: false\npreferences:\n  food: 파전\n  food_source: random\n  hobby: 산책\n  hobby_source: random\n  culture: 임영웅 노래\n  culture_source: random\nhealth:\n  conditions:\n  - 골다공증\n  - 관절염\n  medications:\n  - 알렌드로네이트\n  - 아세트아미노펜\n  - 셀레콕시브\n'],F. 박헌 씨는 1971년에 결혼했습니다.,제공된 페르소나 정보 기준 박헌 씨의 결혼 정보: 1971년에 결혼.,1.0,0.5878483272430026,0.9999999999,1.0,1,P013-Q06-F-시점오류,F-시점오류,F
박헌 씨는 강원 강릉구에 산다. (참/거짓),['id: P013\nuuid: 8e4867f305754c4b867a0fcbfe405485\nname: 박헌\nbirth_year: 1948\nage: 78\nsex: 남자\nresidence:\n  province: 강원\n  district: 강원-강릉시\n  region_class: 지방\neducation:\n  level: 대학원\n  field: 경영·행정·법\noccupation: 무직\nfamily_type: 배우자와 거주\nhousing_type: 아파트\nmarriage:\n  status: 배우자있음\n  marriage_year: 1971\n  spouse_death_year: null\n  divorce_year: null\nchildren:\n- name: 박지윤\n  age: 51\n  sex: 여자\n  living_with: false\n- name: 박광호\n  age: 48\n  sex: 남자\n  living_with: false\npreferences:\n  food: 파전\n  food_source: random\n  hobby: 산책\n  hobby_source: random\n  culture: 임영웅 노래\n  culture_source: random\nhealth:\n  conditions:\n  - 골다공증\n  - 관절염\n  medications:\n  - 알렌드로네이트\n  - 아세트아미노펜\n  - 셀레콕시브\n'],F. 강원 강릉시가 아닌 강릉구라고 언급되었으므로 틀립니다.,제공된 페르소나 정보 기준 박헌 씨의 거주지: 강원 강릉시.,1.0,0.4294532906997791,0.9999999999,0.0,1,P013-Q07-ADV-부분일치,ADV-부분일치,F
박헌 씨는 1972년에 결혼했다. (참/거짓),['id: P013\nuuid: 8e4867f305754c4b867a0fcbfe405485\nname: 박헌\nbirth_year: 1948\nage: 78\nsex: 남자\nresidence:\n  province: 강원\n  district: 강원-강릉시\n  region_class: 지방\neducation:\n  level: 대학원\n  field: 경영·행정·법\noccupation: 무직\nfamily_type: 배우자와 거주\nhousing_type: 아파트\nmarriage:\n  status: 배우자있음\n  marriage_year: 1971\n  spouse_death_year: null\n  divorce_year: null\nchildren:\n- name: 박지윤\n  age: 51\n  sex: 여자\n  living_with: false\n- name: 박광호\n  age: 48\n  sex: 남자\n  living_with: false\npreferences:\n  food: 파전\n  food_source: random\n  hobby: 산책\n  hobby_source: random\n  culture: 임영웅 노래\n  culture_source: random\nhealth:\n  conditions:\n  - 골다공증\n  - 관절염\n  medications:\n  - 알렌드로네이트\n  - 아세트아미노펜\n  - 셀레콕시브\n'],F. 박헌 씨는 1971년에 결혼했습니다.,제공된 페르소나 정보 기준 박헌 씨의 결혼 정보: 1971년에 결혼.,1.0,0.5760886109209685,0.9999999999,0.0,1,P013-Q08-ADV-시점근접,ADV-시점근접,F
박헌 씨의 자녀 이름은 박민수이다. (참/거짓),['id: P013\nuuid: 8e4867f305754c4b867a0fcbfe405485\nname: 박헌\nbirth_year: 1948\nage: 78\nsex: 남자\nresidence:\n  province: 강원\n  district: 강원-강릉시\n  region_class: 지방\neducation:\n  level: 대학원\n  field: 경영·행정·법\noccupation: 무직\nfamily_type: 배우자와 거주\nhousing_type: 아파트\nmarriage:\n  status: 배우자있음\n  marriage_year: 1971\n  spouse_death_year: null\n  divorce_year: null\nchildren:\n- name: 박지윤\n  age: 51\n  sex: 여자\n  living_with: false\n- name: 박광호\n  age: 48\n  sex: 남자\n  living_with: false\npreferences:\n  food: 파전\n  food_source: random\n  hobby: 산책\n  hobby_source: random\n  culture: 임영웅 노래\n  culture_source: random\nhealth:\n  conditions:\n  - 골다공증\n  - 관절염\n  medications:\n  - 알렌드로네이트\n  - 아세트아미노펜\n  - 셀레콕시브\n'],F. 자녀의 이름은 박지윤과 박광호입니다.,"제공된 페르소나 정보 기준 박헌 씨의 자녀 정보: 자녀 2명(박지윤, 박광호).",1.0,0.503416185122734,0.0,0.0,1,P013-Q09-ADV-유사인물,ADV-유사인물,F
정태근 씨의 거주지는 어디인가요?,['id: P014\nuuid: 28f929ab7035481bb0d98949d95d7b71\nname: 정태근\nbirth_year: 1954\nage: 72\nsex: 남자\nresidence:\n  province: 충청남\n  district: 충청남-천안시 동남구\n  region_class: 지방\neducation:\n  level: 고등학교\n  field: null\noccupation: 무직\nfamily_type: 배우자와 거주\nhousing_type: 아파트\nmarriage:\n  status: 배우자있음\n  marriage_year: 1981\n  spouse_death_year: null\n  divorce_year: null\nchildren: []\npreferences:\n  food: 비빔밥\n  food_source: text\n  hobby: 산책\n  hobby_source: text\n  culture: 동물 다큐멘터리\n  culture_source: random\nhealth:\n  conditions:\n  - 백내장\n  - 고혈압\n  medications:\n  - 암로디핀\n  - 로사르탄\n'],충청남도 천안시 동남구에 거주하고 계십니다.,정태근 씨의 거주지: 충청남 천안시 동남구.,1.0,0.5393848979764923,0.9999999999,1.0,1,P014-Q01-T-거주지,T-거주지,충청남 천안시 동남구
정태근 씨의 직업은 무엇인가요?,['id: P014\nuuid: 28f929ab7035481bb0d98949d95d7b71\nname: 정태근\nbirth_year: 1954\nage: 72\nsex: 남자\nresidence:\n  province: 충청남\n  district: 충청남-천안시 동남구\n  region_class: 지방\neducation:\n  level: 고등학교\n  field: null\noccupation: 무직\nfamily_type: 배우자와 거주\nhousing_type: 아파트\nmarriage:\n  status: 배우자있음\n  marriage_year: 1981\n  spouse_death_year: null\n  divorce_year: null\nchildren: []\npreferences:\n  food: 비빔밥\n  food_source: text\n  hobby: 산책\n  hobby_source: text\n  culture: 동물 다큐멘터리\n  culture_source: random\nhealth:\n  conditions:\n  - 백내장\n  - 고혈압\n  medications:\n  - 암로디핀\n  - 로사르탄\n'],정태근 씨의 직업은 무직입니다.,정태근 씨의 직업: 무직.,1.0,0.5289306639937966,0.9999999999,1.0,1,P014-Q02-T-직업,T-직업,무직
정태근 씨의 최종 학력은 무엇인가요?,['id: P014\nuuid: 28f929ab7035481bb0d98949d95d7b71\nname: 정태근\nbirth_year: 1954\nage: 72\nsex: 남자\nresidence:\n  province: 충청남\n  district: 충청남-천안시 동남구\n  region_class: 지방\neducation:\n  level: 고등학교\n  field: null\noccupation: 무직\nfamily_type: 배우자와 거주\nhousing_type: 아파트\nmarriage:\n  status: 배우자있음\n  marriage_year: 1981\n  spouse_death_year: null\n  divorce_year: null\nchildren: []\npreferences:\n  food: 비빔밥\n  food_source: text\n  hobby: 산책\n  hobby_source: text\n  culture: 동물 다큐멘터리\n  culture_source: random\nhealth:\n  conditions:\n  - 백내장\n  - 고혈압\n  medications:\n  - 암로디핀\n  - 로사르탄\n'],정태근 씨의 최종 학력은 고등학교입니다.,정태근 씨의 최종 학력: 고등학교.,1.0,0.649932268204701,0.9999999999,1.0,1,P014-Q03-T-학력,T-학력,고등학교
정태근 씨는 대구에 살고 있다. (참/거짓),['id: P014\nuuid: 28f929ab7035481bb0d98949d95d7b71\nname: 정태근\nbirth_year: 1954\nage: 72\nsex: 남자\nresidence:\n  province: 충청남\n  district: 충청남-천안시 동남구\n  region_class: 지방\neducation:\n  level: 고등학교\n  field: null\noccupation: 무직\nfamily_type: 배우자와 거주\nhousing_type: 아파트\nmarriage:\n  status: 배우자있음\n  marriage_year: 1981\n  spouse_death_year: null\n  divorce_year: null\nchildren: []\npreferences:\n  food: 비빔밥\n  food_source: text\n  hobby: 산책\n  hobby_source: text\n  culture: 동물 다큐멘터리\n  culture_source: random\nhealth:\n  conditions:\n  - 백내장\n  - 고혈압\n  medications:\n  - 암로디핀\n  - 로사르탄\n'],F. 정태근 씨는 충청남도 천안시 동남구에 거주하고 있습니다.,제공된 페르소나 정보 기준 정태근 씨의 거주지: 충청남 천안시 동남구.,1.0,0.4788568808806603,0.9999999999,0.0,1,P014-Q04-F-반대,F-반대,F
정태근 씨의 반려동물의 이름은 무엇인가요?,['id: P014\nuuid: 28f929ab7035481bb0d98949d95d7b71\nname: 정태근\nbirth_year: 1954\nage: 72\nsex: 남자\nresidence:\n  province: 충청남\n  district: 충청남-천안시 동남구\n  region_class: 지방\neducation:\n  level: 고등학교\n  field: null\noccupation: 무직\nfamily_type: 배우자와 거주\nhousing_type: 아파트\nmarriage:\n  status: 배우자있음\n  marriage_year: 1981\n  spouse_death_year: null\n  divorce_year: null\nchildren: []\npreferences:\n  food: 비빔밥\n  food_source: text\n  hobby: 산책\n  hobby_source: text\n  culture: 동물 다큐멘터리\n  culture_source: random\nhealth:\n  conditions:\n  - 백내장\n  - 고혈압\n  medications:\n  - 암로디핀\n  - 로사르탄\n'],정보 없음,제공된 페르소나 정보에는 정태근 씨에 대해 질문한 사실이 없습니다.,1.0,0.0,0.0,0.0,1,P014-Q05-F-비존재,F-비존재,정보 없음
정태근 씨는 1996년에 결혼했다. (참/거짓),['id: P014\nuuid: 28f929ab7035481bb0d98949d95d7b71\nname: 정태근\nbirth_year: 1954\nage: 72\nsex: 남자\nresidence:\n  province: 충청남\n  district: 충청남-천안시 동남구\n  region_class: 지방\neducation:\n  level: 고등학교\n  field: null\noccupation: 무직\nfamily_type: 배우자와 거주\nhousing_type: 아파트\nmarriage:\n  status: 배우자있음\n  marriage_year: 1981\n  spouse_death_year: null\n  divorce_year: null\nchildren: []\npreferences:\n  food: 비빔밥\n  food_source: text\n  hobby: 산책\n  hobby_source: text\n  culture: 동물 다큐멘터리\n  culture_source: random\nhealth:\n  conditions:\n  - 백내장\n  - 고혈압\n  medications:\n  - 암로디핀\n  - 로사르탄\n'],F. 정태근 씨는 1981년에 결혼했습니다.,제공된 페르소나 정보 기준 정태근 씨의 결혼 정보: 1981년에 결혼.,0.5,0.5654451537808242,0.9999999999,0.0,1,P014-Q06-F-시점오류,F-시점오류,F
정태근 씨는 충청남 천안시 동남시에 산다. (참/거짓),['id: P014\nuuid: 28f929ab7035481bb0d98949d95d7b71\nname: 정태근\nbirth_year: 1954\nage: 72\nsex: 남자\nresidence:\n  province: 충청남\n  district: 충청남-천안시 동남구\n  region_class: 지방\neducation:\n  level: 고등학교\n  field: null\noccupation: 무직\nfamily_type: 배우자와 거주\nhousing_type: 아파트\nmarriage:\n  status: 배우자있음\n  marriage_year: 1981\n  spouse_death_year: null\n  divorce_year: null\nchildren: []\npreferences:\n  food: 비빔밥\n  food_source: text\n  hobby: 산책\n  hobby_source: text\n  culture: 동물 다큐멘터리\n  culture_source: random\nhealth:\n  conditions:\n  - 백내장\n  - 고혈압\n  medications:\n  - 암로디핀\n  - 로사르탄\n'],T. 거주지가 충청남 충청남-천안시 동남구로 명시되어 있습니다.,제공된 페르소나 정보 기준 정태근 씨의 거주지: 충청남 천안시 동남구.,1.0,0.468739837121694,0.9999999999,1.0,1,P014-Q07-ADV-부분일치,ADV-부분일치,F
정태근 씨는 1982년에 결혼했다. (참/거짓),['id: P014\nuuid: 28f929ab7035481bb0d98949d95d7b71\nname: 정태근\nbirth_year: 1954\nage: 72\nsex: 남자\nresidence:\n  province: 충청남\n  district: 충청남-천안시 동남구\n  region_class: 지방\neducation:\n  level: 고등학교\n  field: null\noccupation: 무직\nfamily_type: 배우자와 거주\nhousing_type: 아파트\nmarriage:\n  status: 배우자있음\n  marriage_year: 1981\n  spouse_death_year: null\n  divorce_year: null\nchildren: []\npreferences:\n  food: 비빔밥\n  food_source: text\n  hobby: 산책\n  hobby_source: text\n  culture: 동물 다큐멘터리\n  culture_source: random\nhealth:\n  conditions:\n  - 백내장\n  - 고혈압\n  medications:\n  - 암로디핀\n  - 로사르탄\n'],F. 정태근 씨는 1981년에 결혼했습니다.,제공된 페르소나 정보 기준 정태근 씨의 결혼 정보: 1981년에 결혼.,1.0,0.5602284519735257,0.9999999999,0.0,1,P014-Q08-ADV-시점근접,ADV-시점근접,F
이 사람의 이름은 정민수이다. (참/거짓),['id: P014\nuuid: 28f929ab7035481bb0d98949d95d7b71\nname: 정태근\nbirth_year: 1954\nage: 72\nsex: 남자\nresidence:\n  province: 충청남\n  district: 충청남-천안시 동남구\n  region_class: 지방\neducation:\n  level: 고등학교\n  field: null\noccupation: 무직\nfamily_type: 배우자와 거주\nhousing_type: 아파트\nmarriage:\n  status: 배우자있음\n  marriage_year: 1981\n  spouse_death_year: null\n  divorce_year: null\nchildren: []\npreferences:\n  food: 비빔밥\n  food_source: text\n  hobby: 산책\n  hobby_source: text\n  culture: 동물 다큐멘터리\n  culture_source: random\nhealth:\n  conditions:\n  - 백내장\n  - 고혈압\n  medications:\n  - 암로디핀\n  - 로사르탄\n'],F. 이 사람의 이름은 정태근입니다.,제공된 페르소나 정보 기준 정태근 씨의 이름: 정태근.,1.0,0.645575813452748,0.0,0.5,1,P014-Q09-ADV-유사인물,ADV-유사인물,F
김우준 씨의 거주지는 어디인가요?,['id: P015\nuuid: 12744f5f07464afc88698eb917ed2446\nname: 김우준\nbirth_year: 1953\nage: 73\nsex: 남자\nresidence:\n  province: 광주\n  district: 광주-남구\n  region_class: 광역시\neducation:\n  level: 고등학교\n  field: null\noccupation: 무직\nfamily_type: 배우자와 거주\nhousing_type: 단독주택\nmarriage:\n  status: 배우자있음\n  marriage_year: 1980\n  spouse_death_year: null\n  divorce_year: null\nchildren:\n- name: 김광호\n  age: 44\n  sex: 남자\n  living_with: false\npreferences:\n  food: 김치찌개\n  food_source: random\n  hobby: 산책\n  hobby_source: text\n  culture: 내셔널 지오그래픽\n  culture_source: random\nhealth:\n  conditions:\n  - 백내장\n  - 관절염\n  - 당뇨\n  medications:\n  - 아세트아미노펜\n  - 셀레콕시브\n  - 메트포르민\n  - 글리메피리드\n'],광주 광주-남구에 거주하고 있습니다.,김우준 씨의 거주지: 광주 남구.,1.0,0.5353398854742508,0.9999999999,1.0,1,P015-Q01-T-거주지,T-거주지,광주 남구
김우준 씨의 직업은 무엇인가요?,['id: P015\nuuid: 12744f5f07464afc88698eb917ed2446\nname: 김우준\nbirth_year: 1953\nage: 73\nsex: 남자\nresidence:\n  province: 광주\n  district: 광주-남구\n  region_class: 광역시\neducation:\n  level: 고등학교\n  field: null\noccupation: 무직\nfamily_type: 배우자와 거주\nhousing_type: 단독주택\nmarriage:\n  status: 배우자있음\n  marriage_year: 1980\n  spouse_death_year: null\n  divorce_year: null\nchildren:\n- name: 김광호\n  age: 44\n  sex: 남자\n  living_with: false\npreferences:\n  food: 김치찌개\n  food_source: random\n  hobby: 산책\n  hobby_source: text\n  culture: 내셔널 지오그래픽\n  culture_source: random\nhealth:\n  conditions:\n  - 백내장\n  - 관절염\n  - 당뇨\n  medications:\n  - 아세트아미노펜\n  - 셀레콕시브\n  - 메트포르민\n  - 글리메피리드\n'],김우준 씨의 직업은 무직입니다.,김우준 씨의 직업: 무직.,1.0,0.9686558748495252,0.9999999999,1.0,1,P015-Q02-T-직업,T-직업,무직
김우준 씨의 최종 학력은 무엇인가요?,['id: P015\nuuid: 12744f5f07464afc88698eb917ed2446\nname: 김우준\nbirth_year: 1953\nage: 73\nsex: 남자\nresidence:\n  province: 광주\n  district: 광주-남구\n  region_class: 광역시\neducation:\n  level: 고등학교\n  field: null\noccupation: 무직\nfamily_type: 배우자와 거주\nhousing_type: 단독주택\nmarriage:\n  status: 배우자있음\n  marriage_year: 1980\n  spouse_death_year: null\n  divorce_year: null\nchildren:\n- name: 김광호\n  age: 44\n  sex: 남자\n  living_with: false\npreferences:\n  food: 김치찌개\n  food_source: random\n  hobby: 산책\n  hobby_source: text\n  culture: 내셔널 지오그래픽\n  culture_source: random\nhealth:\n  conditions:\n  - 백내장\n  - 관절염\n  - 당뇨\n  medications:\n  - 아세트아미노펜\n  - 셀레콕시브\n  - 메트포르민\n  - 글리메피리드\n'],김우준 씨의 최종 학력은 고등학교입니다.,김우준 씨의 최종 학력: 고등학교.,1.0,0.9148904119073332,0.9999999999,1.0,1,P015-Q03-T-학력,T-학력,고등학교
김우준 씨는 충청남에 살고 있다. (참/거짓),['id: P015\nuuid: 12744f5f07464afc88698eb917ed2446\nname: 김우준\nbirth_year: 1953\nage: 73\nsex: 남자\nresidence:\n  province: 광주\n  district: 광주-남구\n  region_class: 광역시\neducation:\n  level: 고등학교\n  field: null\noccupation: 무직\nfamily_type: 배우자와 거주\nhousing_type: 단독주택\nmarriage:\n  status: 배우자있음\n  marriage_year: 1980\n  spouse_death_year: null\n  divorce_year: null\nchildren:\n- name: 김광호\n  age: 44\n  sex: 남자\n  living_with: false\npreferences:\n  food: 김치찌개\n  food_source: random\n  hobby: 산책\n  hobby_source: text\n  culture: 내셔널 지오그래픽\n  culture_source: random\nhealth:\n  conditions:\n  - 백내장\n  - 관절염\n  - 당뇨\n  medications:\n  - 아세트아미노펜\n  - 셀레콕시브\n  - 메트포르민\n  - 글리메피리드\n'],F. 김우준 씨는 광주광역시 남구에 거주하고 있습니다.,제공된 페르소나 정보 기준 김우준 씨의 거주지: 광주 남구.,1.0,0.685300408523446,0.9999999999,0.5,1,P015-Q04-F-반대,F-반대,F
김우준 씨의 최근 가입한 동호회의 이름은 무엇인가요?,['id: P015\nuuid: 12744f5f07464afc88698eb917ed2446\nname: 김우준\nbirth_year: 1953\nage: 73\nsex: 남자\nresidence:\n  province: 광주\n  district: 광주-남구\n  region_class: 광역시\neducation:\n  level: 고등학교\n  field: null\noccupation: 무직\nfamily_type: 배우자와 거주\nhousing_type: 단독주택\nmarriage:\n  status: 배우자있음\n  marriage_year: 1980\n  spouse_death_year: null\n  divorce_year: null\nchildren:\n- name: 김광호\n  age: 44\n  sex: 남자\n  living_with: false\npreferences:\n  food: 김치찌개\n  food_source: random\n  hobby: 산책\n  hobby_source: text\n  culture: 내셔널 지오그래픽\n  culture_source: random\nhealth:\n  conditions:\n  - 백내장\n  - 관절염\n  - 당뇨\n  medications:\n  - 아세트아미노펜\n  - 셀레콕시브\n  - 메트포르민\n  - 글리메피리드\n'],정보 없음,제공된 페르소나 정보에는 김우준 씨에 대해 질문한 사실이 없습니다.,1.0,0.0,0.0,0.0,1,P015-Q05-F-비존재,F-비존재,정보 없음
김우준 씨는 1965년에 결혼했다. (참/거짓),['id: P015\nuuid: 12744f5f07464afc88698eb917ed2446\nname: 김우준\nbirth_year: 1953\nage: 73\nsex: 남자\nresidence:\n  province: 광주\n  district: 광주-남구\n  region_class: 광역시\neducation:\n  level: 고등학교\n  field: null\noccupation: 무직\nfamily_type: 배우자와 거주\nhousing_type: 단독주택\nmarriage:\n  status: 배우자있음\n  marriage_year: 1980\n  spouse_death_year: null\n  divorce_year: null\nchildren:\n- name: 김광호\n  age: 44\n  sex: 남자\n  living_with: false\npreferences:\n  food: 김치찌개\n  food_source: random\n  hobby: 산책\n  hobby_source: text\n  culture: 내셔널 지오그래픽\n  culture_source: random\nhealth:\n  conditions:\n  - 백내장\n  - 관절염\n  - 당뇨\n  medications:\n  - 아세트아미노펜\n  - 셀레콕시브\n  - 메트포르민\n  - 글리메피리드\n'],F. 김우준 씨는 1980년에 결혼했습니다.,제공된 페르소나 정보 기준 김우준 씨의 결혼 정보: 1980년에 결혼.,1.0,0.6754044995605918,0.9999999999,1.0,1,P015-Q06-F-시점오류,F-시점오류,F
김우준 씨는 광주 남시에 산다. (참/거짓),['id: P015\nuuid: 12744f5f07464afc88698eb917ed2446\nname: 김우준\nbirth_year: 1953\nage: 73\nsex: 남자\nresidence:\n  province: 광주\n  district: 광주-남구\n  region_class: 광역시\neducation:\n  level: 고등학교\n  field: null\noccupation: 무직\nfamily_type: 배우자와 거주\nhousing_type: 단독주택\nmarriage:\n  status: 배우자있음\n  marriage_year: 1980\n  spouse_death_year: null\n  divorce_year: null\nchildren:\n- name: 김광호\n  age: 44\n  sex: 남자\n  living_with: false\npreferences:\n  food: 김치찌개\n  food_source: random\n  hobby: 산책\n  hobby_source: text\n  culture: 내셔널 지오그래픽\n  culture_source: random\nhealth:\n  conditions:\n  - 백내장\n  - 관절염\n  - 당뇨\n  medications:\n  - 아세트아미노펜\n  - 셀레콕시브\n  - 메트포르민\n  - 글리메피리드\n'],F. 김우준 씨는 광주 남구가 아니라 광주 남구에 거주합니다.,제공된 페르소나 정보 기준 김우준 씨의 거주지: 광주 남구.,1.0,0.6688860527471335,0.9999999999,1.0,1,P015-Q07-ADV-부분일치,ADV-부분일치,F
김우준 씨는 1979년에 결혼했다. (참/거짓),['id: P015\nuuid: 12744f5f07464afc88698eb917ed2446\nname: 김우준\nbirth_year: 1953\nage: 73\nsex: 남자\nresidence:\n  province: 광주\n  district: 광주-남구\n  region_class: 광역시\neducation:\n  level: 고등학교\n  field: null\noccupation: 무직\nfamily_type: 배우자와 거주\nhousing_type: 단독주택\nmarriage:\n  status: 배우자있음\n  marriage_year: 1980\n  spouse_death_year: null\n  divorce_year: null\nchildren:\n- name: 김광호\n  age: 44\n  sex: 남자\n  living_with: false\npreferences:\n  food: 김치찌개\n  food_source: random\n  hobby: 산책\n  hobby_source: text\n  culture: 내셔널 지오그래픽\n  culture_source: random\nhealth:\n  conditions:\n  - 백내장\n  - 관절염\n  - 당뇨\n  medications:\n  - 아세트아미노펜\n  - 셀레콕시브\n  - 메트포르민\n  - 글리메피리드\n'],F. 김우준 씨는 1980년에 결혼했습니다.,제공된 페르소나 정보 기준 김우준 씨의 결혼 정보: 1980년에 결혼.,1.0,0.6802363045392811,0.9999999999,0.0,1,P015-Q08-ADV-시점근접,ADV-시점근접,F
김우준 씨의 자녀 이름은 김기훈이다. (참/거짓),['id: P015\nuuid: 12744f5f07464afc88698eb917ed2446\nname: 김우준\nbirth_year: 1953\nage: 73\nsex: 남자\nresidence:\n  province: 광주\n  district: 광주-남구\n  region_class: 광역시\neducation:\n  level: 고등학교\n  field: null\noccupation: 무직\nfamily_type: 배우자와 거주\nhousing_type: 단독주택\nmarriage:\n  status: 배우자있음\n  marriage_year: 1980\n  spouse_death_year: null\n  divorce_year: null\nchildren:\n- name: 김광호\n  age: 44\n  sex: 남자\n  living_with: false\npreferences:\n  food: 김치찌개\n  food_source: random\n  hobby: 산책\n  hobby_source: text\n  culture: 내셔널 지오그래픽\n  culture_source: random\nhealth:\n  conditions:\n  - 백내장\n  - 관절염\n  - 당뇨\n  medications:\n  - 아세트아미노펜\n  - 셀레콕시브\n  - 메트포르민\n  - 글리메피리드\n'],F. 자녀의 이름은 김광호입니다.,제공된 페르소나 정보 기준 김우준 씨의 자녀 정보: 자녀 1명(김광호).,1.0,0.5072865852992743,0.0,0.5,1,P015-Q09-ADV-유사인물,ADV-유사인물,F
이순옥 씨의 거주지는 어디인가요?,['id: P016\nuuid: 3a37d2c60bf94c10ba36f8fe7da708e4\nname: 이순옥\nbirth_year: 1956\nage: 70\nsex: 여자\nresidence:\n  province: 충청남\n  district: 충청남-태안군\n  region_class: 지방\neducation:\n  level: 무학\n  field: null\noccupation: 무직\nfamily_type: 혼자 거주\nhousing_type: 아파트\nmarriage:\n  status: 이혼\n  marriage_year: 1981\n  spouse_death_year: null\n  divorce_year: 2008\nchildren: []\npreferences:\n  food: 비빔밥\n  food_source: random\n  hobby: 사진 찍기\n  hobby_source: random\n  culture: 9시 뉴스\n  culture_source: random\nhealth:\n  conditions:\n  - 백내장\n  - 고지혈증\n  medications:\n  - 아토르바스타틴\n  - 로수바스타틴\n'],충청남도 태안군에 거주하고 계십니다.,이순옥 씨의 거주지: 충청남 태안군.,1.0,0.5254312367798043,0.9999999999,1.0,1,P016-Q01-T-거주지,T-거주지,충청남 태안군
이순옥 씨의 직업은 무엇인가요?,['id: P016\nuuid: 3a37d2c60bf94c10ba36f8fe7da708e4\nname: 이순옥\nbirth_year: 1956\nage: 70\nsex: 여자\nresidence:\n  province: 충청남\n  district: 충청남-태안군\n  region_class: 지방\neducation:\n  level: 무학\n  field: null\noccupation: 무직\nfamily_type: 혼자 거주\nhousing_type: 아파트\nmarriage:\n  status: 이혼\n  marriage_year: 1981\n  spouse_death_year: null\n  divorce_year: 2008\nchildren: []\npreferences:\n  food: 비빔밥\n  food_source: random\n  hobby: 사진 찍기\n  hobby_source: random\n  culture: 9시 뉴스\n  culture_source: random\nhealth:\n  conditions:\n  - 백내장\n  - 고지혈증\n  medications:\n  - 아토르바스타틴\n  - 로수바스타틴\n'],이순옥 씨의 직업은 무직입니다.,이순옥 씨의 직업: 무직.,1.0,0.9671228445874248,0.9999999999,1.0,1,P016-Q02-T-직업,T-직업,무직
이순옥 씨의 최종 학력은 무엇인가요?,['id: P016\nuuid: 3a37d2c60bf94c10ba36f8fe7da708e4\nname: 이순옥\nbirth_year: 1956\nage: 70\nsex: 여자\nresidence:\n  province: 충청남\n  district: 충청남-태안군\n  region_class: 지방\neducation:\n  level: 무학\n  field: null\noccupation: 무직\nfamily_type: 혼자 거주\nhousing_type: 아파트\nmarriage:\n  status: 이혼\n  marriage_year: 1981\n  spouse_death_year: null\n  divorce_year: 2008\nchildren: []\npreferences:\n  food: 비빔밥\n  food_source: random\n  hobby: 사진 찍기\n  hobby_source: random\n  culture: 9시 뉴스\n  culture_source: random\nhealth:\n  conditions:\n  - 백내장\n  - 고지혈증\n  medications:\n  - 아토르바스타틴\n  - 로수바스타틴\n'],이순옥 씨의 최종 학력은 무학입니다.,이순옥 씨의 최종 학력: 무학.,1.0,0.9110095052642324,0.9999999999,1.0,1,P016-Q03-T-학력,T-학력,무학
이순옥 씨는 인천에 살고 있다. (참/거짓),['id: P016\nuuid: 3a37d2c60bf94c10ba36f8fe7da708e4\nname: 이순옥\nbirth_year: 1956\nage: 70\nsex: 여자\nresidence:\n  province: 충청남\n  district: 충청남-태안군\n  region_class: 지방\neducation:\n  level: 무학\n  field: null\noccupation: 무직\nfamily_type: 혼자 거주\nhousing_type: 아파트\nmarriage:\n  status: 이혼\n  marriage_year: 1981\n  spouse_death_year: null\n  divorce_year: 2008\nchildren: []\npreferences:\n  food: 비빔밥\n  food_source: random\n  hobby: 사진 찍기\n  hobby_source: random\n  culture: 9시 뉴스\n  culture_source: random\nhealth:\n  conditions:\n  - 백내장\n  - 고지혈증\n  medications:\n  - 아토르바스타틴\n  - 로수바스타틴\n'],F. 충청남도 태안군에 거주하고 있습니다.,제공된 페르소나 정보 기준 이순옥 씨의 거주지: 충청남 태안군.,1.0,0.4814253184626487,0.9999999999,0.0,1,P016-Q04-F-반대,F-반대,F
이순옥 씨의 반려동물의 이름은 무엇인가요?,['id: P016\nuuid: 3a37d2c60bf94c10ba36f8fe7da708e4\nname: 이순옥\nbirth_year: 1956\nage: 70\nsex: 여자\nresidence:\n  province: 충청남\n  district: 충청남-태안군\n  region_class: 지방\neducation:\n  level: 무학\n  field: null\noccupation: 무직\nfamily_type: 혼자 거주\nhousing_type: 아파트\nmarriage:\n  status: 이혼\n  marriage_year: 1981\n  spouse_death_year: null\n  divorce_year: 2008\nchildren: []\npreferences:\n  food: 비빔밥\n  food_source: random\n  hobby: 사진 찍기\n  hobby_source: random\n  culture: 9시 뉴스\n  culture_source: random\nhealth:\n  conditions:\n  - 백내장\n  - 고지혈증\n  medications:\n  - 아토르바스타틴\n  - 로수바스타틴\n'],정보 없음,제공된 페르소나 정보에는 이순옥 씨에 대해 질문한 사실이 없습니다.,1.0,0.0,0.0,0.0,1,P016-Q05-F-비존재,F-비존재,정보 없음
이순옥 씨는 1966년에 결혼했다. (참/거짓),['id: P016\nuuid: 3a37d2c60bf94c10ba36f8fe7da708e4\nname: 이순옥\nbirth_year: 1956\nage: 70\nsex: 여자\nresidence:\n  province: 충청남\n  district: 충청남-태안군\n  region_class: 지방\neducation:\n  level: 무학\n  field: null\noccupation: 무직\nfamily_type: 혼자 거주\nhousing_type: 아파트\nmarriage:\n  status: 이혼\n  marriage_year: 1981\n  spouse_death_year: null\n  divorce_year: 2008\nchildren: []\npreferences:\n  food: 비빔밥\n  food_source: random\n  hobby: 사진 찍기\n  hobby_source: random\n  culture: 9시 뉴스\n  culture_source: random\nhealth:\n  conditions:\n  - 백내장\n  - 고지혈증\n  medications:\n  - 아토르바스타틴\n  - 로수바스타틴\n'],F. 이순옥 씨는 1981년에 결혼했습니다.,제공된 페르소나 정보 기준 이순옥 씨의 결혼 정보: 1981년에 결혼.,0.5,0.5755576206413479,0.9999999999,1.0,1,P016-Q06-F-시점오류,F-시점오류,F
이순옥 씨는 충청남 태안구에 산다. (참/거짓),['id: P016\nuuid: 3a37d2c60bf94c10ba36f8fe7da708e4\nname: 이순옥\nbirth_year: 1956\nage: 70\nsex: 여자\nresidence:\n  province: 충청남\n  district: 충청남-태안군\n  region_class: 지방\neducation:\n  level: 무학\n  field: null\noccupation: 무직\nfamily_type: 혼자 거주\nhousing_type: 아파트\nmarriage:\n  status: 이혼\n  marriage_year: 1981\n  spouse_death_year: null\n  divorce_year: 2008\nchildren: []\npreferences:\n  food: 비빔밥\n  food_source: random\n  hobby: 사진 찍기\n  hobby_source: random\n  culture: 9시 뉴스\n  culture_source: random\nhealth:\n  conditions:\n  - 백내장\n  - 고지혈증\n  medications:\n  - 아토르바스타틴\n  - 로수바스타틴\n'],T. 충청남 충청남-태안군에 거주합니다.,제공된 페르소나 정보 기준 이순옥 씨의 거주지: 충청남 태안군.,1.0,0.4488533244356866,0.9999999999,1.0,1,P016-Q07-ADV-부분일치,ADV-부분일치,F
이순옥 씨는 1982년에 결혼했다. (참/거짓),['id: P016\nuuid: 3a37d2c60bf94c10ba36f8fe7da708e4\nname: 이순옥\nbirth_year: 1956\nage: 70\nsex: 여자\nresidence:\n  province: 충청남\n  district: 충청남-태안군\n  region_class: 지방\neducation:\n  level: 무학\n  field: null\noccupation: 무직\nfamily_type: 혼자 거주\nhousing_type: 아파트\nmarriage:\n  status: 이혼\n  marriage_year: 1981\n  spouse_death_year: null\n  divorce_year: 2008\nchildren: []\npreferences:\n  food: 비빔밥\n  food_source: random\n  hobby: 사진 찍기\n  hobby_source: random\n  culture: 9시 뉴스\n  culture_source: random\nhealth:\n  conditions:\n  - 백내장\n  - 고지혈증\n  medications:\n  - 아토르바스타틴\n  - 로수바스타틴\n'],F. 이순옥 씨는 1981년에 결혼했습니다.,제공된 페르소나 정보 기준 이순옥 씨의 결혼 정보: 1981년에 결혼.,1.0,0.570563814247327,0.9999999999,0.0,1,P016-Q08-ADV-시점근접,ADV-시점근접,F
이 사람의 이름은 이유진이다. (참/거짓),['id: P016\nuuid: 3a37d2c60bf94c10ba36f8fe7da708e4\nname: 이순옥\nbirth_year: 1956\nage: 70\nsex: 여자\nresidence:\n  province: 충청남\n  district: 충청남-태안군\n  region_class: 지방\neducation:\n  level: 무학\n  field: null\noccupation: 무직\nfamily_type: 혼자 거주\nhousing_type: 아파트\nmarriage:\n  status: 이혼\n  marriage_year: 1981\n  spouse_death_year: null\n  divorce_year: 2008\nchildren: []\npreferences:\n  food: 비빔밥\n  food_source: random\n  hobby: 사진 찍기\n  hobby_source: random\n  culture: 9시 뉴스\n  culture_source: random\nhealth:\n  conditions:\n  - 백내장\n  - 고지혈증\n  medications:\n  - 아토르바스타틴\n  - 로수바스타틴\n'],F. 이 사람의 이름은 이순옥입니다.,제공된 페르소나 정보 기준 이순옥 씨의 이름: 이순옥.,1.0,0.6518430875344948,0.9999999999,0.0,1,P016-Q09-ADV-유사인물,ADV-유사인물,F
이남수 씨의 거주지는 어디인가요?,['id: P017\nuuid: 401589cb2a304247bbc6f3bb5ed7442e\nname: 이남수\nbirth_year: 1956\nage: 70\nsex: 여자\nresidence:\n  province: 경기\n  district: 경기-고양시 덕양구\n  region_class: 수도권\neducation:\n  level: 고등학교\n  field: null\noccupation: 무직\nfamily_type: 배우자와 거주\nhousing_type: 아파트\nmarriage:\n  status: 배우자있음\n  marriage_year: 1986\n  spouse_death_year: null\n  divorce_year: null\nchildren:\n- name: 이지영\n  age: 35\n  sex: 여자\n  living_with: false\n- name: 이영숙\n  age: 33\n  sex: 여자\n  living_with: false\npreferences:\n  food: 삼계탕\n  food_source: random\n  hobby: 노래 부르기\n  hobby_source: random\n  culture: 트로트\n  culture_source: random\nhealth:\n  conditions:\n  - 협심증\n  - 백내장\n  - 골다공증\n  medications:\n  - 니트로글리세린\n  - 아스피린\n  - 알렌드로네이트\n'],경기도 고양시 덕양구에 거주하고 있습니다.,이남수 씨의 거주지: 경기 고양시 덕양구.,1.0,0.5337841623499132,0.9999999999,1.0,1,P017-Q01-T-거주지,T-거주지,경기 고양시 덕양구
이남수 씨의 직업은 무엇인가요?,['id: P017\nuuid: 401589cb2a304247bbc6f3bb5ed7442e\nname: 이남수\nbirth_year: 1956\nage: 70\nsex: 여자\nresidence:\n  province: 경기\n  district: 경기-고양시 덕양구\n  region_class: 수도권\neducation:\n  level: 고등학교\n  field: null\noccupation: 무직\nfamily_type: 배우자와 거주\nhousing_type: 아파트\nmarriage:\n  status: 배우자있음\n  marriage_year: 1986\n  spouse_death_year: null\n  divorce_year: null\nchildren:\n- name: 이지영\n  age: 35\n  sex: 여자\n  living_with: false\n- name: 이영숙\n  age: 33\n  sex: 여자\n  living_with: false\npreferences:\n  food: 삼계탕\n  food_source: random\n  hobby: 노래 부르기\n  hobby_source: random\n  culture: 트로트\n  culture_source: random\nhealth:\n  conditions:\n  - 협심증\n  - 백내장\n  - 골다공증\n  medications:\n  - 니트로글리세린\n  - 아스피린\n  - 알렌드로네이트\n'],이남수 씨의 직업은 무직입니다.,이남수 씨의 직업: 무직.,1.0,0.5784527236670983,0.9999999999,1.0,1,P017-Q02-T-직업,T-직업,무직
이남수 씨의 최종 학력은 무엇인가요?,['id: P017\nuuid: 401589cb2a304247bbc6f3bb5ed7442e\nname: 이남수\nbirth_year: 1956\nage: 70\nsex: 여자\nresidence:\n  province: 경기\n  district: 경기-고양시 덕양구\n  region_class: 수도권\neducation:\n  level: 고등학교\n  field: null\noccupation: 무직\nfamily_type: 배우자와 거주\nhousing_type: 아파트\nmarriage:\n  status: 배우자있음\n  marriage_year: 1986\n  spouse_death_year: null\n  divorce_year: null\nchildren:\n- name: 이지영\n  age: 35\n  sex: 여자\n  living_with: false\n- name: 이영숙\n  age: 33\n  sex: 여자\n  living_with: false\npreferences:\n  food: 삼계탕\n  food_source: random\n  hobby: 노래 부르기\n  hobby_source: random\n  culture: 트로트\n  culture_source: random\nhealth:\n  conditions:\n  - 협심증\n  - 백내장\n  - 골다공증\n  medications:\n  - 니트로글리세린\n  - 아스피린\n  - 알렌드로네이트\n'],이남수 씨의 최종 학력은 고등학교입니다.,이남수 씨의 최종 학력: 고등학교.,1.0,0.9078796498425724,0.9999999999,1.0,1,P017-Q03-T-학력,T-학력,고등학교
이남수 씨는 경상북에 살고 있다. (참/거짓),['id: P017\nuuid: 401589cb2a304247bbc6f3bb5ed7442e\nname: 이남수\nbirth_year: 1956\nage: 70\nsex: 여자\nresidence:\n  province: 경기\n  district: 경기-고양시 덕양구\n  region_class: 수도권\neducation:\n  level: 고등학교\n  field: null\noccupation: 무직\nfamily_type: 배우자와 거주\nhousing_type: 아파트\nmarriage:\n  status: 배우자있음\n  marriage_year: 1986\n  spouse_death_year: null\n  divorce_year: null\nchildren:\n- name: 이지영\n  age: 35\n  sex: 여자\n  living_with: false\n- name: 이영숙\n  age: 33\n  sex: 여자\n  living_with: false\npreferences:\n  food: 삼계탕\n  food_source: random\n  hobby: 노래 부르기\n  hobby_source: random\n  culture: 트로트\n  culture_source: random\nhealth:\n  conditions:\n  - 협심증\n  - 백내장\n  - 골다공증\n  medications:\n  - 니트로글리세린\n  - 아스피린\n  - 알렌드로네이트\n'],F. 이남수 씨는 경기-고양시 덕양구에 거주하고 있습니다.,제공된 페르소나 정보 기준 이남수 씨의 거주지: 경기 고양시 덕양구.,1.0,0.4589449379824564,0.9999999999,0.0,1,P017-Q04-F-반대,F-반대,F
이남수 씨의 현재 운영 중인 사업자명은 무엇인가요?,['id: P017\nuuid: 401589cb2a304247bbc6f3bb5ed7442e\nname: 이남수\nbirth_year: 1956\nage: 70\nsex: 여자\nresidence:\n  province: 경기\n  district: 경기-고양시 덕양구\n  region_class: 수도권\neducation:\n  level: 고등학교\n  field: null\noccupation: 무직\nfamily_type: 배우자와 거주\nhousing_type: 아파트\nmarriage:\n  status: 배우자있음\n  marriage_year: 1986\n  spouse_death_year: null\n  divorce_year: null\nchildren:\n- name: 이지영\n  age: 35\n  sex: 여자\n  living_with: false\n- name: 이영숙\n  age: 33\n  sex: 여자\n  living_with: false\npreferences:\n  food: 삼계탕\n  food_source: random\n  hobby: 노래 부르기\n  hobby_source: random\n  culture: 트로트\n  culture_source: random\nhealth:\n  conditions:\n  - 협심증\n  - 백내장\n  - 골다공증\n  medications:\n  - 니트로글리세린\n  - 아스피린\n  - 알렌드로네이트\n'],정보 없음,제공된 페르소나 정보에는 이남수 씨에 대해 질문한 사실이 없습니다.,1.0,0.0,0.0,0.0,1,P017-Q05-F-비존재,F-비존재,정보 없음
이남수 씨는 2001년에 결혼했다. (참/거짓),['id: P017\nuuid: 401589cb2a304247bbc6f3bb5ed7442e\nname: 이남수\nbirth_year: 1956\nage: 70\nsex: 여자\nresidence:\n  province: 경기\n  district: 경기-고양시 덕양구\n  region_class: 수도권\neducation:\n  level: 고등학교\n  field: null\noccupation: 무직\nfamily_type: 배우자와 거주\nhousing_type: 아파트\nmarriage:\n  status: 배우자있음\n  marriage_year: 1986\n  spouse_death_year: null\n  divorce_year: null\nchildren:\n- name: 이지영\n  age: 35\n  sex: 여자\n  living_with: false\n- name: 이영숙\n  age: 33\n  sex: 여자\n  living_with: false\npreferences:\n  food: 삼계탕\n  food_source: random\n  hobby: 노래 부르기\n  hobby_source: random\n  culture: 트로트\n  culture_source: random\nhealth:\n  conditions:\n  - 협심증\n  - 백내장\n  - 골다공증\n  medications:\n  - 니트로글리세린\n  - 아스피린\n  - 알렌드로네이트\n'],F. 이남수 씨의 결혼 연도는 1986년입니다.,제공된 페르소나 정보 기준 이남수 씨의 결혼 정보: 1986년에 결혼.,1.0,0.5605688971303388,0.9999999999,0.0,1,P017-Q06-F-시점오류,F-시점오류,F
이남수 씨는 경기 고양시 덕양시에 산다. (참/거짓),['id: P017\nuuid: 401589cb2a304247bbc6f3bb5ed7442e\nname: 이남수\nbirth_year: 1956\nage: 70\nsex: 여자\nresidence:\n  province: 경기\n  district: 경기-고양시 덕양구\n  region_class: 수도권\neducation:\n  level: 고등학교\n  field: null\noccupation: 무직\nfamily_type: 배우자와 거주\nhousing_type: 아파트\nmarriage:\n  status: 배우자있음\n  marriage_year: 1986\n  spouse_death_year: null\n  divorce_year: null\nchildren:\n- name: 이지영\n  age: 35\n  sex: 여자\n  living_with: false\n- name: 이영숙\n  age: 33\n  sex: 여자\n  living_with: false\npreferences:\n  food: 삼계탕\n  food_source: random\n  hobby: 노래 부르기\n  hobby_source: random\n  culture: 트로트\n  culture_source: random\nhealth:\n  conditions:\n  - 협심증\n  - 백내장\n  - 골다공증\n  medications:\n  - 니트로글리세린\n  - 아스피린\n  - 알렌드로네이트\n'],T. 거주지가 경기-고양시 덕양구로 명시되어 있습니다.,제공된 페르소나 정보 기준 이남수 씨의 거주지: 경기 고양시 덕양구.,1.0,0.5538667978066432,0.9999999999,1.0,1,P017-Q07-ADV-부분일치,ADV-부분일치,F
이남수 씨는 1985년에 결혼했다. (참/거짓),['id: P017\nuuid: 401589cb2a304247bbc6f3bb5ed7442e\nname: 이남수\nbirth_year: 1956\nage: 70\nsex: 여자\nresidence:\n  province: 경기\n  district: 경기-고양시 덕양구\n  region_class: 수도권\neducation:\n  level: 고등학교\n  field: null\noccupation: 무직\nfamily_type: 배우자와 거주\nhousing_type: 아파트\nmarriage:\n  status: 배우자있음\n  marriage_year: 1986\n  spouse_death_year: null\n  divorce_year: null\nchildren:\n- name: 이지영\n  age: 35\n  sex: 여자\n  living_with: false\n- name: 이영숙\n  age: 33\n  sex: 여자\n  living_with: false\npreferences:\n  food: 삼계탕\n  food_source: random\n  hobby: 노래 부르기\n  hobby_source: random\n  culture: 트로트\n  culture_source: random\nhealth:\n  conditions:\n  - 협심증\n  - 백내장\n  - 골다공증\n  medications:\n  - 니트로글리세린\n  - 아스피린\n  - 알렌드로네이트\n'],F. 이남수 씨의 결혼 연도는 1986년입니다.,제공된 페르소나 정보 기준 이남수 씨의 결혼 정보: 1986년에 결혼.,1.0,0.5528619564980713,0.9999999999,0.0,1,P017-Q08-ADV-시점근접,ADV-시점근접,F
이남수 씨의 자녀 이름은 이지윤이다. (참/거짓),['id: P017\nuuid: 401589cb2a304247bbc6f3bb5ed7442e\nname: 이남수\nbirth_year: 1956\nage: 70\nsex: 여자\nresidence:\n  province: 경기\n  district: 경기-고양시 덕양구\n  region_class: 수도권\neducation:\n  level: 고등학교\n  field: null\noccupation: 무직\nfamily_type: 배우자와 거주\nhousing_type: 아파트\nmarriage:\n  status: 배우자있음\n  marriage_year: 1986\n  spouse_death_year: null\n  divorce_year: null\nchildren:\n- name: 이지영\n  age: 35\n  sex: 여자\n  living_with: false\n- name: 이영숙\n  age: 33\n  sex: 여자\n  living_with: false\npreferences:\n  food: 삼계탕\n  food_source: random\n  hobby: 노래 부르기\n  hobby_source: random\n  culture: 트로트\n  culture_source: random\nhealth:\n  conditions:\n  - 협심증\n  - 백내장\n  - 골다공증\n  medications:\n  - 니트로글리세린\n  - 아스피린\n  - 알렌드로네이트\n'],F. 자녀의 이름은 이지영과 이영숙입니다.,"제공된 페르소나 정보 기준 이남수 씨의 자녀 정보: 자녀 2명(이지영, 이영숙).",1.0,0.4912050725350099,0.0,0.0,1,P017-Q09-ADV-유사인물,ADV-유사인물,F
허예숙 씨의 거주지는 어디인가요?,['id: P018\nuuid: 493e06ff969d42a79864959657e2fa47\nname: 허예숙\nbirth_year: 1948\nage: 78\nsex: 여자\nresidence:\n  province: 부산\n  district: 부산-사하구\n  region_class: 광역시\neducation:\n  level: 중학교\n  field: null\noccupation: 무직\nfamily_type: 혼자 거주\nhousing_type: 아파트\nmarriage:\n  status: 사별\n  marriage_year: 1976\n  spouse_death_year: 2011\n  divorce_year: null\nchildren:\n- name: 허현주\n  age: 46\n  sex: 여자\n  living_with: false\n- name: 허수정\n  age: 42\n  sex: 여자\n  living_with: false\npreferences:\n  food: 파전\n  food_source: random\n  hobby: 꽃꽂이\n  hobby_source: random\n  culture: 트로트\n  culture_source: text\nhealth:\n  conditions:\n  - 갑상선 저하증\n  - 백내장\n  medications:\n  - 레보티록신\n'],부산시 사하구에 거주하고 계십니다.,허예숙 씨의 거주지: 부산 사하구.,1.0,0.6199507891282959,0.9999999999,1.0,1,P018-Q01-T-거주지,T-거주지,부산 사하구
허예숙 씨의 직업은 무엇인가요?,['id: P018\nuuid: 493e06ff969d42a79864959657e2fa47\nname: 허예숙\nbirth_year: 1948\nage: 78\nsex: 여자\nresidence:\n  province: 부산\n  district: 부산-사하구\n  region_class: 광역시\neducation:\n  level: 중학교\n  field: null\noccupation: 무직\nfamily_type: 혼자 거주\nhousing_type: 아파트\nmarriage:\n  status: 사별\n  marriage_year: 1976\n  spouse_death_year: 2011\n  divorce_year: null\nchildren:\n- name: 허현주\n  age: 46\n  sex: 여자\n  living_with: false\n- name: 허수정\n  age: 42\n  sex: 여자\n  living_with: false\npreferences:\n  food: 파전\n  food_source: random\n  hobby: 꽃꽂이\n  hobby_source: random\n  culture: 트로트\n  culture_source: text\nhealth:\n  conditions:\n  - 갑상선 저하증\n  - 백내장\n  medications:\n  - 레보티록신\n'],허예숙 씨의 직업은 무직입니다.,허예숙 씨의 직업: 무직.,1.0,0.966471039761188,0.9999999999,1.0,1,P018-Q02-T-직업,T-직업,무직
허예숙 씨의 최종 학력은 무엇인가요?,['id: P018\nuuid: 493e06ff969d42a79864959657e2fa47\nname: 허예숙\nbirth_year: 1948\nage: 78\nsex: 여자\nresidence:\n  province: 부산\n  district: 부산-사하구\n  region_class: 광역시\neducation:\n  level: 중학교\n  field: null\noccupation: 무직\nfamily_type: 혼자 거주\nhousing_type: 아파트\nmarriage:\n  status: 사별\n  marriage_year: 1976\n  spouse_death_year: 2011\n  divorce_year: null\nchildren:\n- name: 허현주\n  age: 46\n  sex: 여자\n  living_with: false\n- name: 허수정\n  age: 42\n  sex: 여자\n  living_with: false\npreferences:\n  food: 파전\n  food_source: random\n  hobby: 꽃꽂이\n  hobby_source: random\n  culture: 트로트\n  culture_source: text\nhealth:\n  conditions:\n  - 갑상선 저하증\n  - 백내장\n  medications:\n  - 레보티록신\n'],허예숙 씨의 최종 학력은 중학교입니다.,허예숙 씨의 최종 학력: 중학교.,1.0,0.9260670136474796,0.9999999999,1.0,1,P018-Q03-T-학력,T-학력,중학교
허예숙 씨는 충청북에 살고 있다. (참/거짓),['id: P018\nuuid: 493e06ff969d42a79864959657e2fa47\nname: 허예숙\nbirth_year: 1948\nage: 78\nsex: 여자\nresidence:\n  province: 부산\n  district: 부산-사하구\n  region_class: 광역시\neducation:\n  level: 중학교\n  field: null\noccupation: 무직\nfamily_type: 혼자 거주\nhousing_type: 아파트\nmarriage:\n  status: 사별\n  marriage_year: 1976\n  spouse_death_year: 2011\n  divorce_year: null\nchildren:\n- name: 허현주\n  age: 46\n  sex: 여자\n  living_with: false\n- name: 허수정\n  age: 42\n  sex: 여자\n  living_with: false\npreferences:\n  food: 파전\n  food_source: random\n  hobby: 꽃꽂이\n  hobby_source: random\n  culture: 트로트\n  culture_source: text\nhealth:\n  conditions:\n  - 갑상선 저하증\n  - 백내장\n  medications:\n  - 레보티록신\n'],F. 부산광역시 사하구에 거주하고 있습니다.,제공된 페르소나 정보 기준 허예숙 씨의 거주지: 부산 사하구.,1.0,0.4814260007953763,0.9999999999,0.0,1,P018-Q04-F-반대,F-반대,F
허예숙 씨의 최근 가입한 동호회의 이름은 무엇인가요?,['id: P018\nuuid: 493e06ff969d42a79864959657e2fa47\nname: 허예숙\nbirth_year: 1948\nage: 78\nsex: 여자\nresidence:\n  province: 부산\n  district: 부산-사하구\n  region_class: 광역시\neducation:\n  level: 중학교\n  field: null\noccupation: 무직\nfamily_type: 혼자 거주\nhousing_type: 아파트\nmarriage:\n  status: 사별\n  marriage_year: 1976\n  spouse_death_year: 2011\n  divorce_year: null\nchildren:\n- name: 허현주\n  age: 46\n  sex: 여자\n  living_with: false\n- name: 허수정\n  age: 42\n  sex: 여자\n  living_with: false\npreferences:\n  food: 파전\n  food_source: random\n  hobby: 꽃꽂이\n  hobby_source: random\n  culture: 트로트\n  culture_source: text\nhealth:\n  conditions:\n  - 갑상선 저하증\n  - 백내장\n  medications:\n  - 레보티록신\n'],정보 없음,제공된 페르소나 정보에는 허예숙 씨에 대해 질문한 사실이 없습니다.,1.0,0.0,0.0,0.0,1,P018-Q05-F-비존재,F-비존재,정보 없음
허예숙 씨는 1986년에 결혼했다. (참/거짓),['id: P018\nuuid: 493e06ff969d42a79864959657e2fa47\nname: 허예숙\nbirth_year: 1948\nage: 78\nsex: 여자\nresidence:\n  province: 부산\n  district: 부산-사하구\n  region_class: 광역시\neducation:\n  level: 중학교\n  field: null\noccupation: 무직\nfamily_type: 혼자 거주\nhousing_type: 아파트\nmarriage:\n  status: 사별\n  marriage_year: 1976\n  spouse_death_year: 2011\n  divorce_year: null\nchildren:\n- name: 허현주\n  age: 46\n  sex: 여자\n  living_with: false\n- name: 허수정\n  age: 42\n  sex: 여자\n  living_with: false\npreferences:\n  food: 파전\n  food_source: random\n  hobby: 꽃꽂이\n  hobby_source: random\n  culture: 트로트\n  culture_source: text\nhealth:\n  conditions:\n  - 갑상선 저하증\n  - 백내장\n  medications:\n  - 레보티록신\n'],F. 허예숙 씨는 1976년에 결혼했습니다.,제공된 페르소나 정보 기준 허예숙 씨의 결혼 정보: 1976년에 결혼.,1.0,0.5617198312040919,0.9999999999,1.0,1,P018-Q06-F-시점오류,F-시점오류,F
허예숙 씨는 부산 사하시에 산다. (참/거짓),['id: P018\nuuid: 493e06ff969d42a79864959657e2fa47\nname: 허예숙\nbirth_year: 1948\nage: 78\nsex: 여자\nresidence:\n  province: 부산\n  district: 부산-사하구\n  region_class: 광역시\neducation:\n  level: 중학교\n  field: null\noccupation: 무직\nfamily_type: 혼자 거주\nhousing_type: 아파트\nmarriage:\n  status: 사별\n  marriage_year: 1976\n  spouse_death_year: 2011\n  divorce_year: null\nchildren:\n- name: 허현주\n  age: 46\n  sex: 여자\n  living_with: false\n- name: 허수정\n  age: 42\n  sex: 여자\n  living_with: false\npreferences:\n  food: 파전\n  food_source: random\n  hobby: 꽃꽂이\n  hobby_source: random\n  culture: 트로트\n  culture_source: text\nhealth:\n  conditions:\n  - 갑상선 저하증\n  - 백내장\n  medications:\n  - 레보티록신\n'],F. 부산광역시 사하구에 거주합니다.,제공된 페르소나 정보 기준 허예숙 씨의 거주지: 부산 사하구.,0.5,0.4630325114410161,0.9999999999,1.0,1,P018-Q07-ADV-부분일치,ADV-부분일치,F
허예숙 씨는 1975년에 결혼했다. (참/거짓),['id: P018\nuuid: 493e06ff969d42a79864959657e2fa47\nname: 허예숙\nbirth_year: 1948\nage: 78\nsex: 여자\nresidence:\n  province: 부산\n  district: 부산-사하구\n  region_class: 광역시\neducation:\n  level: 중학교\n  field: null\noccupation: 무직\nfamily_type: 혼자 거주\nhousing_type: 아파트\nmarriage:\n  status: 사별\n  marriage_year: 1976\n  spouse_death_year: 2011\n  divorce_year: null\nchildren:\n- name: 허현주\n  age: 46\n  sex: 여자\n  living_with: false\n- name: 허수정\n  age: 42\n  sex: 여자\n  living_with: false\npreferences:\n  food: 파전\n  food_source: random\n  hobby: 꽃꽂이\n  hobby_source: random\n  culture: 트로트\n  culture_source: text\nhealth:\n  conditions:\n  - 갑상선 저하증\n  - 백내장\n  medications:\n  - 레보티록신\n'],F. 허예숙 씨는 1976년에 결혼했습니다.,제공된 페르소나 정보 기준 허예숙 씨의 결혼 정보: 1976년에 결혼.,1.0,0.5370017495928076,0.9999999999,0.0,1,P018-Q08-ADV-시점근접,ADV-시점근접,F
허예숙 씨의 자녀 이름은 허민지이다. (참/거짓),['id: P018\nuuid: 493e06ff969d42a79864959657e2fa47\nname: 허예숙\nbirth_year: 1948\nage: 78\nsex: 여자\nresidence:\n  province: 부산\n  district: 부산-사하구\n  region_class: 광역시\neducation:\n  level: 중학교\n  field: null\noccupation: 무직\nfamily_type: 혼자 거주\nhousing_type: 아파트\nmarriage:\n  status: 사별\n  marriage_year: 1976\n  spouse_death_year: 2011\n  divorce_year: null\nchildren:\n- name: 허현주\n  age: 46\n  sex: 여자\n  living_with: false\n- name: 허수정\n  age: 42\n  sex: 여자\n  living_with: false\npreferences:\n  food: 파전\n  food_source: random\n  hobby: 꽃꽂이\n  hobby_source: random\n  culture: 트로트\n  culture_source: text\nhealth:\n  conditions:\n  - 갑상선 저하증\n  - 백내장\n  medications:\n  - 레보티록신\n'],F. 자녀의 이름은 허현주와 허수정입니다.,"제공된 페르소나 정보 기준 허예숙 씨의 자녀 정보: 자녀 2명(허현주, 허수정).",1.0,0.5192630640236288,0.0,0.0,1,P018-Q09-ADV-유사인물,ADV-유사인물,F
신춘자 씨의 거주지는 어디인가요?,['id: P019\nuuid: ea934e3963324a1c895766f1b94cfb43\nname: 신춘자\nbirth_year: 1947\nage: 79\nsex: 여자\nresidence:\n  province: 강원\n  district: 강원-홍천군\n  region_class: 지방\neducation:\n  level: 초등학교\n  field: null\noccupation: 무직\nfamily_type: 배우자와 거주\nhousing_type: 단독주택\nmarriage:\n  status: 배우자있음\n  marriage_year: 1977\n  spouse_death_year: null\n  divorce_year: null\nchildren:\n- name: 신민지\n  age: 44\n  sex: 여자\n  living_with: false\npreferences:\n  food: 된장찌개\n  food_source: random\n  hobby: 꽃꽂이\n  hobby_source: random\n  culture: 임영웅 노래\n  culture_source: random\nhealth:\n  conditions:\n  - 전립선비대\n  - 관절염\n  medications:\n  - 탐스로신\n  - 아세트아미노펜\n  - 셀레콕시브\n'],강원특별자치도 홍천군에 거주하고 계십니다.,신춘자 씨의 거주지: 강원 홍천군.,0.0,0.5490987035911903,0.9999999999,1.0,1,P019-Q01-T-거주지,T-거주지,강원 홍천군
신춘자 씨의 직업은 무엇인가요?,['id: P019\nuuid: ea934e3963324a1c895766f1b94cfb43\nname: 신춘자\nbirth_year: 1947\nage: 79\nsex: 여자\nresidence:\n  province: 강원\n  district: 강원-홍천군\n  region_class: 지방\neducation:\n  level: 초등학교\n  field: null\noccupation: 무직\nfamily_type: 배우자와 거주\nhousing_type: 단독주택\nmarriage:\n  status: 배우자있음\n  marriage_year: 1977\n  spouse_death_year: null\n  divorce_year: null\nchildren:\n- name: 신민지\n  age: 44\n  sex: 여자\n  living_with: false\npreferences:\n  food: 된장찌개\n  food_source: random\n  hobby: 꽃꽂이\n  hobby_source: random\n  culture: 임영웅 노래\n  culture_source: random\nhealth:\n  conditions:\n  - 전립선비대\n  - 관절염\n  medications:\n  - 탐스로신\n  - 아세트아미노펜\n  - 셀레콕시브\n'],신춘자 씨의 직업은 무직입니다.,신춘자 씨의 직업: 무직.,1.0,0.9558649112949992,0.9999999999,1.0,1,P019-Q02-T-직업,T-직업,무직
신춘자 씨의 최종 학력은 무엇인가요?,['id: P019\nuuid: ea934e3963324a1c895766f1b94cfb43\nname: 신춘자\nbirth_year: 1947\nage: 79\nsex: 여자\nresidence:\n  province: 강원\n  district: 강원-홍천군\n  region_class: 지방\neducation:\n  level: 초등학교\n  field: null\noccupation: 무직\nfamily_type: 배우자와 거주\nhousing_type: 단독주택\nmarriage:\n  status: 배우자있음\n  marriage_year: 1977\n  spouse_death_year: null\n  divorce_year: null\nchildren:\n- name: 신민지\n  age: 44\n  sex: 여자\n  living_with: false\npreferences:\n  food: 된장찌개\n  food_source: random\n  hobby: 꽃꽂이\n  hobby_source: random\n  culture: 임영웅 노래\n  culture_source: random\nhealth:\n  conditions:\n  - 전립선비대\n  - 관절염\n  medications:\n  - 탐스로신\n  - 아세트아미노펜\n  - 셀레콕시브\n'],신춘자 씨의 최종 학력은 초등학교입니다.,신춘자 씨의 최종 학력: 초등학교.,1.0,0.8865735827266117,0.9999999999,1.0,1,P019-Q03-T-학력,T-학력,초등학교
신춘자 씨는 서울에 살고 있다. (참/거짓),['id: P019\nuuid: ea934e3963324a1c895766f1b94cfb43\nname: 신춘자\nbirth_year: 1947\nage: 79\nsex: 여자\nresidence:\n  province: 강원\n  district: 강원-홍천군\n  region_class: 지방\neducation:\n  level: 초등학교\n  field: null\noccupation: 무직\nfamily_type: 배우자와 거주\nhousing_type: 단독주택\nmarriage:\n  status: 배우자있음\n  marriage_year: 1977\n  spouse_death_year: null\n  divorce_year: null\nchildren:\n- name: 신민지\n  age: 44\n  sex: 여자\n  living_with: false\npreferences:\n  food: 된장찌개\n  food_source: random\n  hobby: 꽃꽂이\n  hobby_source: random\n  culture: 임영웅 노래\n  culture_source: random\nhealth:\n  conditions:\n  - 전립선비대\n  - 관절염\n  medications:\n  - 탐스로신\n  - 아세트아미노펜\n  - 셀레콕시브\n'],F. 강원-홍천군에 거주하고 있습니다.,제공된 페르소나 정보 기준 신춘자 씨의 거주지: 강원 홍천군.,1.0,0.5294359313079219,0.9999999999,0.5,1,P019-Q04-F-반대,F-반대,F
신춘자 씨의 최근 가입한 동호회의 이름은 무엇인가요?,['id: P019\nuuid: ea934e3963324a1c895766f1b94cfb43\nname: 신춘자\nbirth_year: 1947\nage: 79\nsex: 여자\nresidence:\n  province: 강원\n  district: 강원-홍천군\n  region_class: 지방\neducation:\n  level: 초등학교\n  field: null\noccupation: 무직\nfamily_type: 배우자와 거주\nhousing_type: 단독주택\nmarriage:\n  status: 배우자있음\n  marriage_year: 1977\n  spouse_death_year: null\n  divorce_year: null\nchildren:\n- name: 신민지\n  age: 44\n  sex: 여자\n  living_with: false\npreferences:\n  food: 된장찌개\n  food_source: random\n  hobby: 꽃꽂이\n  hobby_source: random\n  culture: 임영웅 노래\n  culture_source: random\nhealth:\n  conditions:\n  - 전립선비대\n  - 관절염\n  medications:\n  - 탐스로신\n  - 아세트아미노펜\n  - 셀레콕시브\n'],정보 없음,제공된 페르소나 정보에는 신춘자 씨에 대해 질문한 사실이 없습니다.,1.0,0.0,0.0,0.0,1,P019-Q05-F-비존재,F-비존재,정보 없음
신춘자 씨는 1962년에 결혼했다. (참/거짓),['id: P019\nuuid: ea934e3963324a1c895766f1b94cfb43\nname: 신춘자\nbirth_year: 1947\nage: 79\nsex: 여자\nresidence:\n  province: 강원\n  district: 강원-홍천군\n  region_class: 지방\neducation:\n  level: 초등학교\n  field: null\noccupation: 무직\nfamily_type: 배우자와 거주\nhousing_type: 단독주택\nmarriage:\n  status: 배우자있음\n  marriage_year: 1977\n  spouse_death_year: null\n  divorce_year: null\nchildren:\n- name: 신민지\n  age: 44\n  sex: 여자\n  living_with: false\npreferences:\n  food: 된장찌개\n  food_source: random\n  hobby: 꽃꽂이\n  hobby_source: random\n  culture: 임영웅 노래\n  culture_source: random\nhealth:\n  conditions:\n  - 전립선비대\n  - 관절염\n  medications:\n  - 탐스로신\n  - 아세트아미노펜\n  - 셀레콕시브\n'],F. 신춘자 씨의 결혼 연도는 1977년입니다.,제공된 페르소나 정보 기준 신춘자 씨의 결혼 정보: 1977년에 결혼.,1.0,0.8265451810943052,0.9999999999,1.0,1,P019-Q06-F-시점오류,F-시점오류,F
신춘자 씨는 강원 홍천구에 산다. (참/거짓),['id: P019\nuuid: ea934e3963324a1c895766f1b94cfb43\nname: 신춘자\nbirth_year: 1947\nage: 79\nsex: 여자\nresidence:\n  province: 강원\n  district: 강원-홍천군\n  region_class: 지방\neducation:\n  level: 초등학교\n  field: null\noccupation: 무직\nfamily_type: 배우자와 거주\nhousing_type: 단독주택\nmarriage:\n  status: 배우자있음\n  marriage_year: 1977\n  spouse_death_year: null\n  divorce_year: null\nchildren:\n- name: 신민지\n  age: 44\n  sex: 여자\n  living_with: false\npreferences:\n  food: 된장찌개\n  food_source: random\n  hobby: 꽃꽂이\n  hobby_source: random\n  culture: 임영웅 노래\n  culture_source: random\nhealth:\n  conditions:\n  - 전립선비대\n  - 관절염\n  medications:\n  - 탐스로신\n  - 아세트아미노펜\n  - 셀레콕시브\n'],F. 강원-홍천군에 거주합니다.,제공된 페르소나 정보 기준 신춘자 씨의 거주지: 강원 홍천군.,0.5,0.4742095885596007,0.9999999999,1.0,1,P019-Q07-ADV-부분일치,ADV-부분일치,F
신춘자 씨는 1976년에 결혼했다. (참/거짓),['id: P019\nuuid: ea934e3963324a1c895766f1b94cfb43\nname: 신춘자\nbirth_year: 1947\nage: 79\nsex: 여자\nresidence:\n  province: 강원\n  district: 강원-홍천군\n  region_class: 지방\neducation:\n  level: 초등학교\n  field: null\noccupation: 무직\nfamily_type: 배우자와 거주\nhousing_type: 단독주택\nmarriage:\n  status: 배우자있음\n  marriage_year: 1977\n  spouse_death_year: null\n  divorce_year: null\nchildren:\n- name: 신민지\n  age: 44\n  sex: 여자\n  living_with: false\npreferences:\n  food: 된장찌개\n  food_source: random\n  hobby: 꽃꽂이\n  hobby_source: random\n  culture: 임영웅 노래\n  culture_source: random\nhealth:\n  conditions:\n  - 전립선비대\n  - 관절염\n  medications:\n  - 탐스로신\n  - 아세트아미노펜\n  - 셀레콕시브\n'],F. 신춘자 씨의 결혼 연도는 1977년입니다.,제공된 페르소나 정보 기준 신춘자 씨의 결혼 정보: 1977년에 결혼.,1.0,0.8309896358280987,0.9999999999,0.0,1,P019-Q08-ADV-시점근접,ADV-시점근접,F
신춘자 씨의 자녀 이름은 신선영이다. (참/거짓),['id: P019\nuuid: ea934e3963324a1c895766f1b94cfb43\nname: 신춘자\nbirth_year: 1947\nage: 79\nsex: 여자\nresidence:\n  province: 강원\n  district: 강원-홍천군\n  region_class: 지방\neducation:\n  level: 초등학교\n  field: null\noccupation: 무직\nfamily_type: 배우자와 거주\nhousing_type: 단독주택\nmarriage:\n  status: 배우자있음\n  marriage_year: 1977\n  spouse_death_year: null\n  divorce_year: null\nchildren:\n- name: 신민지\n  age: 44\n  sex: 여자\n  living_with: false\npreferences:\n  food: 된장찌개\n  food_source: random\n  hobby: 꽃꽂이\n  hobby_source: random\n  culture: 임영웅 노래\n  culture_source: random\nhealth:\n  conditions:\n  - 전립선비대\n  - 관절염\n  medications:\n  - 탐스로신\n  - 아세트아미노펜\n  - 셀레콕시브\n'],F. 자녀의 이름은 신민지입니다.,제공된 페르소나 정보 기준 신춘자 씨의 자녀 정보: 자녀 1명(신민지).,1.0,0.5253896448362243,0.0,0.0,1,P019-Q09-ADV-유사인물,ADV-유사인물,F
구영자 씨의 거주지는 어디인가요?,['id: P020\nuuid: a3cf6ff1828e43eab2940bcd2f07ed0e\nname: 구영자\nbirth_year: 1952\nage: 74\nsex: 여자\nresidence:\n  province: 경상남\n  district: 경상남-창원시 성산구\n  region_class: 지방\neducation:\n  level: 중학교\n  field: null\noccupation: 무직\nfamily_type: 배우자와 거주\nhousing_type: 아파트\nmarriage:\n  status: 배우자있음\n  marriage_year: 1982\n  spouse_death_year: null\n  divorce_year: null\nchildren:\n- name: 구수정\n  age: 40\n  sex: 여자\n  living_with: false\n- name: 구영숙\n  age: 38\n  sex: 여자\n  living_with: false\npreferences:\n  food: 비빔밥\n  food_source: text\n  hobby: 산책\n  hobby_source: text\n  culture: 트로트\n  culture_source: text\nhealth:\n  conditions:\n  - 고혈압\n  - 갑상선 저하증\n  - 백내장\n  medications:\n  - 암로디핀\n  - 로사르탄\n  - 레보티록신\n'],경상남도 창원시 성산구에 거주하고 계십니다.,구영자 씨의 거주지: 경상남 창원시 성산구.,1.0,0.5272889417312133,0.9999999999,1.0,1,P020-Q01-T-거주지,T-거주지,경상남 창원시 성산구
구영자 씨의 직업은 무엇인가요?,['id: P020\nuuid: a3cf6ff1828e43eab2940bcd2f07ed0e\nname: 구영자\nbirth_year: 1952\nage: 74\nsex: 여자\nresidence:\n  province: 경상남\n  district: 경상남-창원시 성산구\n  region_class: 지방\neducation:\n  level: 중학교\n  field: null\noccupation: 무직\nfamily_type: 배우자와 거주\nhousing_type: 아파트\nmarriage:\n  status: 배우자있음\n  marriage_year: 1982\n  spouse_death_year: null\n  divorce_year: null\nchildren:\n- name: 구수정\n  age: 40\n  sex: 여자\n  living_with: false\n- name: 구영숙\n  age: 38\n  sex: 여자\n  living_with: false\npreferences:\n  food: 비빔밥\n  food_source: text\n  hobby: 산책\n  hobby_source: text\n  culture: 트로트\n  culture_source: text\nhealth:\n  conditions:\n  - 고혈압\n  - 갑상선 저하증\n  - 백내장\n  medications:\n  - 암로디핀\n  - 로사르탄\n  - 레보티록신\n'],구영자 씨의 직업은 무직입니다.,구영자 씨의 직업: 무직.,1.0,0.9537739562621996,0.9999999999,1.0,1,P020-Q02-T-직업,T-직업,무직
구영자 씨의 최종 학력은 무엇인가요?,['id: P020\nuuid: a3cf6ff1828e43eab2940bcd2f07ed0e\nname: 구영자\nbirth_year: 1952\nage: 74\nsex: 여자\nresidence:\n  province: 경상남\n  district: 경상남-창원시 성산구\n  region_class: 지방\neducation:\n  level: 중학교\n  field: null\noccupation: 무직\nfamily_type: 배우자와 거주\nhousing_type: 아파트\nmarriage:\n  status: 배우자있음\n  marriage_year: 1982\n  spouse_death_year: null\n  divorce_year: null\nchildren:\n- name: 구수정\n  age: 40\n  sex: 여자\n  living_with: false\n- name: 구영숙\n  age: 38\n  sex: 여자\n  living_with: false\npreferences:\n  food: 비빔밥\n  food_source: text\n  hobby: 산책\n  hobby_source: text\n  culture: 트로트\n  culture_source: text\nhealth:\n  conditions:\n  - 고혈압\n  - 갑상선 저하증\n  - 백내장\n  medications:\n  - 암로디핀\n  - 로사르탄\n  - 레보티록신\n'],구영자 씨의 최종 학력은 중학교입니다.,구영자 씨의 최종 학력: 중학교.,1.0,0.8985749803432496,0.9999999999,1.0,1,P020-Q03-T-학력,T-학력,중학교
구영자 씨는 부산에 살고 있다. (참/거짓),['id: P020\nuuid: a3cf6ff1828e43eab2940bcd2f07ed0e\nname: 구영자\nbirth_year: 1952\nage: 74\nsex: 여자\nresidence:\n  province: 경상남\n  district: 경상남-창원시 성산구\n  region_class: 지방\neducation:\n  level: 중학교\n  field: null\noccupation: 무직\nfamily_type: 배우자와 거주\nhousing_type: 아파트\nmarriage:\n  status: 배우자있음\n  marriage_year: 1982\n  spouse_death_year: null\n  divorce_year: null\nchildren:\n- name: 구수정\n  age: 40\n  sex: 여자\n  living_with: false\n- name: 구영숙\n  age: 38\n  sex: 여자\n  living_with: false\npreferences:\n  food: 비빔밥\n  food_source: text\n  hobby: 산책\n  hobby_source: text\n  culture: 트로트\n  culture_source: text\nhealth:\n  conditions:\n  - 고혈압\n  - 갑상선 저하증\n  - 백내장\n  medications:\n  - 암로디핀\n  - 로사르탄\n  - 레보티록신\n'],F. 경상남도 창원시 성산구에 거주하고 있습니다.,제공된 페르소나 정보 기준 구영자 씨의 거주지: 경상남 창원시 성산구.,1.0,0.4182044734870497,0.9999999999,0.0,1,P020-Q04-F-반대,F-반대,F
구영자 씨의 최근 가입한 동호회의 이름은 무엇인가요?,['id: P020\nuuid: a3cf6ff1828e43eab2940bcd2f07ed0e\nname: 구영자\nbirth_year: 1952\nage: 74\nsex: 여자\nresidence:\n  province: 경상남\n  district: 경상남-창원시 성산구\n  region_class: 지방\neducation:\n  level: 중학교\n  field: null\noccupation: 무직\nfamily_type: 배우자와 거주\nhousing_type: 아파트\nmarriage:\n  status: 배우자있음\n  marriage_year: 1982\n  spouse_death_year: null\n  divorce_year: null\nchildren:\n- name: 구수정\n  age: 40\n  sex: 여자\n  living_with: false\n- name: 구영숙\n  age: 38\n  sex: 여자\n  living_with: false\npreferences:\n  food: 비빔밥\n  food_source: text\n  hobby: 산책\n  hobby_source: text\n  culture: 트로트\n  culture_source: text\nhealth:\n  conditions:\n  - 고혈압\n  - 갑상선 저하증\n  - 백내장\n  medications:\n  - 암로디핀\n  - 로사르탄\n  - 레보티록신\n'],정보 없음,제공된 페르소나 정보에는 구영자 씨에 대해 질문한 사실이 없습니다.,1.0,0.0,0.0,0.0,1,P020-Q05-F-비존재,F-비존재,정보 없음
구영자 씨는 1967년에 결혼했다. (참/거짓),['id: P020\nuuid: a3cf6ff1828e43eab2940bcd2f07ed0e\nname: 구영자\nbirth_year: 1952\nage: 74\nsex: 여자\nresidence:\n  province: 경상남\n  district: 경상남-창원시 성산구\n  region_class: 지방\neducation:\n  level: 중학교\n  field: null\noccupation: 무직\nfamily_type: 배우자와 거주\nhousing_type: 아파트\nmarriage:\n  status: 배우자있음\n  marriage_year: 1982\n  spouse_death_year: null\n  divorce_year: null\nchildren:\n- name: 구수정\n  age: 40\n  sex: 여자\n  living_with: false\n- name: 구영숙\n  age: 38\n  sex: 여자\n  living_with: false\npreferences:\n  food: 비빔밥\n  food_source: text\n  hobby: 산책\n  hobby_source: text\n  culture: 트로트\n  culture_source: text\nhealth:\n  conditions:\n  - 고혈압\n  - 갑상선 저하증\n  - 백내장\n  medications:\n  - 암로디핀\n  - 로사르탄\n  - 레보티록신\n'],F. 구영자 씨의 결혼 연도는 1982년입니다.,제공된 페르소나 정보 기준 구영자 씨의 결혼 정보: 1982년에 결혼.,1.0,0.5415710838965796,0.9999999999,1.0,1,P020-Q06-F-시점오류,F-시점오류,F
구영자 씨는 경상남 창원시 성산시에 산다. (참/거짓),['id: P020\nuuid: a3cf6ff1828e43eab2940bcd2f07ed0e\nname: 구영자\nbirth_year: 1952\nage: 74\nsex: 여자\nresidence:\n  province: 경상남\n  district: 경상남-창원시 성산구\n  region_class: 지방\neducation:\n  level: 중학교\n  field: null\noccupation: 무직\nfamily_type: 배우자와 거주\nhousing_type: 아파트\nmarriage:\n  status: 배우자있음\n  marriage_year: 1982\n  spouse_death_year: null\n  divorce_year: null\nchildren:\n- name: 구수정\n  age: 40\n  sex: 여자\n  living_with: false\n- name: 구영숙\n  age: 38\n  sex: 여자\n  living_with: false\npreferences:\n  food: 비빔밥\n  food_source: text\n  hobby: 산책\n  hobby_source: text\n  culture: 트로트\n  culture_source: text\nhealth:\n  conditions:\n  - 고혈압\n  - 갑상선 저하증\n  - 백내장\n  medications:\n  - 암로디핀\n  - 로사르탄\n  - 레보티록신\n'],T. 경상남-창원시 성산구에 거주하고 있습니다.,제공된 페르소나 정보 기준 구영자 씨의 거주지: 경상남 창원시 성산구.,1.0,0.4445026530890367,0.9999999999,1.0,1,P020-Q07-ADV-부분일치,ADV-부분일치,F
구영자 씨는 1983년에 결혼했다. (참/거짓),['id: P020\nuuid: a3cf6ff1828e43eab2940bcd2f07ed0e\nname: 구영자\nbirth_year: 1952\nage: 74\nsex: 여자\nresidence:\n  province: 경상남\n  district: 경상남-창원시 성산구\n  region_class: 지방\neducation:\n  level: 중학교\n  field: null\noccupation: 무직\nfamily_type: 배우자와 거주\nhousing_type: 아파트\nmarriage:\n  status: 배우자있음\n  marriage_year: 1982\n  spouse_death_year: null\n  divorce_year: null\nchildren:\n- name: 구수정\n  age: 40\n  sex: 여자\n  living_with: false\n- name: 구영숙\n  age: 38\n  sex: 여자\n  living_with: false\npreferences:\n  food: 비빔밥\n  food_source: text\n  hobby: 산책\n  hobby_source: text\n  culture: 트로트\n  culture_source: text\nhealth:\n  conditions:\n  - 고혈압\n  - 갑상선 저하증\n  - 백내장\n  medications:\n  - 암로디핀\n  - 로사르탄\n  - 레보티록신\n'],F. 구영자 씨는 1982년에 결혼했습니다.,제공된 페르소나 정보 기준 구영자 씨의 결혼 정보: 1982년에 결혼.,1.0,0.5415356633017397,0.9999999999,0.0,1,P020-Q08-ADV-시점근접,ADV-시점근접,F
구영자 씨의 자녀 이름은 구혜영이다. (참/거짓),['id: P020\nuuid: a3cf6ff1828e43eab2940bcd2f07ed0e\nname: 구영자\nbirth_year: 1952\nage: 74\nsex: 여자\nresidence:\n  province: 경상남\n  district: 경상남-창원시 성산구\n  region_class: 지방\neducation:\n  level: 중학교\n  field: null\noccupation: 무직\nfamily_type: 배우자와 거주\nhousing_type: 아파트\nmarriage:\n  status: 배우자있음\n  marriage_year: 1982\n  spouse_death_year: null\n  divorce_year: null\nchildren:\n- name: 구수정\n  age: 40\n  sex: 여자\n  living_with: false\n- name: 구영숙\n  age: 38\n  sex: 여자\n  living_with: false\npreferences:\n  food: 비빔밥\n  food_source: text\n  hobby: 산책\n  hobby_source: text\n  culture: 트로트\n  culture_source: text\nhealth:\n  conditions:\n  - 고혈압\n  - 갑상선 저하증\n  - 백내장\n  medications:\n  - 암로디핀\n  - 로사르탄\n  - 레보티록신\n'],F. 자녀의 이름은 구수정과 구영숙입니다.,"제공된 페르소나 정보 기준 구영자 씨의 자녀 정보: 자녀 2명(구수정, 구영숙).",1.0,0.4988265435665162,0.0,0.0,1,P020-Q09-ADV-유사인물,ADV-유사인물,F
조만복 씨의 거주지는 어디인가요?,['id: P021\nuuid: 9a9b34e74d6041fcabe453480d6e5d7a\nname: 조만복\nbirth_year: 1944\nage: 82\nsex: 남자\nresidence:\n  province: 충청남\n  district: 충청남-태안군\n  region_class: 지방\neducation:\n  level: 중학교\n  field: null\noccupation: 하역 및 적재 관련 단순 종사원\nfamily_type: 배우자와 거주\nhousing_type: 단독주택\nmarriage:\n  status: 배우자있음\n  marriage_year: 1972\n  spouse_death_year: null\n  divorce_year: null\nchildren:\n- name: 조지훈\n  age: 50\n  sex: 남자\n  living_with: false\n- name: 조혜진\n  age: 47\n  sex: 여자\n  living_with: false\npreferences:\n  food: 김밥\n  food_source: text\n  hobby: 산책\n  hobby_source: random\n  culture: 가요무대\n  culture_source: random\nhealth:\n  conditions:\n  - 관절염\n  - 갑상선 저하증\n  medications:\n  - 아세트아미노펜\n  - 셀레콕시브\n  - 레보티록신\n'],충청남 충청남-태안군에 거주하고 계십니다.,조만복 씨의 거주지: 충청남 태안군.,1.0,0.4985057662784979,0.9999999999,1.0,1,P021-Q01-T-거주지,T-거주지,충청남 태안군
조만복 씨의 직업은 무엇인가요?,['id: P021\nuuid: 9a9b34e74d6041fcabe453480d6e5d7a\nname: 조만복\nbirth_year: 1944\nage: 82\nsex: 남자\nresidence:\n  province: 충청남\n  district: 충청남-태안군\n  region_class: 지방\neducation:\n  level: 중학교\n  field: null\noccupation: 하역 및 적재 관련 단순 종사원\nfamily_type: 배우자와 거주\nhousing_type: 단독주택\nmarriage:\n  status: 배우자있음\n  marriage_year: 1972\n  spouse_death_year: null\n  divorce_year: null\nchildren:\n- name: 조지훈\n  age: 50\n  sex: 남자\n  living_with: false\n- name: 조혜진\n  age: 47\n  sex: 여자\n  living_with: false\npreferences:\n  food: 김밥\n  food_source: text\n  hobby: 산책\n  hobby_source: random\n  culture: 가요무대\n  culture_source: random\nhealth:\n  conditions:\n  - 관절염\n  - 갑상선 저하증\n  medications:\n  - 아세트아미노펜\n  - 셀레콕시브\n  - 레보티록신\n'],조만복 씨의 직업은 하역 및 적재 관련 단순 종사원입니다.,조만복 씨의 직업: 하역 및 적재 관련 단순 종사원.,1.0,0.6963443954978848,0.9999999999,1.0,1,P021-Q02-T-직업,T-직업,하역 및 적재 관련 단순 종사원
조만복 씨의 최종 학력은 무엇인가요?,['id: P021\nuuid: 9a9b34e74d6041fcabe453480d6e5d7a\nname: 조만복\nbirth_year: 1944\nage: 82\nsex: 남자\nresidence:\n  province: 충청남\n  district: 충청남-태안군\n  region_class: 지방\neducation:\n  level: 중학교\n  field: null\noccupation: 하역 및 적재 관련 단순 종사원\nfamily_type: 배우자와 거주\nhousing_type: 단독주택\nmarriage:\n  status: 배우자있음\n  marriage_year: 1972\n  spouse_death_year: null\n  divorce_year: null\nchildren:\n- name: 조지훈\n  age: 50\n  sex: 남자\n  living_with: false\n- name: 조혜진\n  age: 47\n  sex: 여자\n  living_with: false\npreferences:\n  food: 김밥\n  food_source: text\n  hobby: 산책\n  hobby_source: random\n  culture: 가요무대\n  culture_source: random\nhealth:\n  conditions:\n  - 관절염\n  - 갑상선 저하증\n  medications:\n  - 아세트아미노펜\n  - 셀레콕시브\n  - 레보티록신\n'],조만복 씨의 최종 학력은 중학교입니다.,조만복 씨의 최종 학력: 중학교.,1.0,0.8675087975673758,0.9999999999,1.0,1,P021-Q03-T-학력,T-학력,중학교
조만복 씨는 부산에 살고 있다. (참/거짓),['id: P021\nuuid: 9a9b34e74d6041fcabe453480d6e5d7a\nname: 조만복\nbirth_year: 1944\nage: 82\nsex: 남자\nresidence:\n  province: 충청남\n  district: 충청남-태안군\n  region_class: 지방\neducation:\n  level: 중학교\n  field: null\noccupation: 하역 및 적재 관련 단순 종사원\nfamily_type: 배우자와 거주\nhousing_type: 단독주택\nmarriage:\n  status: 배우자있음\n  marriage_year: 1972\n  spouse_death_year: null\n  divorce_year: null\nchildren:\n- name: 조지훈\n  age: 50\n  sex: 남자\n  living_with: false\n- name: 조혜진\n  age: 47\n  sex: 여자\n  living_with: false\npreferences:\n  food: 김밥\n  food_source: text\n  hobby: 산책\n  hobby_source: random\n  culture: 가요무대\n  culture_source: random\nhealth:\n  conditions:\n  - 관절염\n  - 갑상선 저하증\n  medications:\n  - 아세트아미노펜\n  - 셀레콕시브\n  - 레보티록신\n'],F. 충청남도 태안군에 거주하고 있습니다.,제공된 페르소나 정보 기준 조만복 씨의 거주지: 충청남 태안군.,1.0,0.4737179775226234,0.9999999999,0.0,1,P021-Q04-F-반대,F-반대,F
조만복 씨의 최근 가입한 동호회의 이름은 무엇인가요?,['id: P021\nuuid: 9a9b34e74d6041fcabe453480d6e5d7a\nname: 조만복\nbirth_year: 1944\nage: 82\nsex: 남자\nresidence:\n  province: 충청남\n  district: 충청남-태안군\n  region_class: 지방\neducation:\n  level: 중학교\n  field: null\noccupation: 하역 및 적재 관련 단순 종사원\nfamily_type: 배우자와 거주\nhousing_type: 단독주택\nmarriage:\n  status: 배우자있음\n  marriage_year: 1972\n  spouse_death_year: null\n  divorce_year: null\nchildren:\n- name: 조지훈\n  age: 50\n  sex: 남자\n  living_with: false\n- name: 조혜진\n  age: 47\n  sex: 여자\n  living_with: false\npreferences:\n  food: 김밥\n  food_source: text\n  hobby: 산책\n  hobby_source: random\n  culture: 가요무대\n  culture_source: random\nhealth:\n  conditions:\n  - 관절염\n  - 갑상선 저하증\n  medications:\n  - 아세트아미노펜\n  - 셀레콕시브\n  - 레보티록신\n'],정보 없음,제공된 페르소나 정보에는 조만복 씨에 대해 질문한 사실이 없습니다.,1.0,0.0,0.0,0.0,1,P021-Q05-F-비존재,F-비존재,정보 없음
조만복 씨는 1987년에 결혼했다. (참/거짓),['id: P021\nuuid: 9a9b34e74d6041fcabe453480d6e5d7a\nname: 조만복\nbirth_year: 1944\nage: 82\nsex: 남자\nresidence:\n  province: 충청남\n  district: 충청남-태안군\n  region_class: 지방\neducation:\n  level: 중학교\n  field: null\noccupation: 하역 및 적재 관련 단순 종사원\nfamily_type: 배우자와 거주\nhousing_type: 단독주택\nmarriage:\n  status: 배우자있음\n  marriage_year: 1972\n  spouse_death_year: null\n  divorce_year: null\nchildren:\n- name: 조지훈\n  age: 50\n  sex: 남자\n  living_with: false\n- name: 조혜진\n  age: 47\n  sex: 여자\n  living_with: false\npreferences:\n  food: 김밥\n  food_source: text\n  hobby: 산책\n  hobby_source: random\n  culture: 가요무대\n  culture_source: random\nhealth:\n  conditions:\n  - 관절염\n  - 갑상선 저하증\n  medications:\n  - 아세트아미노펜\n  - 셀레콕시브\n  - 레보티록신\n'],F. 조만복 씨는 1972년에 결혼했습니다.,제공된 페르소나 정보 기준 조만복 씨의 결혼 정보: 1972년에 결혼.,1.0,0.5684427698416314,0.0,1.0,1,P021-Q06-F-시점오류,F-시점오류,F
조만복 씨의 직업은 물류 창고 관리원이다. (참/거짓),['id: P021\nuuid: 9a9b34e74d6041fcabe453480d6e5d7a\nname: 조만복\nbirth_year: 1944\nage: 82\nsex: 남자\nresidence:\n  province: 충청남\n  district: 충청남-태안군\n  region_class: 지방\neducation:\n  level: 중학교\n  field: null\noccupation: 하역 및 적재 관련 단순 종사원\nfamily_type: 배우자와 거주\nhousing_type: 단독주택\nmarriage:\n  status: 배우자있음\n  marriage_year: 1972\n  spouse_death_year: null\n  divorce_year: null\nchildren:\n- name: 조지훈\n  age: 50\n  sex: 남자\n  living_with: false\n- name: 조혜진\n  age: 47\n  sex: 여자\n  living_with: false\npreferences:\n  food: 김밥\n  food_source: text\n  hobby: 산책\n  hobby_source: random\n  culture: 가요무대\n  culture_source: random\nhealth:\n  conditions:\n  - 관절염\n  - 갑상선 저하증\n  medications:\n  - 아세트아미노펜\n  - 셀레콕시브\n  - 레보티록신\n'],F. 조만복 씨의 직업은 하역 및 적재 관련 단순 종사원입니다.,제공된 페르소나 정보 기준 조만복 씨의 직업: 하역 및 적재 관련 단순 종사원.,1.0,0.4753733723936026,0.0,1.0,1,P021-Q07-ADV-부분일치,ADV-부분일치,F
조만복 씨는 1971년에 결혼했다. (참/거짓),['id: P021\nuuid: 9a9b34e74d6041fcabe453480d6e5d7a\nname: 조만복\nbirth_year: 1944\nage: 82\nsex: 남자\nresidence:\n  province: 충청남\n  district: 충청남-태안군\n  region_class: 지방\neducation:\n  level: 중학교\n  field: null\noccupation: 하역 및 적재 관련 단순 종사원\nfamily_type: 배우자와 거주\nhousing_type: 단독주택\nmarriage:\n  status: 배우자있음\n  marriage_year: 1972\n  spouse_death_year: null\n  divorce_year: null\nchildren:\n- name: 조지훈\n  age: 50\n  sex: 남자\n  living_with: false\n- name: 조혜진\n  age: 47\n  sex: 여자\n  living_with: false\npreferences:\n  food: 김밥\n  food_source: text\n  hobby: 산책\n  hobby_source: random\n  culture: 가요무대\n  culture_source: random\nhealth:\n  conditions:\n  - 관절염\n  - 갑상선 저하증\n  medications:\n  - 아세트아미노펜\n  - 셀레콕시브\n  - 레보티록신\n'],F. 조만복 씨는 1972년에 결혼했습니다.,제공된 페르소나 정보 기준 조만복 씨의 결혼 정보: 1972년에 결혼.,1.0,0.5706721854494795,0.9999999999,0.0,1,P021-Q08-ADV-시점근접,ADV-시점근접,F
조만복 씨의 자녀 이름은 조현주이다. (참/거짓),['id: P021\nuuid: 9a9b34e74d6041fcabe453480d6e5d7a\nname: 조만복\nbirth_year: 1944\nage: 82\nsex: 남자\nresidence:\n  province: 충청남\n  district: 충청남-태안군\n  region_class: 지방\neducation:\n  level: 중학교\n  field: null\noccupation: 하역 및 적재 관련 단순 종사원\nfamily_type: 배우자와 거주\nhousing_type: 단독주택\nmarriage:\n  status: 배우자있음\n  marriage_year: 1972\n  spouse_death_year: null\n  divorce_year: null\nchildren:\n- name: 조지훈\n  age: 50\n  sex: 남자\n  living_with: false\n- name: 조혜진\n  age: 47\n  sex: 여자\n  living_with: false\npreferences:\n  food: 김밥\n  food_source: text\n  hobby: 산책\n  hobby_source: random\n  culture: 가요무대\n  culture_source: random\nhealth:\n  conditions:\n  - 관절염\n  - 갑상선 저하증\n  medications:\n  - 아세트아미노펜\n  - 셀레콕시브\n  - 레보티록신\n'],F. 자녀의 이름은 조지훈과 조혜진입니다.,"제공된 페르소나 정보 기준 조만복 씨의 자녀 정보: 자녀 2명(조지훈, 조혜진).",1.0,0.4799452176680823,0.0,0.0,1,P021-Q09-ADV-유사인물,ADV-유사인물,F
신중희 씨의 거주지는 어디인가요?,['id: P022\nuuid: 3ff00c91c44340c4877d0cbebe9d3df4\nname: 신중희\nbirth_year: 1946\nage: 80\nsex: 남자\nresidence:\n  province: 경기\n  district: 경기-성남시 수정구\n  region_class: 수도권\neducation:\n  level: 초등학교\n  field: null\noccupation: 무직\nfamily_type: 친인척과 거주\nhousing_type: 다세대주택\nmarriage:\n  status: 배우자있음\n  marriage_year: 1969\n  spouse_death_year: null\n  divorce_year: null\nchildren:\n- name: 신혜영\n  age: 54\n  sex: 여자\n  living_with: false\npreferences:\n  food: 떡볶이\n  food_source: text\n  hobby: 꽃꽂이\n  hobby_source: random\n  culture: 주말 드라마\n  culture_source: random\nhealth:\n  conditions:\n  - 관절염\n  - 협심증\n  - 당뇨\n  - 고혈압\n  medications:\n  - 셀레콕시브\n  - 니트로글리세린\n  - 메트포르민\n  - 글리메피리드\n'],신중희 씨는 경기 성남시 수정구에 거주하고 있습니다.,신중희 씨의 거주지: 경기 성남시 수정구.,1.0,0.9367961563748148,0.9999999999,1.0,1,P022-Q01-T-거주지,T-거주지,경기 성남시 수정구
신중희 씨의 직업은 무엇인가요?,['id: P022\nuuid: 3ff00c91c44340c4877d0cbebe9d3df4\nname: 신중희\nbirth_year: 1946\nage: 80\nsex: 남자\nresidence:\n  province: 경기\n  district: 경기-성남시 수정구\n  region_class: 수도권\neducation:\n  level: 초등학교\n  field: null\noccupation: 무직\nfamily_type: 친인척과 거주\nhousing_type: 다세대주택\nmarriage:\n  status: 배우자있음\n  marriage_year: 1969\n  spouse_death_year: null\n  divorce_year: null\nchildren:\n- name: 신혜영\n  age: 54\n  sex: 여자\n  living_with: false\npreferences:\n  food: 떡볶이\n  food_source: text\n  hobby: 꽃꽂이\n  hobby_source: random\n  culture: 주말 드라마\n  culture_source: random\nhealth:\n  conditions:\n  - 관절염\n  - 협심증\n  - 당뇨\n  - 고혈압\n  medications:\n  - 셀레콕시브\n  - 니트로글리세린\n  - 메트포르민\n  - 글리메피리드\n'],신중희 씨의 직업은 무직입니다.,신중희 씨의 직업: 무직.,1.0,0.960598901872904,0.9999999999,1.0,1,P022-Q02-T-직업,T-직업,무직
신중희 씨의 최종 학력은 무엇인가요?,['id: P022\nuuid: 3ff00c91c44340c4877d0cbebe9d3df4\nname: 신중희\nbirth_year: 1946\nage: 80\nsex: 남자\nresidence:\n  province: 경기\n  district: 경기-성남시 수정구\n  region_class: 수도권\neducation:\n  level: 초등학교\n  field: null\noccupation: 무직\nfamily_type: 친인척과 거주\nhousing_type: 다세대주택\nmarriage:\n  status: 배우자있음\n  marriage_year: 1969\n  spouse_death_year: null\n  divorce_year: null\nchildren:\n- name: 신혜영\n  age: 54\n  sex: 여자\n  living_with: false\npreferences:\n  food: 떡볶이\n  food_source: text\n  hobby: 꽃꽂이\n  hobby_source: random\n  culture: 주말 드라마\n  culture_source: random\nhealth:\n  conditions:\n  - 관절염\n  - 협심증\n  - 당뇨\n  - 고혈압\n  medications:\n  - 셀레콕시브\n  - 니트로글리세린\n  - 메트포르민\n  - 글리메피리드\n'],신중희 씨의 최종 학력은 초등학교입니다.,신중희 씨의 최종 학력: 초등학교.,1.0,0.9026928621954424,0.9999999999,1.0,1,P022-Q03-T-학력,T-학력,초등학교
신중희 씨는 강원에 살고 있다. (참/거짓),['id: P022\nuuid: 3ff00c91c44340c4877d0cbebe9d3df4\nname: 신중희\nbirth_year: 1946\nage: 80\nsex: 남자\nresidence:\n  province: 경기\n  district: 경기-성남시 수정구\n  region_class: 수도권\neducation:\n  level: 초등학교\n  field: null\noccupation: 무직\nfamily_type: 친인척과 거주\nhousing_type: 다세대주택\nmarriage:\n  status: 배우자있음\n  marriage_year: 1969\n  spouse_death_year: null\n  divorce_year: null\nchildren:\n- name: 신혜영\n  age: 54\n  sex: 여자\n  living_with: false\npreferences:\n  food: 떡볶이\n  food_source: text\n  hobby: 꽃꽂이\n  hobby_source: random\n  culture: 주말 드라마\n  culture_source: random\nhealth:\n  conditions:\n  - 관절염\n  - 협심증\n  - 당뇨\n  - 고혈압\n  medications:\n  - 셀레콕시브\n  - 니트로글리세린\n  - 메트포르민\n  - 글리메피리드\n'],F. 신중희 씨는 경기-성남시 수정구에 거주하고 있습니다.,제공된 페르소나 정보 기준 신중희 씨의 거주지: 경기 성남시 수정구.,1.0,0.7552179108462861,0.9999999999,0.0,1,P022-Q04-F-반대,F-반대,F
신중희 씨의 현재 운영 중인 사업자명은 무엇인가요?,['id: P022\nuuid: 3ff00c91c44340c4877d0cbebe9d3df4\nname: 신중희\nbirth_year: 1946\nage: 80\nsex: 남자\nresidence:\n  province: 경기\n  district: 경기-성남시 수정구\n  region_class: 수도권\neducation:\n  level: 초등학교\n  field: null\noccupation: 무직\nfamily_type: 친인척과 거주\nhousing_type: 다세대주택\nmarriage:\n  status: 배우자있음\n  marriage_year: 1969\n  spouse_death_year: null\n  divorce_year: null\nchildren:\n- name: 신혜영\n  age: 54\n  sex: 여자\n  living_with: false\npreferences:\n  food: 떡볶이\n  food_source: text\n  hobby: 꽃꽂이\n  hobby_source: random\n  culture: 주말 드라마\n  culture_source: random\nhealth:\n  conditions:\n  - 관절염\n  - 협심증\n  - 당뇨\n  - 고혈압\n  medications:\n  - 셀레콕시브\n  - 니트로글리세린\n  - 메트포르민\n  - 글리메피리드\n'],정보 없음,제공된 페르소나 정보에는 신중희 씨에 대해 질문한 사실이 없습니다.,1.0,0.0,0.0,0.0,1,P022-Q05-F-비존재,F-비존재,정보 없음
신중희 씨는 1954년에 결혼했다. (참/거짓),['id: P022\nuuid: 3ff00c91c44340c4877d0cbebe9d3df4\nname: 신중희\nbirth_year: 1946\nage: 80\nsex: 남자\nresidence:\n  province: 경기\n  district: 경기-성남시 수정구\n  region_class: 수도권\neducation:\n  level: 초등학교\n  field: null\noccupation: 무직\nfamily_type: 친인척과 거주\nhousing_type: 다세대주택\nmarriage:\n  status: 배우자있음\n  marriage_year: 1969\n  spouse_death_year: null\n  divorce_year: null\nchildren:\n- name: 신혜영\n  age: 54\n  sex: 여자\n  living_with: false\npreferences:\n  food: 떡볶이\n  food_source: text\n  hobby: 꽃꽂이\n  hobby_source: random\n  culture: 주말 드라마\n  culture_source: random\nhealth:\n  conditions:\n  - 관절염\n  - 협심증\n  - 당뇨\n  - 고혈압\n  medications:\n  - 셀레콕시브\n  - 니트로글리세린\n  - 메트포르민\n  - 글리메피리드\n'],F. 신중희 씨는 1969년에 결혼했습니다.,제공된 페르소나 정보 기준 신중희 씨의 결혼 정보: 1969년에 결혼.,1.0,0.8075927225887284,0.9999999999,1.0,1,P022-Q06-F-시점오류,F-시점오류,F
신중희 씨는 경기 성남시 수정시에 산다. (참/거짓),['id: P022\nuuid: 3ff00c91c44340c4877d0cbebe9d3df4\nname: 신중희\nbirth_year: 1946\nage: 80\nsex: 남자\nresidence:\n  province: 경기\n  district: 경기-성남시 수정구\n  region_class: 수도권\neducation:\n  level: 초등학교\n  field: null\noccupation: 무직\nfamily_type: 친인척과 거주\nhousing_type: 다세대주택\nmarriage:\n  status: 배우자있음\n  marriage_year: 1969\n  spouse_death_year: null\n  divorce_year: null\nchildren:\n- name: 신혜영\n  age: 54\n  sex: 여자\n  living_with: false\npreferences:\n  food: 떡볶이\n  food_source: text\n  hobby: 꽃꽂이\n  hobby_source: random\n  culture: 주말 드라마\n  culture_source: random\nhealth:\n  conditions:\n  - 관절염\n  - 협심증\n  - 당뇨\n  - 고혈압\n  medications:\n  - 셀레콕시브\n  - 니트로글리세린\n  - 메트포르민\n  - 글리메피리드\n'],F. 신중희 씨는 경기 성남시 수정구에 거주합니다.,제공된 페르소나 정보 기준 신중희 씨의 거주지: 경기 성남시 수정구.,0.5,0.7091832807472436,0.9999999999,1.0,1,P022-Q07-ADV-부분일치,ADV-부분일치,F
신중희 씨는 1968년에 결혼했다. (참/거짓),['id: P022\nuuid: 3ff00c91c44340c4877d0cbebe9d3df4\nname: 신중희\nbirth_year: 1946\nage: 80\nsex: 남자\nresidence:\n  province: 경기\n  district: 경기-성남시 수정구\n  region_class: 수도권\neducation:\n  level: 초등학교\n  field: null\noccupation: 무직\nfamily_type: 친인척과 거주\nhousing_type: 다세대주택\nmarriage:\n  status: 배우자있음\n  marriage_year: 1969\n  spouse_death_year: null\n  divorce_year: null\nchildren:\n- name: 신혜영\n  age: 54\n  sex: 여자\n  living_with: false\npreferences:\n  food: 떡볶이\n  food_source: text\n  hobby: 꽃꽂이\n  hobby_source: random\n  culture: 주말 드라마\n  culture_source: random\nhealth:\n  conditions:\n  - 관절염\n  - 협심증\n  - 당뇨\n  - 고혈압\n  medications:\n  - 셀레콕시브\n  - 니트로글리세린\n  - 메트포르민\n  - 글리메피리드\n'],F. 신중희 씨는 1969년에 결혼했습니다.,제공된 페르소나 정보 기준 신중희 씨의 결혼 정보: 1969년에 결혼.,1.0,0.819077344983271,0.9999999999,0.0,1,P022-Q08-ADV-시점근접,ADV-시점근접,F
신중희 씨의 자녀 이름은 신수정이다. (참/거짓),['id: P022\nuuid: 3ff00c91c44340c4877d0cbebe9d3df4\nname: 신중희\nbirth_year: 1946\nage: 80\nsex: 남자\nresidence:\n  province: 경기\n  district: 경기-성남시 수정구\n  region_class: 수도권\neducation:\n  level: 초등학교\n  field: null\noccupation: 무직\nfamily_type: 친인척과 거주\nhousing_type: 다세대주택\nmarriage:\n  status: 배우자있음\n  marriage_year: 1969\n  spouse_death_year: null\n  divorce_year: null\nchildren:\n- name: 신혜영\n  age: 54\n  sex: 여자\n  living_with: false\npreferences:\n  food: 떡볶이\n  food_source: text\n  hobby: 꽃꽂이\n  hobby_source: random\n  culture: 주말 드라마\n  culture_source: random\nhealth:\n  conditions:\n  - 관절염\n  - 협심증\n  - 당뇨\n  - 고혈압\n  medications:\n  - 셀레콕시브\n  - 니트로글리세린\n  - 메트포르민\n  - 글리메피리드\n'],F. 자녀의 이름은 신혜영입니다.,제공된 페르소나 정보 기준 신중희 씨의 자녀 정보: 자녀 1명(신혜영).,1.0,0.5321730241855368,0.0,0.5,1,P022-Q09-ADV-유사인물,ADV-유사인물,F
김고문 씨의 거주지는 어디인가요?,['id: P023\nuuid: 2d26a70aeedd4584a4bca29458e87898\nname: 김고문\nbirth_year: 1943\nage: 83\nsex: 남자\nresidence:\n  province: 경기\n  district: 경기-김포시\n  region_class: 수도권\neducation:\n  level: 고등학교\n  field: null\noccupation: 산불 감시원\nfamily_type: 친인척과 거주\nhousing_type: 아파트\nmarriage:\n  status: 배우자있음\n  marriage_year: 1976\n  spouse_death_year: null\n  divorce_year: null\nchildren:\n- name: 김준호\n  age: 48\n  sex: 남자\n  living_with: false\npreferences:\n  food: 갈비찜\n  food_source: random\n  hobby: 서예\n  hobby_source: random\n  culture: 9시 뉴스\n  culture_source: random\nhealth:\n  conditions:\n  - 갑상선 저하증\n  - 협심증\n  - 고지혈증\n  - 당뇨\n  medications:\n  - 레보티록신\n  - 아스피린\n  - 로수바스타틴\n  - 글리메피리드\n'],경기도 김포시입니다.,김고문 씨의 거주지: 경기 김포시.,1.0,0.4589963354895639,0.9999999999,1.0,1,P023-Q01-T-거주지,T-거주지,경기 김포시
김고문 씨의 직업은 무엇인가요?,['id: P023\nuuid: 2d26a70aeedd4584a4bca29458e87898\nname: 김고문\nbirth_year: 1943\nage: 83\nsex: 남자\nresidence:\n  province: 경기\n  district: 경기-김포시\n  region_class: 수도권\neducation:\n  level: 고등학교\n  field: null\noccupation: 산불 감시원\nfamily_type: 친인척과 거주\nhousing_type: 아파트\nmarriage:\n  status: 배우자있음\n  marriage_year: 1976\n  spouse_death_year: null\n  divorce_year: null\nchildren:\n- name: 김준호\n  age: 48\n  sex: 남자\n  living_with: false\npreferences:\n  food: 갈비찜\n  food_source: random\n  hobby: 서예\n  hobby_source: random\n  culture: 9시 뉴스\n  culture_source: random\nhealth:\n  conditions:\n  - 갑상선 저하증\n  - 협심증\n  - 고지혈증\n  - 당뇨\n  medications:\n  - 레보티록신\n  - 아스피린\n  - 로수바스타틴\n  - 글리메피리드\n'],김고문 씨의 직업은 산불 감시원입니다.,김고문 씨의 직업: 산불 감시원.,1.0,0.949133012973808,0.9999999999,1.0,1,P023-Q02-T-직업,T-직업,산불 감시원
김고문 씨의 최종 학력은 무엇인가요?,['id: P023\nuuid: 2d26a70aeedd4584a4bca29458e87898\nname: 김고문\nbirth_year: 1943\nage: 83\nsex: 남자\nresidence:\n  province: 경기\n  district: 경기-김포시\n  region_class: 수도권\neducation:\n  level: 고등학교\n  field: null\noccupation: 산불 감시원\nfamily_type: 친인척과 거주\nhousing_type: 아파트\nmarriage:\n  status: 배우자있음\n  marriage_year: 1976\n  spouse_death_year: null\n  divorce_year: null\nchildren:\n- name: 김준호\n  age: 48\n  sex: 남자\n  living_with: false\npreferences:\n  food: 갈비찜\n  food_source: random\n  hobby: 서예\n  hobby_source: random\n  culture: 9시 뉴스\n  culture_source: random\nhealth:\n  conditions:\n  - 갑상선 저하증\n  - 협심증\n  - 고지혈증\n  - 당뇨\n  medications:\n  - 레보티록신\n  - 아스피린\n  - 로수바스타틴\n  - 글리메피리드\n'],김고문 씨의 최종 학력은 고등학교입니다.,김고문 씨의 최종 학력: 고등학교.,1.0,0.904717298378365,0.9999999999,1.0,1,P023-Q03-T-학력,T-학력,고등학교
김고문 씨는 강원에 살고 있다. (참/거짓),['id: P023\nuuid: 2d26a70aeedd4584a4bca29458e87898\nname: 김고문\nbirth_year: 1943\nage: 83\nsex: 남자\nresidence:\n  province: 경기\n  district: 경기-김포시\n  region_class: 수도권\neducation:\n  level: 고등학교\n  field: null\noccupation: 산불 감시원\nfamily_type: 친인척과 거주\nhousing_type: 아파트\nmarriage:\n  status: 배우자있음\n  marriage_year: 1976\n  spouse_death_year: null\n  divorce_year: null\nchildren:\n- name: 김준호\n  age: 48\n  sex: 남자\n  living_with: false\npreferences:\n  food: 갈비찜\n  food_source: random\n  hobby: 서예\n  hobby_source: random\n  culture: 9시 뉴스\n  culture_source: random\nhealth:\n  conditions:\n  - 갑상선 저하증\n  - 협심증\n  - 고지혈증\n  - 당뇨\n  medications:\n  - 레보티록신\n  - 아스피린\n  - 로수바스타틴\n  - 글리메피리드\n'],F. 김고문 씨는 경기-김포시에 거주하고 있습니다.,제공된 페르소나 정보 기준 김고문 씨의 거주지: 경기 김포시.,1.0,0.5639795238146975,0.9999999999,0.5,1,P023-Q04-F-반대,F-반대,F
김고문 씨의 현재 운영 중인 사업자명은 무엇인가요?,['id: P023\nuuid: 2d26a70aeedd4584a4bca29458e87898\nname: 김고문\nbirth_year: 1943\nage: 83\nsex: 남자\nresidence:\n  province: 경기\n  district: 경기-김포시\n  region_class: 수도권\neducation:\n  level: 고등학교\n  field: null\noccupation: 산불 감시원\nfamily_type: 친인척과 거주\nhousing_type: 아파트\nmarriage:\n  status: 배우자있음\n  marriage_year: 1976\n  spouse_death_year: null\n  divorce_year: null\nchildren:\n- name: 김준호\n  age: 48\n  sex: 남자\n  living_with: false\npreferences:\n  food: 갈비찜\n  food_source: random\n  hobby: 서예\n  hobby_source: random\n  culture: 9시 뉴스\n  culture_source: random\nhealth:\n  conditions:\n  - 갑상선 저하증\n  - 협심증\n  - 고지혈증\n  - 당뇨\n  medications:\n  - 레보티록신\n  - 아스피린\n  - 로수바스타틴\n  - 글리메피리드\n'],정보 없음,제공된 페르소나 정보에는 김고문 씨에 대해 질문한 사실이 없습니다.,1.0,0.0,0.0,0.0,1,P023-Q05-F-비존재,F-비존재,정보 없음
김고문 씨는 1986년에 결혼했다. (참/거짓),['id: P023\nuuid: 2d26a70aeedd4584a4bca29458e87898\nname: 김고문\nbirth_year: 1943\nage: 83\nsex: 남자\nresidence:\n  province: 경기\n  district: 경기-김포시\n  region_class: 수도권\neducation:\n  level: 고등학교\n  field: null\noccupation: 산불 감시원\nfamily_type: 친인척과 거주\nhousing_type: 아파트\nmarriage:\n  status: 배우자있음\n  marriage_year: 1976\n  spouse_death_year: null\n  divorce_year: null\nchildren:\n- name: 김준호\n  age: 48\n  sex: 남자\n  living_with: false\npreferences:\n  food: 갈비찜\n  food_source: random\n  hobby: 서예\n  hobby_source: random\n  culture: 9시 뉴스\n  culture_source: random\nhealth:\n  conditions:\n  - 갑상선 저하증\n  - 협심증\n  - 고지혈증\n  - 당뇨\n  medications:\n  - 레보티록신\n  - 아스피린\n  - 로수바스타틴\n  - 글리메피리드\n'],F. 김고문 씨는 1976년에 결혼했습니다.,제공된 페르소나 정보 기준 김고문 씨의 결혼 정보: 1976년에 결혼.,1.0,0.6257983089822716,0.9999999999,1.0,1,P023-Q06-F-시점오류,F-시점오류,F
김고문 씨의 직업은 산림 관리원이다. (참/거짓),['id: P023\nuuid: 2d26a70aeedd4584a4bca29458e87898\nname: 김고문\nbirth_year: 1943\nage: 83\nsex: 남자\nresidence:\n  province: 경기\n  district: 경기-김포시\n  region_class: 수도권\neducation:\n  level: 고등학교\n  field: null\noccupation: 산불 감시원\nfamily_type: 친인척과 거주\nhousing_type: 아파트\nmarriage:\n  status: 배우자있음\n  marriage_year: 1976\n  spouse_death_year: null\n  divorce_year: null\nchildren:\n- name: 김준호\n  age: 48\n  sex: 남자\n  living_with: false\npreferences:\n  food: 갈비찜\n  food_source: random\n  hobby: 서예\n  hobby_source: random\n  culture: 9시 뉴스\n  culture_source: random\nhealth:\n  conditions:\n  - 갑상선 저하증\n  - 협심증\n  - 고지혈증\n  - 당뇨\n  medications:\n  - 레보티록신\n  - 아스피린\n  - 로수바스타틴\n  - 글리메피리드\n'],F. 김고문 씨의 직업은 산불 감시원입니다.,제공된 페르소나 정보 기준 김고문 씨의 직업: 산불 감시원.,1.0,0.5786904052908642,0.9999999999,1.0,1,P023-Q07-ADV-부분일치,ADV-부분일치,F
김고문 씨는 1975년에 결혼했다. (참/거짓),['id: P023\nuuid: 2d26a70aeedd4584a4bca29458e87898\nname: 김고문\nbirth_year: 1943\nage: 83\nsex: 남자\nresidence:\n  province: 경기\n  district: 경기-김포시\n  region_class: 수도권\neducation:\n  level: 고등학교\n  field: null\noccupation: 산불 감시원\nfamily_type: 친인척과 거주\nhousing_type: 아파트\nmarriage:\n  status: 배우자있음\n  marriage_year: 1976\n  spouse_death_year: null\n  divorce_year: null\nchildren:\n- name: 김준호\n  age: 48\n  sex: 남자\n  living_with: false\npreferences:\n  food: 갈비찜\n  food_source: random\n  hobby: 서예\n  hobby_source: random\n  culture: 9시 뉴스\n  culture_source: random\nhealth:\n  conditions:\n  - 갑상선 저하증\n  - 협심증\n  - 고지혈증\n  - 당뇨\n  medications:\n  - 레보티록신\n  - 아스피린\n  - 로수바스타틴\n  - 글리메피리드\n'],F. 김고문 씨는 1976년에 결혼했습니다.,제공된 페르소나 정보 기준 김고문 씨의 결혼 정보: 1976년에 결혼.,1.0,0.6105076494757841,0.9999999999,0.0,1,P023-Q08-ADV-시점근접,ADV-시점근접,F
김고문 씨의 자녀 이름은 김철수이다. (참/거짓),['id: P023\nuuid: 2d26a70aeedd4584a4bca29458e87898\nname: 김고문\nbirth_year: 1943\nage: 83\nsex: 남자\nresidence:\n  province: 경기\n  district: 경기-김포시\n  region_class: 수도권\neducation:\n  level: 고등학교\n  field: null\noccupation: 산불 감시원\nfamily_type: 친인척과 거주\nhousing_type: 아파트\nmarriage:\n  status: 배우자있음\n  marriage_year: 1976\n  spouse_death_year: null\n  divorce_year: null\nchildren:\n- name: 김준호\n  age: 48\n  sex: 남자\n  living_with: false\npreferences:\n  food: 갈비찜\n  food_source: random\n  hobby: 서예\n  hobby_source: random\n  culture: 9시 뉴스\n  culture_source: random\nhealth:\n  conditions:\n  - 갑상선 저하증\n  - 협심증\n  - 고지혈증\n  - 당뇨\n  medications:\n  - 레보티록신\n  - 아스피린\n  - 로수바스타틴\n  - 글리메피리드\n'],F. 자녀의 이름은 김준호입니다.,제공된 페르소나 정보 기준 김고문 씨의 자녀 정보: 자녀 1명(김준호).,1.0,0.5119740730687067,0.9999999999,0.5,1,P023-Q09-ADV-유사인물,ADV-유사인물,F
김상신 씨의 거주지는 어디인가요?,['id: P024\nuuid: 59dc1b0ece0a403f91faf9f124797508\nname: 김상신\nbirth_year: 1946\nage: 80\nsex: 남자\nresidence:\n  province: 경상남\n  district: 경상남-합천군\n  region_class: 지방\neducation:\n  level: 무학\n  field: null\noccupation: 무직\nfamily_type: 혼자 거주\nhousing_type: 단독주택\nmarriage:\n  status: 사별\n  marriage_year: 1969\n  spouse_death_year: 2017\n  divorce_year: null\nchildren:\n- name: 김지훈\n  age: 53\n  sex: 남자\n  living_with: false\npreferences:\n  food: 된장찌개\n  food_source: text\n  hobby: 노래 부르기\n  hobby_source: random\n  culture: 이미자 노래\n  culture_source: random\nhealth:\n  conditions:\n  - 백내장\n  - 관절염\n  medications:\n  - 아세트아미노펜\n  - 셀레콕시브\n'],경상남도 합천군에 거주하고 계십니다.,김상신 씨의 거주지: 경상남 합천군.,1.0,0.5366477830735413,0.9999999999,1.0,1,P024-Q01-T-거주지,T-거주지,경상남 합천군
김상신 씨의 직업은 무엇인가요?,['id: P024\nuuid: 59dc1b0ece0a403f91faf9f124797508\nname: 김상신\nbirth_year: 1946\nage: 80\nsex: 남자\nresidence:\n  province: 경상남\n  district: 경상남-합천군\n  region_class: 지방\neducation:\n  level: 무학\n  field: null\noccupation: 무직\nfamily_type: 혼자 거주\nhousing_type: 단독주택\nmarriage:\n  status: 사별\n  marriage_year: 1969\n  spouse_death_year: 2017\n  divorce_year: null\nchildren:\n- name: 김지훈\n  age: 53\n  sex: 남자\n  living_with: false\npreferences:\n  food: 된장찌개\n  food_source: text\n  hobby: 노래 부르기\n  hobby_source: random\n  culture: 이미자 노래\n  culture_source: random\nhealth:\n  conditions:\n  - 백내장\n  - 관절염\n  medications:\n  - 아세트아미노펜\n  - 셀레콕시브\n'],김상신 씨의 직업은 무직입니다.,김상신 씨의 직업: 무직.,1.0,0.9505490199586468,0.9999999999,1.0,1,P024-Q02-T-직업,T-직업,무직
김상신 씨의 최종 학력은 무엇인가요?,['id: P024\nuuid: 59dc1b0ece0a403f91faf9f124797508\nname: 김상신\nbirth_year: 1946\nage: 80\nsex: 남자\nresidence:\n  province: 경상남\n  district: 경상남-합천군\n  region_class: 지방\neducation:\n  level: 무학\n  field: null\noccupation: 무직\nfamily_type: 혼자 거주\nhousing_type: 단독주택\nmarriage:\n  status: 사별\n  marriage_year: 1969\n  spouse_death_year: 2017\n  divorce_year: null\nchildren:\n- name: 김지훈\n  age: 53\n  sex: 남자\n  living_with: false\npreferences:\n  food: 된장찌개\n  food_source: text\n  hobby: 노래 부르기\n  hobby_source: random\n  culture: 이미자 노래\n  culture_source: random\nhealth:\n  conditions:\n  - 백내장\n  - 관절염\n  medications:\n  - 아세트아미노펜\n  - 셀레콕시브\n'],김상신 씨의 최종 학력은 무학입니다.,김상신 씨의 최종 학력: 무학.,1.0,0.8954762163060552,0.9999999999,1.0,1,P024-Q03-T-학력,T-학력,무학
김상신 씨는 인천에 살고 있다. (참/거짓),['id: P024\nuuid: 59dc1b0ece0a403f91faf9f124797508\nname: 김상신\nbirth_year: 1946\nage: 80\nsex: 남자\nresidence:\n  province: 경상남\n  district: 경상남-합천군\n  region_class: 지방\neducation:\n  level: 무학\n  field: null\noccupation: 무직\nfamily_type: 혼자 거주\nhousing_type: 단독주택\nmarriage:\n  status: 사별\n  marriage_year: 1969\n  spouse_death_year: 2017\n  divorce_year: null\nchildren:\n- name: 김지훈\n  age: 53\n  sex: 남자\n  living_with: false\npreferences:\n  food: 된장찌개\n  food_source: text\n  hobby: 노래 부르기\n  hobby_source: random\n  culture: 이미자 노래\n  culture_source: random\nhealth:\n  conditions:\n  - 백내장\n  - 관절염\n  medications:\n  - 아세트아미노펜\n  - 셀레콕시브\n'],F. 경상남도 합천군에 거주하고 있습니다.,제공된 페르소나 정보 기준 김상신 씨의 거주지: 경상남 합천군.,1.0,0.444677222863285,0.9999999999,0.0,1,P024-Q04-F-반대,F-반대,F
김상신 씨의 정기 후원하는 단체의 이름은 무엇인가요?,['id: P024\nuuid: 59dc1b0ece0a403f91faf9f124797508\nname: 김상신\nbirth_year: 1946\nage: 80\nsex: 남자\nresidence:\n  province: 경상남\n  district: 경상남-합천군\n  region_class: 지방\neducation:\n  level: 무학\n  field: null\noccupation: 무직\nfamily_type: 혼자 거주\nhousing_type: 단독주택\nmarriage:\n  status: 사별\n  marriage_year: 1969\n  spouse_death_year: 2017\n  divorce_year: null\nchildren:\n- name: 김지훈\n  age: 53\n  sex: 남자\n  living_with: false\npreferences:\n  food: 된장찌개\n  food_source: text\n  hobby: 노래 부르기\n  hobby_source: random\n  culture: 이미자 노래\n  culture_source: random\nhealth:\n  conditions:\n  - 백내장\n  - 관절염\n  medications:\n  - 아세트아미노펜\n  - 셀레콕시브\n'],정보 없음,제공된 페르소나 정보에는 김상신 씨에 대해 질문한 사실이 없습니다.,1.0,0.0,0.0,0.0,1,P024-Q05-F-비존재,F-비존재,정보 없음
김상신 씨는 1979년에 결혼했다. (참/거짓),['id: P024\nuuid: 59dc1b0ece0a403f91faf9f124797508\nname: 김상신\nbirth_year: 1946\nage: 80\nsex: 남자\nresidence:\n  province: 경상남\n  district: 경상남-합천군\n  region_class: 지방\neducation:\n  level: 무학\n  field: null\noccupation: 무직\nfamily_type: 혼자 거주\nhousing_type: 단독주택\nmarriage:\n  status: 사별\n  marriage_year: 1969\n  spouse_death_year: 2017\n  divorce_year: null\nchildren:\n- name: 김지훈\n  age: 53\n  sex: 남자\n  living_with: false\npreferences:\n  food: 된장찌개\n  food_source: text\n  hobby: 노래 부르기\n  hobby_source: random\n  culture: 이미자 노래\n  culture_source: random\nhealth:\n  conditions:\n  - 백내장\n  - 관절염\n  medications:\n  - 아세트아미노펜\n  - 셀레콕시브\n'],F. 김상신 씨는 1969년에 결혼했습니다.,제공된 페르소나 정보 기준 김상신 씨의 결혼 정보: 1969년에 결혼.,0.5,0.620675332490406,0.0,1.0,1,P024-Q06-F-시점오류,F-시점오류,F
김상신 씨는 경상남 합천구에 산다. (참/거짓),['id: P024\nuuid: 59dc1b0ece0a403f91faf9f124797508\nname: 김상신\nbirth_year: 1946\nage: 80\nsex: 남자\nresidence:\n  province: 경상남\n  district: 경상남-합천군\n  region_class: 지방\neducation:\n  level: 무학\n  field: null\noccupation: 무직\nfamily_type: 혼자 거주\nhousing_type: 단독주택\nmarriage:\n  status: 사별\n  marriage_year: 1969\n  spouse_death_year: 2017\n  divorce_year: null\nchildren:\n- name: 김지훈\n  age: 53\n  sex: 남자\n  living_with: false\npreferences:\n  food: 된장찌개\n  food_source: text\n  hobby: 노래 부르기\n  hobby_source: random\n  culture: 이미자 노래\n  culture_source: random\nhealth:\n  conditions:\n  - 백내장\n  - 관절염\n  medications:\n  - 아세트아미노펜\n  - 셀레콕시브\n'],F. 경상남 합천군에 거주합니다.,제공된 페르소나 정보 기준 김상신 씨의 거주지: 경상남 합천군.,0.5,0.3697689786043921,0.9999999999,0.0,1,P024-Q07-ADV-부분일치,ADV-부분일치,F
김상신 씨는 1970년에 결혼했다. (참/거짓),['id: P024\nuuid: 59dc1b0ece0a403f91faf9f124797508\nname: 김상신\nbirth_year: 1946\nage: 80\nsex: 남자\nresidence:\n  province: 경상남\n  district: 경상남-합천군\n  region_class: 지방\neducation:\n  level: 무학\n  field: null\noccupation: 무직\nfamily_type: 혼자 거주\nhousing_type: 단독주택\nmarriage:\n  status: 사별\n  marriage_year: 1969\n  spouse_death_year: 2017\n  divorce_year: null\nchildren:\n- name: 김지훈\n  age: 53\n  sex: 남자\n  living_with: false\npreferences:\n  food: 된장찌개\n  food_source: text\n  hobby: 노래 부르기\n  hobby_source: random\n  culture: 이미자 노래\n  culture_source: random\nhealth:\n  conditions:\n  - 백내장\n  - 관절염\n  medications:\n  - 아세트아미노펜\n  - 셀레콕시브\n'],F. 김상신 씨는 1969년에 결혼했습니다.,제공된 페르소나 정보 기준 김상신 씨의 결혼 정보: 1969년에 결혼.,1.0,0.6087750950009134,0.9999999999,0.0,1,P024-Q08-ADV-시점근접,ADV-시점근접,F
김상신 씨의 자녀 이름은 김상현이다. (참/거짓),['id: P024\nuuid: 59dc1b0ece0a403f91faf9f124797508\nname: 김상신\nbirth_year: 1946\nage: 80\nsex: 남자\nresidence:\n  province: 경상남\n  district: 경상남-합천군\n  region_class: 지방\neducation:\n  level: 무학\n  field: null\noccupation: 무직\nfamily_type: 혼자 거주\nhousing_type: 단독주택\nmarriage:\n  status: 사별\n  marriage_year: 1969\n  spouse_death_year: 2017\n  divorce_year: null\nchildren:\n- name: 김지훈\n  age: 53\n  sex: 남자\n  living_with: false\npreferences:\n  food: 된장찌개\n  food_source: text\n  hobby: 노래 부르기\n  hobby_source: random\n  culture: 이미자 노래\n  culture_source: random\nhealth:\n  conditions:\n  - 백내장\n  - 관절염\n  medications:\n  - 아세트아미노펜\n  - 셀레콕시브\n'],F. 자녀의 이름은 김지훈입니다.,제공된 페르소나 정보 기준 김상신 씨의 자녀 정보: 자녀 1명(김지훈).,1.0,0.5160730965063833,0.9999999999,0.5,1,P024-Q09-ADV-유사인물,ADV-유사인물,F
조동우 씨의 거주지는 어디인가요?,['id: P025\nuuid: 343ad4ddcd624584b748f98bedba6a2f\nname: 조동우\nbirth_year: 1946\nage: 80\nsex: 남자\nresidence:\n  province: 서울\n  district: 서울-성동구\n  region_class: 수도권\neducation:\n  level: 2~3년제 전문대학\n  field: null\noccupation: 무직\nfamily_type: 배우자와 거주\nhousing_type: 아파트\nmarriage:\n  status: 배우자있음\n  marriage_year: 1979\n  spouse_death_year: null\n  divorce_year: null\nchildren:\n- name: 조광호\n  age: 42\n  sex: 남자\n  living_with: false\npreferences:\n  food: 설렁탕\n  food_source: random\n  hobby: 산책\n  hobby_source: text\n  culture: 트로트\n  culture_source: text\nhealth:\n  conditions:\n  - 당뇨\n  - 백내장\n  - 고지혈증\n  medications:\n  - 메트포르민\n  - 글리메피리드\n  - 아토르바스타틴\n  - 로수바스타틴\n'],서울 성동구에 거주하고 계십니다.,조동우 씨의 거주지: 서울 성동구.,1.0,0.5668504618388908,0.9999999999,1.0,1,P025-Q01-T-거주지,T-거주지,서울 성동구
조동우 씨의 직업은 무엇인가요?,['id: P025\nuuid: 343ad4ddcd624584b748f98bedba6a2f\nname: 조동우\nbirth_year: 1946\nage: 80\nsex: 남자\nresidence:\n  province: 서울\n  district: 서울-성동구\n  region_class: 수도권\neducation:\n  level: 2~3년제 전문대학\n  field: null\noccupation: 무직\nfamily_type: 배우자와 거주\nhousing_type: 아파트\nmarriage:\n  status: 배우자있음\n  marriage_year: 1979\n  spouse_death_year: null\n  divorce_year: null\nchildren:\n- name: 조광호\n  age: 42\n  sex: 남자\n  living_with: false\npreferences:\n  food: 설렁탕\n  food_source: random\n  hobby: 산책\n  hobby_source: text\n  culture: 트로트\n  culture_source: text\nhealth:\n  conditions:\n  - 당뇨\n  - 백내장\n  - 고지혈증\n  medications:\n  - 메트포르민\n  - 글리메피리드\n  - 아토르바스타틴\n  - 로수바스타틴\n'],조동우 씨의 직업은 무직입니다.,조동우 씨의 직업: 무직.,1.0,0.956755079765924,0.9999999999,1.0,1,P025-Q02-T-직업,T-직업,무직
조동우 씨의 최종 학력은 무엇인가요?,['id: P025\nuuid: 343ad4ddcd624584b748f98bedba6a2f\nname: 조동우\nbirth_year: 1946\nage: 80\nsex: 남자\nresidence:\n  province: 서울\n  district: 서울-성동구\n  region_class: 수도권\neducation:\n  level: 2~3년제 전문대학\n  field: null\noccupation: 무직\nfamily_type: 배우자와 거주\nhousing_type: 아파트\nmarriage:\n  status: 배우자있음\n  marriage_year: 1979\n  spouse_death_year: null\n  divorce_year: null\nchildren:\n- name: 조광호\n  age: 42\n  sex: 남자\n  living_with: false\npreferences:\n  food: 설렁탕\n  food_source: random\n  hobby: 산책\n  hobby_source: text\n  culture: 트로트\n  culture_source: text\nhealth:\n  conditions:\n  - 당뇨\n  - 백내장\n  - 고지혈증\n  medications:\n  - 메트포르민\n  - 글리메피리드\n  - 아토르바스타틴\n  - 로수바스타틴\n'],조동우 씨의 최종 학력은 2~3년제 전문대학입니다.,조동우 씨의 최종 학력: 2~3년제 전문대학.,1.0,0.9075096756227988,0.9999999999,1.0,1,P025-Q03-T-학력,T-학력,2~3년제 전문대학
조동우 씨는 경상북에 살고 있다. (참/거짓),['id: P025\nuuid: 343ad4ddcd624584b748f98bedba6a2f\nname: 조동우\nbirth_year: 1946\nage: 80\nsex: 남자\nresidence:\n  province: 서울\n  district: 서울-성동구\n  region_class: 수도권\neducation:\n  level: 2~3년제 전문대학\n  field: null\noccupation: 무직\nfamily_type: 배우자와 거주\nhousing_type: 아파트\nmarriage:\n  status: 배우자있음\n  marriage_year: 1979\n  spouse_death_year: null\n  divorce_year: null\nchildren:\n- name: 조광호\n  age: 42\n  sex: 남자\n  living_with: false\npreferences:\n  food: 설렁탕\n  food_source: random\n  hobby: 산책\n  hobby_source: text\n  culture: 트로트\n  culture_source: text\nhealth:\n  conditions:\n  - 당뇨\n  - 백내장\n  - 고지혈증\n  medications:\n  - 메트포르민\n  - 글리메피리드\n  - 아토르바스타틴\n  - 로수바스타틴\n'],F. 조동우 씨는 서울 성동구에 거주하고 있습니다.,제공된 페르소나 정보 기준 조동우 씨의 거주지: 서울 성동구.,1.0,0.5773749464912288,0.0,0.5,1,P025-Q04-F-반대,F-반대,F
조동우 씨의 현재 운영 중인 사업자명은 무엇인가요?,['id: P025\nuuid: 343ad4ddcd624584b748f98bedba6a2f\nname: 조동우\nbirth_year: 1946\nage: 80\nsex: 남자\nresidence:\n  province: 서울\n  district: 서울-성동구\n  region_class: 수도권\neducation:\n  level: 2~3년제 전문대학\n  field: null\noccupation: 무직\nfamily_type: 배우자와 거주\nhousing_type: 아파트\nmarriage:\n  status: 배우자있음\n  marriage_year: 1979\n  spouse_death_year: null\n  divorce_year: null\nchildren:\n- name: 조광호\n  age: 42\n  sex: 남자\n  living_with: false\npreferences:\n  food: 설렁탕\n  food_source: random\n  hobby: 산책\n  hobby_source: text\n  culture: 트로트\n  culture_source: text\nhealth:\n  conditions:\n  - 당뇨\n  - 백내장\n  - 고지혈증\n  medications:\n  - 메트포르민\n  - 글리메피리드\n  - 아토르바스타틴\n  - 로수바스타틴\n'],정보 없음,제공된 페르소나 정보에는 조동우 씨에 대해 질문한 사실이 없습니다.,1.0,0.0,0.0,0.0,1,P025-Q05-F-비존재,F-비존재,정보 없음
조동우 씨는 1994년에 결혼했다. (참/거짓),['id: P025\nuuid: 343ad4ddcd624584b748f98bedba6a2f\nname: 조동우\nbirth_year: 1946\nage: 80\nsex: 남자\nresidence:\n  province: 서울\n  district: 서울-성동구\n  region_class: 수도권\neducation:\n  level: 2~3년제 전문대학\n  field: null\noccupation: 무직\nfamily_type: 배우자와 거주\nhousing_type: 아파트\nmarriage:\n  status: 배우자있음\n  marriage_year: 1979\n  spouse_death_year: null\n  divorce_year: null\nchildren:\n- name: 조광호\n  age: 42\n  sex: 남자\n  living_with: false\npreferences:\n  food: 설렁탕\n  food_source: random\n  hobby: 산책\n  hobby_source: text\n  culture: 트로트\n  culture_source: text\nhealth:\n  conditions:\n  - 당뇨\n  - 백내장\n  - 고지혈증\n  medications:\n  - 메트포르민\n  - 글리메피리드\n  - 아토르바스타틴\n  - 로수바스타틴\n'],F. 조동우 씨는 1979년에 결혼했습니다.,제공된 페르소나 정보 기준 조동우 씨의 결혼 정보: 1979년에 결혼.,1.0,0.6062333942921386,0.9999999999,1.0,1,P025-Q06-F-시점오류,F-시점오류,F
조동우 씨는 서울 성동시에 산다. (참/거짓),['id: P025\nuuid: 343ad4ddcd624584b748f98bedba6a2f\nname: 조동우\nbirth_year: 1946\nage: 80\nsex: 남자\nresidence:\n  province: 서울\n  district: 서울-성동구\n  region_class: 수도권\neducation:\n  level: 2~3년제 전문대학\n  field: null\noccupation: 무직\nfamily_type: 배우자와 거주\nhousing_type: 아파트\nmarriage:\n  status: 배우자있음\n  marriage_year: 1979\n  spouse_death_year: null\n  divorce_year: null\nchildren:\n- name: 조광호\n  age: 42\n  sex: 남자\n  living_with: false\npreferences:\n  food: 설렁탕\n  food_source: random\n  hobby: 산책\n  hobby_source: text\n  culture: 트로트\n  culture_source: text\nhealth:\n  conditions:\n  - 당뇨\n  - 백내장\n  - 고지혈증\n  medications:\n  - 메트포르민\n  - 글리메피리드\n  - 아토르바스타틴\n  - 로수바스타틴\n'],F. 조동우 씨는 서울 성동구가 아니라 서울시 성동구에 거주합니다.,제공된 페르소나 정보 기준 조동우 씨의 거주지: 서울 성동구.,0.5,0.5330934584759496,0.9999999999,1.0,1,P025-Q07-ADV-부분일치,ADV-부분일치,F
조동우 씨는 1978년에 결혼했다. (참/거짓),['id: P025\nuuid: 343ad4ddcd624584b748f98bedba6a2f\nname: 조동우\nbirth_year: 1946\nage: 80\nsex: 남자\nresidence:\n  province: 서울\n  district: 서울-성동구\n  region_class: 수도권\neducation:\n  level: 2~3년제 전문대학\n  field: null\noccupation: 무직\nfamily_type: 배우자와 거주\nhousing_type: 아파트\nmarriage:\n  status: 배우자있음\n  marriage_year: 1979\n  spouse_death_year: null\n  divorce_year: null\nchildren:\n- name: 조광호\n  age: 42\n  sex: 남자\n  living_with: false\npreferences:\n  food: 설렁탕\n  food_source: random\n  hobby: 산책\n  hobby_source: text\n  culture: 트로트\n  culture_source: text\nhealth:\n  conditions:\n  - 당뇨\n  - 백내장\n  - 고지혈증\n  medications:\n  - 메트포르민\n  - 글리메피리드\n  - 아토르바스타틴\n  - 로수바스타틴\n'],F. 조동우 씨는 1979년에 결혼했습니다.,제공된 페르소나 정보 기준 조동우 씨의 결혼 정보: 1979년에 결혼.,1.0,0.5976363303110731,0.9999999999,0.0,1,P025-Q08-ADV-시점근접,ADV-시점근접,F
조동우 씨의 자녀 이름은 조철수이다. (참/거짓),['id: P025\nuuid: 343ad4ddcd624584b748f98bedba6a2f\nname: 조동우\nbirth_year: 1946\nage: 80\nsex: 남자\nresidence:\n  province: 서울\n  district: 서울-성동구\n  region_class: 수도권\neducation:\n  level: 2~3년제 전문대학\n  field: null\noccupation: 무직\nfamily_type: 배우자와 거주\nhousing_type: 아파트\nmarriage:\n  status: 배우자있음\n  marriage_year: 1979\n  spouse_death_year: null\n  divorce_year: null\nchildren:\n- name: 조광호\n  age: 42\n  sex: 남자\n  living_with: false\npreferences:\n  food: 설렁탕\n  food_source: random\n  hobby: 산책\n  hobby_source: text\n  culture: 트로트\n  culture_source: text\nhealth:\n  conditions:\n  - 당뇨\n  - 백내장\n  - 고지혈증\n  medications:\n  - 메트포르민\n  - 글리메피리드\n  - 아토르바스타틴\n  - 로수바스타틴\n'],F. 자녀의 이름은 조광호입니다.,제공된 페르소나 정보 기준 조동우 씨의 자녀 정보: 자녀 1명(조광호).,1.0,0.5266509677360303,0.0,0.0,1,P025-Q09-ADV-유사인물,ADV-유사인물,F
이경희 씨의 거주지는 어디인가요?,['id: P026\nuuid: 3bdc29a835a24bff80364eebdd5eeed5\nname: 이경희\nbirth_year: 1943\nage: 83\nsex: 여자\nresidence:\n  province: 대구\n  district: 대구-남구\n  region_class: 광역시\neducation:\n  level: 초등학교\n  field: null\noccupation: 무직\nfamily_type: 친인척과 거주\nhousing_type: 단독주택\nmarriage:\n  status: 사별\n  marriage_year: 1973\n  spouse_death_year: 2007\n  divorce_year: null\nchildren:\n- name: 이민수\n  age: 51\n  sex: 남자\n  living_with: false\npreferences:\n  food: 설렁탕\n  food_source: random\n  hobby: 산책\n  hobby_source: text\n  culture: 옛날 영화\n  culture_source: random\nhealth:\n  conditions:\n  - 전립선비대\n  - 관절염\n  medications:\n  - 탐스로신\n  - 아세트아미노펜\n  - 셀레콕시브\n'],대구광역시 대구-남구에 거주하고 계십니다.,이경희 씨의 거주지: 대구 남구.,1.0,0.5583139840143505,0.9999999999,1.0,1,P026-Q01-T-거주지,T-거주지,대구 남구
이경희 씨의 직업은 무엇인가요?,['id: P026\nuuid: 3bdc29a835a24bff80364eebdd5eeed5\nname: 이경희\nbirth_year: 1943\nage: 83\nsex: 여자\nresidence:\n  province: 대구\n  district: 대구-남구\n  region_class: 광역시\neducation:\n  level: 초등학교\n  field: null\noccupation: 무직\nfamily_type: 친인척과 거주\nhousing_type: 단독주택\nmarriage:\n  status: 사별\n  marriage_year: 1973\n  spouse_death_year: 2007\n  divorce_year: null\nchildren:\n- name: 이민수\n  age: 51\n  sex: 남자\n  living_with: false\npreferences:\n  food: 설렁탕\n  food_source: random\n  hobby: 산책\n  hobby_source: text\n  culture: 옛날 영화\n  culture_source: random\nhealth:\n  conditions:\n  - 전립선비대\n  - 관절염\n  medications:\n  - 탐스로신\n  - 아세트아미노펜\n  - 셀레콕시브\n'],이경희 씨의 직업은 무직입니다.,이경희 씨의 직업: 무직.,1.0,0.9738220829369384,0.9999999999,1.0,1,P026-Q02-T-직업,T-직업,무직
이경희 씨의 최종 학력은 무엇인가요?,['id: P026\nuuid: 3bdc29a835a24bff80364eebdd5eeed5\nname: 이경희\nbirth_year: 1943\nage: 83\nsex: 여자\nresidence:\n  province: 대구\n  district: 대구-남구\n  region_class: 광역시\neducation:\n  level: 초등학교\n  field: null\noccupation: 무직\nfamily_type: 친인척과 거주\nhousing_type: 단독주택\nmarriage:\n  status: 사별\n  marriage_year: 1973\n  spouse_death_year: 2007\n  divorce_year: null\nchildren:\n- name: 이민수\n  age: 51\n  sex: 남자\n  living_with: false\npreferences:\n  food: 설렁탕\n  food_source: random\n  hobby: 산책\n  hobby_source: text\n  culture: 옛날 영화\n  culture_source: random\nhealth:\n  conditions:\n  - 전립선비대\n  - 관절염\n  medications:\n  - 탐스로신\n  - 아세트아미노펜\n  - 셀레콕시브\n'],이경희 씨의 최종 학력은 초등학교입니다.,이경희 씨의 최종 학력: 초등학교.,1.0,0.9214659171583184,0.9999999999,1.0,1,P026-Q03-T-학력,T-학력,초등학교
이경희 씨는 충청북에 살고 있다. (참/거짓),['id: P026\nuuid: 3bdc29a835a24bff80364eebdd5eeed5\nname: 이경희\nbirth_year: 1943\nage: 83\nsex: 여자\nresidence:\n  province: 대구\n  district: 대구-남구\n  region_class: 광역시\neducation:\n  level: 초등학교\n  field: null\noccupation: 무직\nfamily_type: 친인척과 거주\nhousing_type: 단독주택\nmarriage:\n  status: 사별\n  marriage_year: 1973\n  spouse_death_year: 2007\n  divorce_year: null\nchildren:\n- name: 이민수\n  age: 51\n  sex: 남자\n  living_with: false\npreferences:\n  food: 설렁탕\n  food_source: random\n  hobby: 산책\n  hobby_source: text\n  culture: 옛날 영화\n  culture_source: random\nhealth:\n  conditions:\n  - 전립선비대\n  - 관절염\n  medications:\n  - 탐스로신\n  - 아세트아미노펜\n  - 셀레콕시브\n'],F. 이경희 씨는 대구광역시 대구-남구에 거주하고 있습니다.,제공된 페르소나 정보 기준 이경희 씨의 거주지: 대구 남구.,1.0,0.7360774347196024,0.9999999999,0.5,1,P026-Q04-F-반대,F-반대,F
이경희 씨의 현재 운영 중인 사업자명은 무엇인가요?,['id: P026\nuuid: 3bdc29a835a24bff80364eebdd5eeed5\nname: 이경희\nbirth_year: 1943\nage: 83\nsex: 여자\nresidence:\n  province: 대구\n  district: 대구-남구\n  region_class: 광역시\neducation:\n  level: 초등학교\n  field: null\noccupation: 무직\nfamily_type: 친인척과 거주\nhousing_type: 단독주택\nmarriage:\n  status: 사별\n  marriage_year: 1973\n  spouse_death_year: 2007\n  divorce_year: null\nchildren:\n- name: 이민수\n  age: 51\n  sex: 남자\n  living_with: false\npreferences:\n  food: 설렁탕\n  food_source: random\n  hobby: 산책\n  hobby_source: text\n  culture: 옛날 영화\n  culture_source: random\nhealth:\n  conditions:\n  - 전립선비대\n  - 관절염\n  medications:\n  - 탐스로신\n  - 아세트아미노펜\n  - 셀레콕시브\n'],정보 없음,제공된 페르소나 정보에는 이경희 씨에 대해 질문한 사실이 없습니다.,1.0,0.0,0.0,0.0,1,P026-Q05-F-비존재,F-비존재,정보 없음
이경희 씨는 1983년에 결혼했다. (참/거짓),['id: P026\nuuid: 3bdc29a835a24bff80364eebdd5eeed5\nname: 이경희\nbirth_year: 1943\nage: 83\nsex: 여자\nresidence:\n  province: 대구\n  district: 대구-남구\n  region_class: 광역시\neducation:\n  level: 초등학교\n  field: null\noccupation: 무직\nfamily_type: 친인척과 거주\nhousing_type: 단독주택\nmarriage:\n  status: 사별\n  marriage_year: 1973\n  spouse_death_year: 2007\n  divorce_year: null\nchildren:\n- name: 이민수\n  age: 51\n  sex: 남자\n  living_with: false\npreferences:\n  food: 설렁탕\n  food_source: random\n  hobby: 산책\n  hobby_source: text\n  culture: 옛날 영화\n  culture_source: random\nhealth:\n  conditions:\n  - 전립선비대\n  - 관절염\n  medications:\n  - 탐스로신\n  - 아세트아미노펜\n  - 셀레콕시브\n'],F. 이경희 씨는 1973년에 결혼했습니다.,제공된 페르소나 정보 기준 이경희 씨의 결혼 정보: 1973년에 결혼.,0.5,0.5683335222059211,0.9999999999,1.0,1,P026-Q06-F-시점오류,F-시점오류,F
이경희 씨는 대구 남시에 산다. (참/거짓),['id: P026\nuuid: 3bdc29a835a24bff80364eebdd5eeed5\nname: 이경희\nbirth_year: 1943\nage: 83\nsex: 여자\nresidence:\n  province: 대구\n  district: 대구-남구\n  region_class: 광역시\neducation:\n  level: 초등학교\n  field: null\noccupation: 무직\nfamily_type: 친인척과 거주\nhousing_type: 단독주택\nmarriage:\n  status: 사별\n  marriage_year: 1973\n  spouse_death_year: 2007\n  divorce_year: null\nchildren:\n- name: 이민수\n  age: 51\n  sex: 남자\n  living_with: false\npreferences:\n  food: 설렁탕\n  food_source: random\n  hobby: 산책\n  hobby_source: text\n  culture: 옛날 영화\n  culture_source: random\nhealth:\n  conditions:\n  - 전립선비대\n  - 관절염\n  medications:\n  - 탐스로신\n  - 아세트아미노펜\n  - 셀레콕시브\n'],F. 이경희 씨는 대구 남구가 아니라 대구 남구에 거주합니다.,제공된 페르소나 정보 기준 이경희 씨의 거주지: 대구 남구.,1.0,0.7259789162273185,0.9999999999,1.0,1,P026-Q07-ADV-부분일치,ADV-부분일치,F
이경희 씨는 1972년에 결혼했다. (참/거짓),['id: P026\nuuid: 3bdc29a835a24bff80364eebdd5eeed5\nname: 이경희\nbirth_year: 1943\nage: 83\nsex: 여자\nresidence:\n  province: 대구\n  district: 대구-남구\n  region_class: 광역시\neducation:\n  level: 초등학교\n  field: null\noccupation: 무직\nfamily_type: 친인척과 거주\nhousing_type: 단독주택\nmarriage:\n  status: 사별\n  marriage_year: 1973\n  spouse_death_year: 2007\n  divorce_year: null\nchildren:\n- name: 이민수\n  age: 51\n  sex: 남자\n  living_with: false\npreferences:\n  food: 설렁탕\n  food_source: random\n  hobby: 산책\n  hobby_source: text\n  culture: 옛날 영화\n  culture_source: random\nhealth:\n  conditions:\n  - 전립선비대\n  - 관절염\n  medications:\n  - 탐스로신\n  - 아세트아미노펜\n  - 셀레콕시브\n'],F. 이경희 씨의 결혼 연도는 1973년입니다.,제공된 페르소나 정보 기준 이경희 씨의 결혼 정보: 1973년에 결혼.,1.0,0.693216079717316,0.9999999999,0.0,1,P026-Q08-ADV-시점근접,ADV-시점근접,F
이경희 씨의 자녀 이름은 이지훈이다. (참/거짓),['id: P026\nuuid: 3bdc29a835a24bff80364eebdd5eeed5\nname: 이경희\nbirth_year: 1943\nage: 83\nsex: 여자\nresidence:\n  province: 대구\n  district: 대구-남구\n  region_class: 광역시\neducation:\n  level: 초등학교\n  field: null\noccupation: 무직\nfamily_type: 친인척과 거주\nhousing_type: 단독주택\nmarriage:\n  status: 사별\n  marriage_year: 1973\n  spouse_death_year: 2007\n  divorce_year: null\nchildren:\n- name: 이민수\n  age: 51\n  sex: 남자\n  living_with: false\npreferences:\n  food: 설렁탕\n  food_source: random\n  hobby: 산책\n  hobby_source: text\n  culture: 옛날 영화\n  culture_source: random\nhealth:\n  conditions:\n  - 전립선비대\n  - 관절염\n  medications:\n  - 탐스로신\n  - 아세트아미노펜\n  - 셀레콕시브\n'],F. 자녀의 이름은 이민수입니다.,제공된 페르소나 정보 기준 이경희 씨의 자녀 정보: 자녀 1명(이민수).,1.0,0.5200201459922456,0.0,0.5,1,P026-Q09-ADV-유사인물,ADV-유사인물,F
김송자 씨의 거주지는 어디인가요?,['id: P027\nuuid: e4b8d8a947304239ba708293a6cf2929\nname: 김송자\nbirth_year: 1938\nage: 88\nsex: 여자\nresidence:\n  province: 경기\n  district: 경기-하남시\n  region_class: 수도권\neducation:\n  level: 초등학교\n  field: null\noccupation: 무직\nfamily_type: 친인척과 거주\nhousing_type: 아파트\nmarriage:\n  status: 사별\n  marriage_year: 1968\n  spouse_death_year: 2014\n  divorce_year: null\nchildren:\n- name: 김민수\n  age: 54\n  sex: 남자\n  living_with: false\npreferences:\n  food: 비빔밥\n  food_source: random\n  hobby: 장기\n  hobby_source: random\n  culture: 이미자 노래\n  culture_source: random\nhealth:\n  conditions:\n  - 당뇨\n  - 고혈압\n  - 전립선비대\n  medications:\n  - 탐스로신\n  - 메트포르민\n  - 암로디핀\n  - 로사르탄\n'],경기도 하남시입니다.,김송자 씨의 거주지: 경기 하남시.,1.0,0.4560616324756514,0.9999999999,1.0,1,P027-Q01-T-거주지,T-거주지,경기 하남시
김송자 씨의 직업은 무엇인가요?,['id: P027\nuuid: e4b8d8a947304239ba708293a6cf2929\nname: 김송자\nbirth_year: 1938\nage: 88\nsex: 여자\nresidence:\n  province: 경기\n  district: 경기-하남시\n  region_class: 수도권\neducation:\n  level: 초등학교\n  field: null\noccupation: 무직\nfamily_type: 친인척과 거주\nhousing_type: 아파트\nmarriage:\n  status: 사별\n  marriage_year: 1968\n  spouse_death_year: 2014\n  divorce_year: null\nchildren:\n- name: 김민수\n  age: 54\n  sex: 남자\n  living_with: false\npreferences:\n  food: 비빔밥\n  food_source: random\n  hobby: 장기\n  hobby_source: random\n  culture: 이미자 노래\n  culture_source: random\nhealth:\n  conditions:\n  - 당뇨\n  - 고혈압\n  - 전립선비대\n  medications:\n  - 탐스로신\n  - 메트포르민\n  - 암로디핀\n  - 로사르탄\n'],김송자 씨의 직업은 무직입니다.,김송자 씨의 직업: 무직.,1.0,0.8569275107500117,0.9999999999,1.0,1,P027-Q02-T-직업,T-직업,무직
김송자 씨의 최종 학력은 무엇인가요?,['id: P027\nuuid: e4b8d8a947304239ba708293a6cf2929\nname: 김송자\nbirth_year: 1938\nage: 88\nsex: 여자\nresidence:\n  province: 경기\n  district: 경기-하남시\n  region_class: 수도권\neducation:\n  level: 초등학교\n  field: null\noccupation: 무직\nfamily_type: 친인척과 거주\nhousing_type: 아파트\nmarriage:\n  status: 사별\n  marriage_year: 1968\n  spouse_death_year: 2014\n  divorce_year: null\nchildren:\n- name: 김민수\n  age: 54\n  sex: 남자\n  living_with: false\npreferences:\n  food: 비빔밥\n  food_source: random\n  hobby: 장기\n  hobby_source: random\n  culture: 이미자 노래\n  culture_source: random\nhealth:\n  conditions:\n  - 당뇨\n  - 고혈압\n  - 전립선비대\n  medications:\n  - 탐스로신\n  - 메트포르민\n  - 암로디핀\n  - 로사르탄\n'],김송자 씨의 최종 학력은 초등학교입니다.,김송자 씨의 최종 학력: 초등학교.,1.0,0.9164309697068383,0.9999999999,1.0,1,P027-Q03-T-학력,T-학력,초등학교
김송자 씨는 전북에 살고 있다. (참/거짓),['id: P027\nuuid: e4b8d8a947304239ba708293a6cf2929\nname: 김송자\nbirth_year: 1938\nage: 88\nsex: 여자\nresidence:\n  province: 경기\n  district: 경기-하남시\n  region_class: 수도권\neducation:\n  level: 초등학교\n  field: null\noccupation: 무직\nfamily_type: 친인척과 거주\nhousing_type: 아파트\nmarriage:\n  status: 사별\n  marriage_year: 1968\n  spouse_death_year: 2014\n  divorce_year: null\nchildren:\n- name: 김민수\n  age: 54\n  sex: 남자\n  living_with: false\npreferences:\n  food: 비빔밥\n  food_source: random\n  hobby: 장기\n  hobby_source: random\n  culture: 이미자 노래\n  culture_source: random\nhealth:\n  conditions:\n  - 당뇨\n  - 고혈압\n  - 전립선비대\n  medications:\n  - 탐스로신\n  - 메트포르민\n  - 암로디핀\n  - 로사르탄\n'],F. 김송자 씨는 경기-하남시에 거주하고 있습니다.,제공된 페르소나 정보 기준 김송자 씨의 거주지: 경기 하남시.,1.0,0.5155156721638949,0.9999999999,0.0,1,P027-Q04-F-반대,F-반대,F
김송자 씨의 반려동물의 이름은 무엇인가요?,['id: P027\nuuid: e4b8d8a947304239ba708293a6cf2929\nname: 김송자\nbirth_year: 1938\nage: 88\nsex: 여자\nresidence:\n  province: 경기\n  district: 경기-하남시\n  region_class: 수도권\neducation:\n  level: 초등학교\n  field: null\noccupation: 무직\nfamily_type: 친인척과 거주\nhousing_type: 아파트\nmarriage:\n  status: 사별\n  marriage_year: 1968\n  spouse_death_year: 2014\n  divorce_year: null\nchildren:\n- name: 김민수\n  age: 54\n  sex: 남자\n  living_with: false\npreferences:\n  food: 비빔밥\n  food_source: random\n  hobby: 장기\n  hobby_source: random\n  culture: 이미자 노래\n  culture_source: random\nhealth:\n  conditions:\n  - 당뇨\n  - 고혈압\n  - 전립선비대\n  medications:\n  - 탐스로신\n  - 메트포르민\n  - 암로디핀\n  - 로사르탄\n'],정보 없음,제공된 페르소나 정보에는 김송자 씨에 대해 질문한 사실이 없습니다.,1.0,0.0,0.0,0.0,1,P027-Q05-F-비존재,F-비존재,정보 없음
김송자 씨는 1978년에 결혼했다. (참/거짓),['id: P027\nuuid: e4b8d8a947304239ba708293a6cf2929\nname: 김송자\nbirth_year: 1938\nage: 88\nsex: 여자\nresidence:\n  province: 경기\n  district: 경기-하남시\n  region_class: 수도권\neducation:\n  level: 초등학교\n  field: null\noccupation: 무직\nfamily_type: 친인척과 거주\nhousing_type: 아파트\nmarriage:\n  status: 사별\n  marriage_year: 1968\n  spouse_death_year: 2014\n  divorce_year: null\nchildren:\n- name: 김민수\n  age: 54\n  sex: 남자\n  living_with: false\npreferences:\n  food: 비빔밥\n  food_source: random\n  hobby: 장기\n  hobby_source: random\n  culture: 이미자 노래\n  culture_source: random\nhealth:\n  conditions:\n  - 당뇨\n  - 고혈압\n  - 전립선비대\n  medications:\n  - 탐스로신\n  - 메트포르민\n  - 암로디핀\n  - 로사르탄\n'],F. 김송자 씨는 1968년에 결혼했습니다.,제공된 페르소나 정보 기준 김송자 씨의 결혼 정보: 1968년에 결혼.,1.0,0.6360819215352952,0.9999999999,1.0,1,P027-Q06-F-시점오류,F-시점오류,F
김송자 씨는 경기 하남구에 산다. (참/거짓),['id: P027\nuuid: e4b8d8a947304239ba708293a6cf2929\nname: 김송자\nbirth_year: 1938\nage: 88\nsex: 여자\nresidence:\n  province: 경기\n  district: 경기-하남시\n  region_class: 수도권\neducation:\n  level: 초등학교\n  field: null\noccupation: 무직\nfamily_type: 친인척과 거주\nhousing_type: 아파트\nmarriage:\n  status: 사별\n  marriage_year: 1968\n  spouse_death_year: 2014\n  divorce_year: null\nchildren:\n- name: 김민수\n  age: 54\n  sex: 남자\n  living_with: false\npreferences:\n  food: 비빔밥\n  food_source: random\n  hobby: 장기\n  hobby_source: random\n  culture: 이미자 노래\n  culture_source: random\nhealth:\n  conditions:\n  - 당뇨\n  - 고혈압\n  - 전립선비대\n  medications:\n  - 탐스로신\n  - 메트포르민\n  - 암로디핀\n  - 로사르탄\n'],F. 경기-하남시 에 거주합니다.,제공된 페르소나 정보 기준 김송자 씨의 거주지: 경기 하남시.,1.0,0.4264254244778397,0.9999999999,0.0,1,P027-Q07-ADV-부분일치,ADV-부분일치,F
김송자 씨는 1969년에 결혼했다. (참/거짓),['id: P027\nuuid: e4b8d8a947304239ba708293a6cf2929\nname: 김송자\nbirth_year: 1938\nage: 88\nsex: 여자\nresidence:\n  province: 경기\n  district: 경기-하남시\n  region_class: 수도권\neducation:\n  level: 초등학교\n  field: null\noccupation: 무직\nfamily_type: 친인척과 거주\nhousing_type: 아파트\nmarriage:\n  status: 사별\n  marriage_year: 1968\n  spouse_death_year: 2014\n  divorce_year: null\nchildren:\n- name: 김민수\n  age: 54\n  sex: 남자\n  living_with: false\npreferences:\n  food: 비빔밥\n  food_source: random\n  hobby: 장기\n  hobby_source: random\n  culture: 이미자 노래\n  culture_source: random\nhealth:\n  conditions:\n  - 당뇨\n  - 고혈압\n  - 전립선비대\n  medications:\n  - 탐스로신\n  - 메트포르민\n  - 암로디핀\n  - 로사르탄\n'],F. 김송자 씨는 1968년에 결혼했습니다.,제공된 페르소나 정보 기준 김송자 씨의 결혼 정보: 1968년에 결혼.,1.0,0.6504443098061434,0.9999999999,1.0,1,P027-Q08-ADV-시점근접,ADV-시점근접,F
김송자 씨의 자녀 이름은 김지훈이다. (참/거짓),['id: P027\nuuid: e4b8d8a947304239ba708293a6cf2929\nname: 김송자\nbirth_year: 1938\nage: 88\nsex: 여자\nresidence:\n  province: 경기\n  district: 경기-하남시\n  region_class: 수도권\neducation:\n  level: 초등학교\n  field: null\noccupation: 무직\nfamily_type: 친인척과 거주\nhousing_type: 아파트\nmarriage:\n  status: 사별\n  marriage_year: 1968\n  spouse_death_year: 2014\n  divorce_year: null\nchildren:\n- name: 김민수\n  age: 54\n  sex: 남자\n  living_with: false\npreferences:\n  food: 비빔밥\n  food_source: random\n  hobby: 장기\n  hobby_source: random\n  culture: 이미자 노래\n  culture_source: random\nhealth:\n  conditions:\n  - 당뇨\n  - 고혈압\n  - 전립선비대\n  medications:\n  - 탐스로신\n  - 메트포르민\n  - 암로디핀\n  - 로사르탄\n'],F. 자녀의 이름은 김민수입니다.,제공된 페르소나 정보 기준 김송자 씨의 자녀 정보: 자녀 1명(김민수).,1.0,0.508386688404364,0.0,0.5,1,P027-Q09-ADV-유사인물,ADV-유사인물,F
김경태 씨의 거주지는 어디인가요?,['id: P028\nuuid: 19d0ae84486b475d989709b36b8ee4b2\nname: 김경태\nbirth_year: 1943\nage: 83\nsex: 여자\nresidence:\n  province: 대전\n  district: 대전-서구\n  region_class: 광역시\neducation:\n  level: 초등학교\n  field: null\noccupation: 무직\nfamily_type: 혼자 거주\nhousing_type: 아파트\nmarriage:\n  status: 사별\n  marriage_year: 1976\n  spouse_death_year: 2023\n  divorce_year: null\nchildren:\n- name: 김광호\n  age: 46\n  sex: 남자\n  living_with: false\npreferences:\n  food: 설렁탕\n  food_source: random\n  hobby: 독서\n  hobby_source: random\n  culture: 이미자 노래\n  culture_source: random\nhealth:\n  conditions:\n  - 전립선비대\n  - 위염\n  - 고지혈증\n  medications:\n  - 아토르바스타틴\n  - 로수바스타틴\n  - 라베프라졸\n  - 오메프라졸\n'],대전광역시 서구에 거주하고 계십니다.,김경태 씨의 거주지: 대전 서구.,1.0,0.5329536238832833,0.9999999999,1.0,1,P028-Q01-T-거주지,T-거주지,대전 서구
김경태 씨의 직업은 무엇인가요?,['id: P028\nuuid: 19d0ae84486b475d989709b36b8ee4b2\nname: 김경태\nbirth_year: 1943\nage: 83\nsex: 여자\nresidence:\n  province: 대전\n  district: 대전-서구\n  region_class: 광역시\neducation:\n  level: 초등학교\n  field: null\noccupation: 무직\nfamily_type: 혼자 거주\nhousing_type: 아파트\nmarriage:\n  status: 사별\n  marriage_year: 1976\n  spouse_death_year: 2023\n  divorce_year: null\nchildren:\n- name: 김광호\n  age: 46\n  sex: 남자\n  living_with: false\npreferences:\n  food: 설렁탕\n  food_source: random\n  hobby: 독서\n  hobby_source: random\n  culture: 이미자 노래\n  culture_source: random\nhealth:\n  conditions:\n  - 전립선비대\n  - 위염\n  - 고지혈증\n  medications:\n  - 아토르바스타틴\n  - 로수바스타틴\n  - 라베프라졸\n  - 오메프라졸\n'],김경태 씨의 직업은 무직입니다.,김경태 씨의 직업: 무직.,1.0,0.9662561417602477,0.9999999999,1.0,1,P028-Q02-T-직업,T-직업,무직
김경태 씨의 최종 학력은 무엇인가요?,['id: P028\nuuid: 19d0ae84486b475d989709b36b8ee4b2\nname: 김경태\nbirth_year: 1943\nage: 83\nsex: 여자\nresidence:\n  province: 대전\n  district: 대전-서구\n  region_class: 광역시\neducation:\n  level: 초등학교\n  field: null\noccupation: 무직\nfamily_type: 혼자 거주\nhousing_type: 아파트\nmarriage:\n  status: 사별\n  marriage_year: 1976\n  spouse_death_year: 2023\n  divorce_year: null\nchildren:\n- name: 김광호\n  age: 46\n  sex: 남자\n  living_with: false\npreferences:\n  food: 설렁탕\n  food_source: random\n  hobby: 독서\n  hobby_source: random\n  culture: 이미자 노래\n  culture_source: random\nhealth:\n  conditions:\n  - 전립선비대\n  - 위염\n  - 고지혈증\n  medications:\n  - 아토르바스타틴\n  - 로수바스타틴\n  - 라베프라졸\n  - 오메프라졸\n'],김경태 씨의 최종 학력은 초등학교입니다.,김경태 씨의 최종 학력: 초등학교.,1.0,0.9388382121931724,0.9999999999,1.0,1,P028-Q03-T-학력,T-학력,초등학교
김경태 씨는 충청남에 살고 있다. (참/거짓),['id: P028\nuuid: 19d0ae84486b475d989709b36b8ee4b2\nname: 김경태\nbirth_year: 1943\nage: 83\nsex: 여자\nresidence:\n  province: 대전\n  district: 대전-서구\n  region_class: 광역시\neducation:\n  level: 초등학교\n  field: null\noccupation: 무직\nfamily_type: 혼자 거주\nhousing_type: 아파트\nmarriage:\n  status: 사별\n  marriage_year: 1976\n  spouse_death_year: 2023\n  divorce_year: null\nchildren:\n- name: 김광호\n  age: 46\n  sex: 남자\n  living_with: false\npreferences:\n  food: 설렁탕\n  food_source: random\n  hobby: 독서\n  hobby_source: random\n  culture: 이미자 노래\n  culture_source: random\nhealth:\n  conditions:\n  - 전립선비대\n  - 위염\n  - 고지혈증\n  medications:\n  - 아토르바스타틴\n  - 로수바스타틴\n  - 라베프라졸\n  - 오메프라졸\n'],F. 김경태 씨는 대전광역시 대전-서구에 거주하고 있습니다.,제공된 페르소나 정보 기준 김경태 씨의 거주지: 대전 서구.,1.0,0.53123365242965,0.0,0.5,1,P028-Q04-F-반대,F-반대,F
김경태 씨의 현재 운영 중인 사업자명은 무엇인가요?,['id: P028\nuuid: 19d0ae84486b475d989709b36b8ee4b2\nname: 김경태\nbirth_year: 1943\nage: 83\nsex: 여자\nresidence:\n  province: 대전\n  district: 대전-서구\n  region_class: 광역시\neducation:\n  level: 초등학교\n  field: null\noccupation: 무직\nfamily_type: 혼자 거주\nhousing_type: 아파트\nmarriage:\n  status: 사별\n  marriage_year: 1976\n  spouse_death_year: 2023\n  divorce_year: null\nchildren:\n- name: 김광호\n  age: 46\n  sex: 남자\n  living_with: false\npreferences:\n  food: 설렁탕\n  food_source: random\n  hobby: 독서\n  hobby_source: random\n  culture: 이미자 노래\n  culture_source: random\nhealth:\n  conditions:\n  - 전립선비대\n  - 위염\n  - 고지혈증\n  medications:\n  - 아토르바스타틴\n  - 로수바스타틴\n  - 라베프라졸\n  - 오메프라졸\n'],정보 없음,제공된 페르소나 정보에는 김경태 씨에 대해 질문한 사실이 없습니다.,1.0,0.0,0.0,0.0,1,P028-Q05-F-비존재,F-비존재,정보 없음
김경태 씨는 1991년에 결혼했다. (참/거짓),['id: P028\nuuid: 19d0ae84486b475d989709b36b8ee4b2\nname: 김경태\nbirth_year: 1943\nage: 83\nsex: 여자\nresidence:\n  province: 대전\n  district: 대전-서구\n  region_class: 광역시\neducation:\n  level: 초등학교\n  field: null\noccupation: 무직\nfamily_type: 혼자 거주\nhousing_type: 아파트\nmarriage:\n  status: 사별\n  marriage_year: 1976\n  spouse_death_year: 2023\n  divorce_year: null\nchildren:\n- name: 김광호\n  age: 46\n  sex: 남자\n  living_with: false\npreferences:\n  food: 설렁탕\n  food_source: random\n  hobby: 독서\n  hobby_source: random\n  culture: 이미자 노래\n  culture_source: random\nhealth:\n  conditions:\n  - 전립선비대\n  - 위염\n  - 고지혈증\n  medications:\n  - 아토르바스타틴\n  - 로수바스타틴\n  - 라베프라졸\n  - 오메프라졸\n'],F. 김경태 씨는 1976년에 결혼했습니다.,제공된 페르소나 정보 기준 김경태 씨의 결혼 정보: 1976년에 결혼.,1.0,0.5958172368724948,0.9999999999,1.0,1,P028-Q06-F-시점오류,F-시점오류,F
김경태 씨는 대전 서시에 산다. (참/거짓),['id: P028\nuuid: 19d0ae84486b475d989709b36b8ee4b2\nname: 김경태\nbirth_year: 1943\nage: 83\nsex: 여자\nresidence:\n  province: 대전\n  district: 대전-서구\n  region_class: 광역시\neducation:\n  level: 초등학교\n  field: null\noccupation: 무직\nfamily_type: 혼자 거주\nhousing_type: 아파트\nmarriage:\n  status: 사별\n  marriage_year: 1976\n  spouse_death_year: 2023\n  divorce_year: null\nchildren:\n- name: 김광호\n  age: 46\n  sex: 남자\n  living_with: false\npreferences:\n  food: 설렁탕\n  food_source: random\n  hobby: 독서\n  hobby_source: random\n  culture: 이미자 노래\n  culture_source: random\nhealth:\n  conditions:\n  - 전립선비대\n  - 위염\n  - 고지혈증\n  medications:\n  - 아토르바스타틴\n  - 로수바스타틴\n  - 라베프라졸\n  - 오메프라졸\n'],F. 김경태 씨는 대전 서구에 거주합니다.,제공된 페르소나 정보 기준 김경태 씨의 거주지: 대전 서구.,1.0,0.4955109808930233,0.9999999999,1.0,1,P028-Q07-ADV-부분일치,ADV-부분일치,F
김경태 씨는 1977년에 결혼했다. (참/거짓),['id: P028\nuuid: 19d0ae84486b475d989709b36b8ee4b2\nname: 김경태\nbirth_year: 1943\nage: 83\nsex: 여자\nresidence:\n  province: 대전\n  district: 대전-서구\n  region_class: 광역시\neducation:\n  level: 초등학교\n  field: null\noccupation: 무직\nfamily_type: 혼자 거주\nhousing_type: 아파트\nmarriage:\n  status: 사별\n  marriage_year: 1976\n  spouse_death_year: 2023\n  divorce_year: null\nchildren:\n- name: 김광호\n  age: 46\n  sex: 남자\n  living_with: false\npreferences:\n  food: 설렁탕\n  food_source: random\n  hobby: 독서\n  hobby_source: random\n  culture: 이미자 노래\n  culture_source: random\nhealth:\n  conditions:\n  - 전립선비대\n  - 위염\n  - 고지혈증\n  medications:\n  - 아토르바스타틴\n  - 로수바스타틴\n  - 라베프라졸\n  - 오메프라졸\n'],F. 결혼 연도는 1976년입니다.,제공된 페르소나 정보 기준 김경태 씨의 결혼 정보: 1976년에 결혼.,1.0,0.542623501510571,0.9999999999,0.0,1,P028-Q08-ADV-시점근접,ADV-시점근접,F
김경태 씨의 자녀 이름은 김민수이다. (참/거짓),['id: P028\nuuid: 19d0ae84486b475d989709b36b8ee4b2\nname: 김경태\nbirth_year: 1943\nage: 83\nsex: 여자\nresidence:\n  province: 대전\n  district: 대전-서구\n  region_class: 광역시\neducation:\n  level: 초등학교\n  field: null\noccupation: 무직\nfamily_type: 혼자 거주\nhousing_type: 아파트\nmarriage:\n  status: 사별\n  marriage_year: 1976\n  spouse_death_year: 2023\n  divorce_year: null\nchildren:\n- name: 김광호\n  age: 46\n  sex: 남자\n  living_with: false\npreferences:\n  food: 설렁탕\n  food_source: random\n  hobby: 독서\n  hobby_source: random\n  culture: 이미자 노래\n  culture_source: random\nhealth:\n  conditions:\n  - 전립선비대\n  - 위염\n  - 고지혈증\n  medications:\n  - 아토르바스타틴\n  - 로수바스타틴\n  - 라베프라졸\n  - 오메프라졸\n'],F. 자녀의 이름은 김광호입니다.,제공된 페르소나 정보 기준 김경태 씨의 자녀 정보: 자녀 1명(김광호).,1.0,0.5243081709837618,0.9999999999,0.5,1,P028-Q09-ADV-유사인물,ADV-유사인물,F
홍용주 씨의 거주지는 어디인가요?,['id: P029\nuuid: 4e302ddb2a9148f2aa38936085a5c80e\nname: 홍용주\nbirth_year: 1940\nage: 86\nsex: 여자\nresidence:\n  province: 경기\n  district: 경기-고양시 덕양구\n  region_class: 수도권\neducation:\n  level: 무학\n  field: null\noccupation: 무직\nfamily_type: 친인척과 거주\nhousing_type: 아파트\nmarriage:\n  status: 사별\n  marriage_year: 1973\n  spouse_death_year: 2016\n  divorce_year: null\nchildren:\n- name: 홍영수\n  age: 48\n  sex: 남자\n  living_with: false\n- name: 홍영숙\n  age: 44\n  sex: 여자\n  living_with: false\npreferences:\n  food: 된장찌개\n  food_source: text\n  hobby: 사진 찍기\n  hobby_source: random\n  culture: 임영웅 노래\n  culture_source: random\nhealth:\n  conditions:\n  - 전립선비대\n  - 당뇨\n  medications:\n  - 탐스로신\n  - 메트포르민\n  - 글리메피리드\n'],경기도 고양시 덕양구에 거주하고 계십니다.,홍용주 씨의 거주지: 경기 고양시 덕양구.,1.0,0.5351885230489308,0.9999999999,1.0,1,P029-Q01-T-거주지,T-거주지,경기 고양시 덕양구
홍용주 씨의 직업은 무엇인가요?,['id: P029\nuuid: 4e302ddb2a9148f2aa38936085a5c80e\nname: 홍용주\nbirth_year: 1940\nage: 86\nsex: 여자\nresidence:\n  province: 경기\n  district: 경기-고양시 덕양구\n  region_class: 수도권\neducation:\n  level: 무학\n  field: null\noccupation: 무직\nfamily_type: 친인척과 거주\nhousing_type: 아파트\nmarriage:\n  status: 사별\n  marriage_year: 1973\n  spouse_death_year: 2016\n  divorce_year: null\nchildren:\n- name: 홍영수\n  age: 48\n  sex: 남자\n  living_with: false\n- name: 홍영숙\n  age: 44\n  sex: 여자\n  living_with: false\npreferences:\n  food: 된장찌개\n  food_source: text\n  hobby: 사진 찍기\n  hobby_source: random\n  culture: 임영웅 노래\n  culture_source: random\nhealth:\n  conditions:\n  - 전립선비대\n  - 당뇨\n  medications:\n  - 탐스로신\n  - 메트포르민\n  - 글리메피리드\n'],홍용주 씨의 직업은 무직입니다.,홍용주 씨의 직업: 무직.,1.0,0.6768598754478662,0.9999999999,1.0,1,P029-Q02-T-직업,T-직업,무직
홍용주 씨의 최종 학력은 무엇인가요?,['id: P029\nuuid: 4e302ddb2a9148f2aa38936085a5c80e\nname: 홍용주\nbirth_year: 1940\nage: 86\nsex: 여자\nresidence:\n  province: 경기\n  district: 경기-고양시 덕양구\n  region_class: 수도권\neducation:\n  level: 무학\n  field: null\noccupation: 무직\nfamily_type: 친인척과 거주\nhousing_type: 아파트\nmarriage:\n  status: 사별\n  marriage_year: 1973\n  spouse_death_year: 2016\n  divorce_year: null\nchildren:\n- name: 홍영수\n  age: 48\n  sex: 남자\n  living_with: false\n- name: 홍영숙\n  age: 44\n  sex: 여자\n  living_with: false\npreferences:\n  food: 된장찌개\n  food_source: text\n  hobby: 사진 찍기\n  hobby_source: random\n  culture: 임영웅 노래\n  culture_source: random\nhealth:\n  conditions:\n  - 전립선비대\n  - 당뇨\n  medications:\n  - 탐스로신\n  - 메트포르민\n  - 글리메피리드\n'],홍용주 씨의 최종 학력은 무학입니다.,홍용주 씨의 최종 학력: 무학.,1.0,0.8352563492538914,0.9999999999,1.0,1,P029-Q03-T-학력,T-학력,무학
홍용주 씨는 경상북에 살고 있다. (참/거짓),['id: P029\nuuid: 4e302ddb2a9148f2aa38936085a5c80e\nname: 홍용주\nbirth_year: 1940\nage: 86\nsex: 여자\nresidence:\n  province: 경기\n  district: 경기-고양시 덕양구\n  region_class: 수도권\neducation:\n  level: 무학\n  field: null\noccupation: 무직\nfamily_type: 친인척과 거주\nhousing_type: 아파트\nmarriage:\n  status: 사별\n  marriage_year: 1973\n  spouse_death_year: 2016\n  divorce_year: null\nchildren:\n- name: 홍영수\n  age: 48\n  sex: 남자\n  living_with: false\n- name: 홍영숙\n  age: 44\n  sex: 여자\n  living_with: false\npreferences:\n  food: 된장찌개\n  food_source: text\n  hobby: 사진 찍기\n  hobby_source: random\n  culture: 임영웅 노래\n  culture_source: random\nhealth:\n  conditions:\n  - 전립선비대\n  - 당뇨\n  medications:\n  - 탐스로신\n  - 메트포르민\n  - 글리메피리드\n'],F. 홍용주 씨는 경기-고양시 덕양구에 거주하고 있습니다.,제공된 페르소나 정보 기준 홍용주 씨의 거주지: 경기 고양시 덕양구.,1.0,0.6977438155730056,0.9999999999,0.0,1,P029-Q04-F-반대,F-반대,F
홍용주 씨의 현재 운영 중인 사업자명은 무엇인가요?,['id: P029\nuuid: 4e302ddb2a9148f2aa38936085a5c80e\nname: 홍용주\nbirth_year: 1940\nage: 86\nsex: 여자\nresidence:\n  province: 경기\n  district: 경기-고양시 덕양구\n  region_class: 수도권\neducation:\n  level: 무학\n  field: null\noccupation: 무직\nfamily_type: 친인척과 거주\nhousing_type: 아파트\nmarriage:\n  status: 사별\n  marriage_year: 1973\n  spouse_death_year: 2016\n  divorce_year: null\nchildren:\n- name: 홍영수\n  age: 48\n  sex: 남자\n  living_with: false\n- name: 홍영숙\n  age: 44\n  sex: 여자\n  living_with: false\npreferences:\n  food: 된장찌개\n  food_source: text\n  hobby: 사진 찍기\n  hobby_source: random\n  culture: 임영웅 노래\n  culture_source: random\nhealth:\n  conditions:\n  - 전립선비대\n  - 당뇨\n  medications:\n  - 탐스로신\n  - 메트포르민\n  - 글리메피리드\n'],정보 없음,제공된 페르소나 정보에는 홍용주 씨에 대해 질문한 사실이 없습니다.,1.0,0.0,0.0,0.0,1,P029-Q05-F-비존재,F-비존재,정보 없음
홍용주 씨는 1988년에 결혼했다. (참/거짓),['id: P029\nuuid: 4e302ddb2a9148f2aa38936085a5c80e\nname: 홍용주\nbirth_year: 1940\nage: 86\nsex: 여자\nresidence:\n  province: 경기\n  district: 경기-고양시 덕양구\n  region_class: 수도권\neducation:\n  level: 무학\n  field: null\noccupation: 무직\nfamily_type: 친인척과 거주\nhousing_type: 아파트\nmarriage:\n  status: 사별\n  marriage_year: 1973\n  spouse_death_year: 2016\n  divorce_year: null\nchildren:\n- name: 홍영수\n  age: 48\n  sex: 남자\n  living_with: false\n- name: 홍영숙\n  age: 44\n  sex: 여자\n  living_with: false\npreferences:\n  food: 된장찌개\n  food_source: text\n  hobby: 사진 찍기\n  hobby_source: random\n  culture: 임영웅 노래\n  culture_source: random\nhealth:\n  conditions:\n  - 전립선비대\n  - 당뇨\n  medications:\n  - 탐스로신\n  - 메트포르민\n  - 글리메피리드\n'],F. 홍용주 씨는 1973년에 결혼했습니다.,제공된 페르소나 정보 기준 홍용주 씨의 결혼 정보: 1973년에 결혼.,1.0,0.7687237393253925,0.9999999999,1.0,1,P029-Q06-F-시점오류,F-시점오류,F
홍용주 씨는 경기 고양시 덕양시에 산다. (참/거짓),['id: P029\nuuid: 4e302ddb2a9148f2aa38936085a5c80e\nname: 홍용주\nbirth_year: 1940\nage: 86\nsex: 여자\nresidence:\n  province: 경기\n  district: 경기-고양시 덕양구\n  region_class: 수도권\neducation:\n  level: 무학\n  field: null\noccupation: 무직\nfamily_type: 친인척과 거주\nhousing_type: 아파트\nmarriage:\n  status: 사별\n  marriage_year: 1973\n  spouse_death_year: 2016\n  divorce_year: null\nchildren:\n- name: 홍영수\n  age: 48\n  sex: 남자\n  living_with: false\n- name: 홍영숙\n  age: 44\n  sex: 여자\n  living_with: false\npreferences:\n  food: 된장찌개\n  food_source: text\n  hobby: 사진 찍기\n  hobby_source: random\n  culture: 임영웅 노래\n  culture_source: random\nhealth:\n  conditions:\n  - 전립선비대\n  - 당뇨\n  medications:\n  - 탐스로신\n  - 메트포르민\n  - 글리메피리드\n'],T. 홍용주 씨는 경기-고양시 덕양구에 거주하고 있습니다.,제공된 페르소나 정보 기준 홍용주 씨의 거주지: 경기 고양시 덕양구.,1.0,0.5172339988826865,0.9999999999,1.0,1,P029-Q07-ADV-부분일치,ADV-부분일치,F
홍용주 씨는 1974년에 결혼했다. (참/거짓),['id: P029\nuuid: 4e302ddb2a9148f2aa38936085a5c80e\nname: 홍용주\nbirth_year: 1940\nage: 86\nsex: 여자\nresidence:\n  province: 경기\n  district: 경기-고양시 덕양구\n  region_class: 수도권\neducation:\n  level: 무학\n  field: null\noccupation: 무직\nfamily_type: 친인척과 거주\nhousing_type: 아파트\nmarriage:\n  status: 사별\n  marriage_year: 1973\n  spouse_death_year: 2016\n  divorce_year: null\nchildren:\n- name: 홍영수\n  age: 48\n  sex: 남자\n  living_with: false\n- name: 홍영숙\n  age: 44\n  sex: 여자\n  living_with: false\npreferences:\n  food: 된장찌개\n  food_source: text\n  hobby: 사진 찍기\n  hobby_source: random\n  culture: 임영웅 노래\n  culture_source: random\nhealth:\n  conditions:\n  - 전립선비대\n  - 당뇨\n  medications:\n  - 탐스로신\n  - 메트포르민\n  - 글리메피리드\n'],F. 홍용주 씨는 1973년에 결혼했습니다.,제공된 페르소나 정보 기준 홍용주 씨의 결혼 정보: 1973년에 결혼.,1.0,0.7663029560003513,0.9999999999,0.0,1,P029-Q08-ADV-시점근접,ADV-시점근접,F
홍용주 씨의 자녀 이름은 홍현주이다. (참/거짓),['id: P029\nuuid: 4e302ddb2a9148f2aa38936085a5c80e\nname: 홍용주\nbirth_year: 1940\nage: 86\nsex: 여자\nresidence:\n  province: 경기\n  district: 경기-고양시 덕양구\n  region_class: 수도권\neducation:\n  level: 무학\n  field: null\noccupation: 무직\nfamily_type: 친인척과 거주\nhousing_type: 아파트\nmarriage:\n  status: 사별\n  marriage_year: 1973\n  spouse_death_year: 2016\n  divorce_year: null\nchildren:\n- name: 홍영수\n  age: 48\n  sex: 남자\n  living_with: false\n- name: 홍영숙\n  age: 44\n  sex: 여자\n  living_with: false\npreferences:\n  food: 된장찌개\n  food_source: text\n  hobby: 사진 찍기\n  hobby_source: random\n  culture: 임영웅 노래\n  culture_source: random\nhealth:\n  conditions:\n  - 전립선비대\n  - 당뇨\n  medications:\n  - 탐스로신\n  - 메트포르민\n  - 글리메피리드\n'],F. 자녀의 이름은 홍영수와 홍영숙입니다.,"제공된 페르소나 정보 기준 홍용주 씨의 자녀 정보: 자녀 2명(홍영수, 홍영숙).",1.0,0.4924369038522561,0.0,0.0,1,P029-Q09-ADV-유사인물,ADV-유사인물,F
이경란 씨의 거주지는 어디인가요?,['id: P030\nuuid: 1bd0f46509854b84bc5ecccc660906df\nname: 이경란\nbirth_year: 1945\nage: 81\nsex: 여자\nresidence:\n  province: 인천\n  district: 인천-남동구\n  region_class: 수도권\neducation:\n  level: 무학\n  field: null\noccupation: 건물 청소원\nfamily_type: 혼자 거주\nhousing_type: 아파트\nmarriage:\n  status: 사별\n  marriage_year: 1975\n  spouse_death_year: 2018\n  divorce_year: null\nchildren:\n- name: 이선영\n  age: 49\n  sex: 여자\n  living_with: false\n- name: 이정우\n  age: 45\n  sex: 남자\n  living_with: false\n- name: 이성민\n  age: 43\n  sex: 남자\n  living_with: false\npreferences:\n  food: 갈비탕\n  food_source: random\n  hobby: 산책\n  hobby_source: text\n  culture: 동물 다큐멘터리\n  culture_source: random\nhealth:\n  conditions:\n  - 관절염\n  - 골다공증\n  - 전립선비대\n  medications:\n  - 아세트아미노펜\n  - 셀레콕시브\n  - 알렌드로네이트\n  - 탐스로신\n'],인천시 남동구에 거주하고 계십니다.,이경란 씨의 거주지: 인천 남동구.,1.0,0.5262964535755411,0.9999999999,1.0,1,P030-Q01-T-거주지,T-거주지,인천 남동구
이경란 씨의 직업은 무엇인가요?,['id: P030\nuuid: 1bd0f46509854b84bc5ecccc660906df\nname: 이경란\nbirth_year: 1945\nage: 81\nsex: 여자\nresidence:\n  province: 인천\n  district: 인천-남동구\n  region_class: 수도권\neducation:\n  level: 무학\n  field: null\noccupation: 건물 청소원\nfamily_type: 혼자 거주\nhousing_type: 아파트\nmarriage:\n  status: 사별\n  marriage_year: 1975\n  spouse_death_year: 2018\n  divorce_year: null\nchildren:\n- name: 이선영\n  age: 49\n  sex: 여자\n  living_with: false\n- name: 이정우\n  age: 45\n  sex: 남자\n  living_with: false\n- name: 이성민\n  age: 43\n  sex: 남자\n  living_with: false\npreferences:\n  food: 갈비탕\n  food_source: random\n  hobby: 산책\n  hobby_source: text\n  culture: 동물 다큐멘터리\n  culture_source: random\nhealth:\n  conditions:\n  - 관절염\n  - 골다공증\n  - 전립선비대\n  medications:\n  - 아세트아미노펜\n  - 셀레콕시브\n  - 알렌드로네이트\n  - 탐스로신\n'],이경란 씨의 직업은 건물 청소원입니다.,이경란 씨의 직업: 건물 청소원.,1.0,0.9630940125709972,0.9999999999,1.0,1,P030-Q02-T-직업,T-직업,건물 청소원
이경란 씨의 최종 학력은 무엇인가요?,['id: P030\nuuid: 1bd0f46509854b84bc5ecccc660906df\nname: 이경란\nbirth_year: 1945\nage: 81\nsex: 여자\nresidence:\n  province: 인천\n  district: 인천-남동구\n  region_class: 수도권\neducation:\n  level: 무학\n  field: null\noccupation: 건물 청소원\nfamily_type: 혼자 거주\nhousing_type: 아파트\nmarriage:\n  status: 사별\n  marriage_year: 1975\n  spouse_death_year: 2018\n  divorce_year: null\nchildren:\n- name: 이선영\n  age: 49\n  sex: 여자\n  living_with: false\n- name: 이정우\n  age: 45\n  sex: 남자\n  living_with: false\n- name: 이성민\n  age: 43\n  sex: 남자\n  living_with: false\npreferences:\n  food: 갈비탕\n  food_source: random\n  hobby: 산책\n  hobby_source: text\n  culture: 동물 다큐멘터리\n  culture_source: random\nhealth:\n  conditions:\n  - 관절염\n  - 골다공증\n  - 전립선비대\n  medications:\n  - 아세트아미노펜\n  - 셀레콕시브\n  - 알렌드로네이트\n  - 탐스로신\n'],이경란 씨의 최종 학력은 무학입니다.,이경란 씨의 최종 학력: 무학.,1.0,0.9082081871759964,0.9999999999,1.0,1,P030-Q03-T-학력,T-학력,무학
이경란 씨는 전라남에 살고 있다. (참/거짓),['id: P030\nuuid: 1bd0f46509854b84bc5ecccc660906df\nname: 이경란\nbirth_year: 1945\nage: 81\nsex: 여자\nresidence:\n  province: 인천\n  district: 인천-남동구\n  region_class: 수도권\neducation:\n  level: 무학\n  field: null\noccupation: 건물 청소원\nfamily_type: 혼자 거주\nhousing_type: 아파트\nmarriage:\n  status: 사별\n  marriage_year: 1975\n  spouse_death_year: 2018\n  divorce_year: null\nchildren:\n- name: 이선영\n  age: 49\n  sex: 여자\n  living_with: false\n- name: 이정우\n  age: 45\n  sex: 남자\n  living_with: false\n- name: 이성민\n  age: 43\n  sex: 남자\n  living_with: false\npreferences:\n  food: 갈비탕\n  food_source: random\n  hobby: 산책\n  hobby_source: text\n  culture: 동물 다큐멘터리\n  culture_source: random\nhealth:\n  conditions:\n  - 관절염\n  - 골다공증\n  - 전립선비대\n  medications:\n  - 아세트아미노펜\n  - 셀레콕시브\n  - 알렌드로네이트\n  - 탐스로신\n'],F. 이경란 씨는 인천시 남동구에 거주하고 있습니다.,제공된 페르소나 정보 기준 이경란 씨의 거주지: 인천 남동구.,1.0,0.4128337481984491,0.9999999999,0.0,1,P030-Q04-F-반대,F-반대,F
이경란 씨의 정기 후원하는 단체의 이름은 무엇인가요?,['id: P030\nuuid: 1bd0f46509854b84bc5ecccc660906df\nname: 이경란\nbirth_year: 1945\nage: 81\nsex: 여자\nresidence:\n  province: 인천\n  district: 인천-남동구\n  region_class: 수도권\neducation:\n  level: 무학\n  field: null\noccupation: 건물 청소원\nfamily_type: 혼자 거주\nhousing_type: 아파트\nmarriage:\n  status: 사별\n  marriage_year: 1975\n  spouse_death_year: 2018\n  divorce_year: null\nchildren:\n- name: 이선영\n  age: 49\n  sex: 여자\n  living_with: false\n- name: 이정우\n  age: 45\n  sex: 남자\n  living_with: false\n- name: 이성민\n  age: 43\n  sex: 남자\n  living_with: false\npreferences:\n  food: 갈비탕\n  food_source: random\n  hobby: 산책\n  hobby_source: text\n  culture: 동물 다큐멘터리\n  culture_source: random\nhealth:\n  conditions:\n  - 관절염\n  - 골다공증\n  - 전립선비대\n  medications:\n  - 아세트아미노펜\n  - 셀레콕시브\n  - 알렌드로네이트\n  - 탐스로신\n'],정보 없음,제공된 페르소나 정보에는 이경란 씨에 대해 질문한 사실이 없습니다.,1.0,0.0,0.0,0.0,1,P030-Q05-F-비존재,F-비존재,정보 없음
이경란 씨는 1985년에 결혼했다. (참/거짓),['id: P030\nuuid: 1bd0f46509854b84bc5ecccc660906df\nname: 이경란\nbirth_year: 1945\nage: 81\nsex: 여자\nresidence:\n  province: 인천\n  district: 인천-남동구\n  region_class: 수도권\neducation:\n  level: 무학\n  field: null\noccupation: 건물 청소원\nfamily_type: 혼자 거주\nhousing_type: 아파트\nmarriage:\n  status: 사별\n  marriage_year: 1975\n  spouse_death_year: 2018\n  divorce_year: null\nchildren:\n- name: 이선영\n  age: 49\n  sex: 여자\n  living_with: false\n- name: 이정우\n  age: 45\n  sex: 남자\n  living_with: false\n- name: 이성민\n  age: 43\n  sex: 남자\n  living_with: false\npreferences:\n  food: 갈비탕\n  food_source: random\n  hobby: 산책\n  hobby_source: text\n  culture: 동물 다큐멘터리\n  culture_source: random\nhealth:\n  conditions:\n  - 관절염\n  - 골다공증\n  - 전립선비대\n  medications:\n  - 아세트아미노펜\n  - 셀레콕시브\n  - 알렌드로네이트\n  - 탐스로신\n'],F. 이경란 씨의 결혼 연도는 1975년입니다.,제공된 페르소나 정보 기준 이경란 씨의 결혼 정보: 1975년에 결혼.,1.0,0.7088682062431229,0.9999999999,1.0,1,P030-Q06-F-시점오류,F-시점오류,F
이경란 씨의 직업은 건물 관리인이다. (참/거짓),['id: P030\nuuid: 1bd0f46509854b84bc5ecccc660906df\nname: 이경란\nbirth_year: 1945\nage: 81\nsex: 여자\nresidence:\n  province: 인천\n  district: 인천-남동구\n  region_class: 수도권\neducation:\n  level: 무학\n  field: null\noccupation: 건물 청소원\nfamily_type: 혼자 거주\nhousing_type: 아파트\nmarriage:\n  status: 사별\n  marriage_year: 1975\n  spouse_death_year: 2018\n  divorce_year: null\nchildren:\n- name: 이선영\n  age: 49\n  sex: 여자\n  living_with: false\n- name: 이정우\n  age: 45\n  sex: 남자\n  living_with: false\n- name: 이성민\n  age: 43\n  sex: 남자\n  living_with: false\npreferences:\n  food: 갈비탕\n  food_source: random\n  hobby: 산책\n  hobby_source: text\n  culture: 동물 다큐멘터리\n  culture_source: random\nhealth:\n  conditions:\n  - 관절염\n  - 골다공증\n  - 전립선비대\n  medications:\n  - 아세트아미노펜\n  - 셀레콕시브\n  - 알렌드로네이트\n  - 탐스로신\n'],F. 이경란 씨의 직업은 건물 청소원입니다.,제공된 페르소나 정보 기준 이경란 씨의 직업: 건물 청소원.,1.0,0.6997581915314317,0.9999999999,1.0,1,P030-Q07-ADV-부분일치,ADV-부분일치,F
이경란 씨는 1974년에 결혼했다. (참/거짓),['id: P030\nuuid: 1bd0f46509854b84bc5ecccc660906df\nname: 이경란\nbirth_year: 1945\nage: 81\nsex: 여자\nresidence:\n  province: 인천\n  district: 인천-남동구\n  region_class: 수도권\neducation:\n  level: 무학\n  field: null\noccupation: 건물 청소원\nfamily_type: 혼자 거주\nhousing_type: 아파트\nmarriage:\n  status: 사별\n  marriage_year: 1975\n  spouse_death_year: 2018\n  divorce_year: null\nchildren:\n- name: 이선영\n  age: 49\n  sex: 여자\n  living_with: false\n- name: 이정우\n  age: 45\n  sex: 남자\n  living_with: false\n- name: 이성민\n  age: 43\n  sex: 남자\n  living_with: false\npreferences:\n  food: 갈비탕\n  food_source: random\n  hobby: 산책\n  hobby_source: text\n  culture: 동물 다큐멘터리\n  culture_source: random\nhealth:\n  conditions:\n  - 관절염\n  - 골다공증\n  - 전립선비대\n  medications:\n  - 아세트아미노펜\n  - 셀레콕시브\n  - 알렌드로네이트\n  - 탐스로신\n'],F. 이경란 씨의 결혼 연도는 1975년입니다.,제공된 페르소나 정보 기준 이경란 씨의 결혼 정보: 1975년에 결혼.,1.0,0.5465879573515214,0.9999999999,0.0,1,P030-Q08-ADV-시점근접,ADV-시점근접,F
이경란 씨의 자녀 이름은 이영수이다. (참/거짓),['id: P030\nuuid: 1bd0f46509854b84bc5ecccc660906df\nname: 이경란\nbirth_year: 1945\nage: 81\nsex: 여자\nresidence:\n  province: 인천\n  district: 인천-남동구\n  region_class: 수도권\neducation:\n  level: 무학\n  field: null\noccupation: 건물 청소원\nfamily_type: 혼자 거주\nhousing_type: 아파트\nmarriage:\n  status: 사별\n  marriage_year: 1975\n  spouse_death_year: 2018\n  divorce_year: null\nchildren:\n- name: 이선영\n  age: 49\n  sex: 여자\n  living_with: false\n- name: 이정우\n  age: 45\n  sex: 남자\n  living_with: false\n- name: 이성민\n  age: 43\n  sex: 남자\n  living_with: false\npreferences:\n  food: 갈비탕\n  food_source: random\n  hobby: 산책\n  hobby_source: text\n  culture: 동물 다큐멘터리\n  culture_source: random\nhealth:\n  conditions:\n  - 관절염\n  - 골다공증\n  - 전립선비대\n  medications:\n  - 아세트아미노펜\n  - 셀레콕시브\n  - 알렌드로네이트\n  - 탐스로신\n'],"F. 자녀의 이름은 이선영, 이정우, 이성민입니다.","제공된 페르소나 정보 기준 이경란 씨의 자녀 정보: 자녀 3명(이선영, 이정우, 이성민).",1.0,0.5078552080162871,0.0,0.0,1,P030-Q09-ADV-유사인물,ADV-유사인물,F
김원규 씨의 거주지는 어디인가요?,['id: P001\nuuid: 0728878bf33c404ab5aa8501eb92dc0c\nname: 김원규\nbirth_year: 1961\nage: 65\nsex: 남자\nresidence:\n  province: 인천\n  district: 인천-부평구\n  region_class: 수도권\neducation:\n  level: 고등학교\n  field: null\noccupation: 건물 경비원\nfamily_type: 배우자·자녀와 거주\nhousing_type: 다세대주택\nmarriage:\n  status: 배우자있음\n  marriage_year: 1991\n  spouse_death_year: null\n  divorce_year: null\nchildren:\n- name: 김혜진\n  age: 32\n  sex: 여자\n  living_with: true\n- name: 김재영\n  age: 30\n  sex: 남자\n  living_with: false\npreferences:\n  food: 보리밥\n  food_source: text\n  hobby: 산책\n  hobby_source: text\n  culture: 트로트\n  culture_source: random\nhealth:\n  conditions:\n  - 고혈압\n  - 당뇨\n  medications:\n  - 암로디핀\n  - 로사르탄\n  - 메트포르민\n  - 글리메피리드\n'],김원규 씨의 거주지는 인천 부평구입니다.,김원규 씨의 거주지: 인천 부평구.,1.0,0.9390563666704734,0.9999999999,1.0,2,P001-Q01-T-거주지,T-거주지,인천 부평구
김원규 씨의 직업은 무엇인가요?,['id: P001\nuuid: 0728878bf33c404ab5aa8501eb92dc0c\nname: 김원규\nbirth_year: 1961\nage: 65\nsex: 남자\nresidence:\n  province: 인천\n  district: 인천-부평구\n  region_class: 수도권\neducation:\n  level: 고등학교\n  field: null\noccupation: 건물 경비원\nfamily_type: 배우자·자녀와 거주\nhousing_type: 다세대주택\nmarriage:\n  status: 배우자있음\n  marriage_year: 1991\n  spouse_death_year: null\n  divorce_year: null\nchildren:\n- name: 김혜진\n  age: 32\n  sex: 여자\n  living_with: true\n- name: 김재영\n  age: 30\n  sex: 남자\n  living_with: false\npreferences:\n  food: 보리밥\n  food_source: text\n  hobby: 산책\n  hobby_source: text\n  culture: 트로트\n  culture_source: random\nhealth:\n  conditions:\n  - 고혈압\n  - 당뇨\n  medications:\n  - 암로디핀\n  - 로사르탄\n  - 메트포르민\n  - 글리메피리드\n'],김원규 씨의 직업은 건물 경비원입니다.,김원규 씨의 직업: 건물 경비원.,1.0,0.9724562943267576,0.9999999999,1.0,2,P001-Q02-T-직업,T-직업,건물 경비원
김원규 씨의 최종 학력은 무엇인가요?,['id: P001\nuuid: 0728878bf33c404ab5aa8501eb92dc0c\nname: 김원규\nbirth_year: 1961\nage: 65\nsex: 남자\nresidence:\n  province: 인천\n  district: 인천-부평구\n  region_class: 수도권\neducation:\n  level: 고등학교\n  field: null\noccupation: 건물 경비원\nfamily_type: 배우자·자녀와 거주\nhousing_type: 다세대주택\nmarriage:\n  status: 배우자있음\n  marriage_year: 1991\n  spouse_death_year: null\n  divorce_year: null\nchildren:\n- name: 김혜진\n  age: 32\n  sex: 여자\n  living_with: true\n- name: 김재영\n  age: 30\n  sex: 남자\n  living_with: false\npreferences:\n  food: 보리밥\n  food_source: text\n  hobby: 산책\n  hobby_source: text\n  culture: 트로트\n  culture_source: random\nhealth:\n  conditions:\n  - 고혈압\n  - 당뇨\n  medications:\n  - 암로디핀\n  - 로사르탄\n  - 메트포르민\n  - 글리메피리드\n'],김원규 씨의 최종 학력은 고등학교입니다.,김원규 씨의 최종 학력: 고등학교.,1.0,0.9234117100295424,0.9999999999,1.0,2,P001-Q03-T-학력,T-학력,고등학교
김원규 씨는 전라남에 살고 있다. (참/거짓),['id: P001\nuuid: 0728878bf33c404ab5aa8501eb92dc0c\nname: 김원규\nbirth_year: 1961\nage: 65\nsex: 남자\nresidence:\n  province: 인천\n  district: 인천-부평구\n  region_class: 수도권\neducation:\n  level: 고등학교\n  field: null\noccupation: 건물 경비원\nfamily_type: 배우자·자녀와 거주\nhousing_type: 다세대주택\nmarriage:\n  status: 배우자있음\n  marriage_year: 1991\n  spouse_death_year: null\n  divorce_year: null\nchildren:\n- name: 김혜진\n  age: 32\n  sex: 여자\n  living_with: true\n- name: 김재영\n  age: 30\n  sex: 남자\n  living_with: false\npreferences:\n  food: 보리밥\n  food_source: text\n  hobby: 산책\n  hobby_source: text\n  culture: 트로트\n  culture_source: random\nhealth:\n  conditions:\n  - 고혈압\n  - 당뇨\n  medications:\n  - 암로디핀\n  - 로사르탄\n  - 메트포르민\n  - 글리메피리드\n'],F. 김원규 씨는 인천에 살고 있다.,제공된 페르소나 정보 기준 김원규 씨의 거주지: 인천 부평구.,1.0,0.7184886993770428,0.0,0.0,2,P001-Q04-F-반대,F-반대,F
김원규 씨의 최근 가입한 동호회의 이름은 무엇인가요?,['id: P001\nuuid: 0728878bf33c404ab5aa8501eb92dc0c\nname: 김원규\nbirth_year: 1961\nage: 65\nsex: 남자\nresidence:\n  province: 인천\n  district: 인천-부평구\n  region_class: 수도권\neducation:\n  level: 고등학교\n  field: null\noccupation: 건물 경비원\nfamily_type: 배우자·자녀와 거주\nhousing_type: 다세대주택\nmarriage:\n  status: 배우자있음\n  marriage_year: 1991\n  spouse_death_year: null\n  divorce_year: null\nchildren:\n- name: 김혜진\n  age: 32\n  sex: 여자\n  living_with: true\n- name: 김재영\n  age: 30\n  sex: 남자\n  living_with: false\npreferences:\n  food: 보리밥\n  food_source: text\n  hobby: 산책\n  hobby_source: text\n  culture: 트로트\n  culture_source: random\nhealth:\n  conditions:\n  - 고혈압\n  - 당뇨\n  medications:\n  - 암로디핀\n  - 로사르탄\n  - 메트포르민\n  - 글리메피리드\n'],정보 없음,제공된 페르소나 정보에는 김원규 씨에 대해 질문한 사실이 없습니다.,1.0,0.0,0.0,0.0,2,P001-Q05-F-비존재,F-비존재,정보 없음
김원규 씨는 2001년에 결혼했다. (참/거짓),['id: P001\nuuid: 0728878bf33c404ab5aa8501eb92dc0c\nname: 김원규\nbirth_year: 1961\nage: 65\nsex: 남자\nresidence:\n  province: 인천\n  district: 인천-부평구\n  region_class: 수도권\neducation:\n  level: 고등학교\n  field: null\noccupation: 건물 경비원\nfamily_type: 배우자·자녀와 거주\nhousing_type: 다세대주택\nmarriage:\n  status: 배우자있음\n  marriage_year: 1991\n  spouse_death_year: null\n  divorce_year: null\nchildren:\n- name: 김혜진\n  age: 32\n  sex: 여자\n  living_with: true\n- name: 김재영\n  age: 30\n  sex: 남자\n  living_with: false\npreferences:\n  food: 보리밥\n  food_source: text\n  hobby: 산책\n  hobby_source: text\n  culture: 트로트\n  culture_source: random\nhealth:\n  conditions:\n  - 고혈압\n  - 당뇨\n  medications:\n  - 암로디핀\n  - 로사르탄\n  - 메트포르민\n  - 글리메피리드\n'],"F, 김원규 씨는 1991년에 결혼했습니다.",제공된 페르소나 정보 기준 김원규 씨의 결혼 정보: 1991년에 결혼.,1.0,0.6125311574392918,0.9999999999,0.0,2,P001-Q06-F-시점오류,F-시점오류,F
김원규 씨의 직업은 산업 경비원이다. (참/거짓),['id: P001\nuuid: 0728878bf33c404ab5aa8501eb92dc0c\nname: 김원규\nbirth_year: 1961\nage: 65\nsex: 남자\nresidence:\n  province: 인천\n  district: 인천-부평구\n  region_class: 수도권\neducation:\n  level: 고등학교\n  field: null\noccupation: 건물 경비원\nfamily_type: 배우자·자녀와 거주\nhousing_type: 다세대주택\nmarriage:\n  status: 배우자있음\n  marriage_year: 1991\n  spouse_death_year: null\n  divorce_year: null\nchildren:\n- name: 김혜진\n  age: 32\n  sex: 여자\n  living_with: true\n- name: 김재영\n  age: 30\n  sex: 남자\n  living_with: false\npreferences:\n  food: 보리밥\n  food_source: text\n  hobby: 산책\n  hobby_source: text\n  culture: 트로트\n  culture_source: random\nhealth:\n  conditions:\n  - 고혈압\n  - 당뇨\n  medications:\n  - 암로디핀\n  - 로사르탄\n  - 메트포르민\n  - 글리메피리드\n'],F. 김원규 씨의 직업은 건물 경비원이다.,제공된 페르소나 정보 기준 김원규 씨의 직업: 건물 경비원.,1.0,0.6689125255505841,0.9999999999,1.0,2,P001-Q07-ADV-부분일치,ADV-부분일치,F
김원규 씨는 1990년에 결혼했다. (참/거짓),['id: P001\nuuid: 0728878bf33c404ab5aa8501eb92dc0c\nname: 김원규\nbirth_year: 1961\nage: 65\nsex: 남자\nresidence:\n  province: 인천\n  district: 인천-부평구\n  region_class: 수도권\neducation:\n  level: 고등학교\n  field: null\noccupation: 건물 경비원\nfamily_type: 배우자·자녀와 거주\nhousing_type: 다세대주택\nmarriage:\n  status: 배우자있음\n  marriage_year: 1991\n  spouse_death_year: null\n  divorce_year: null\nchildren:\n- name: 김혜진\n  age: 32\n  sex: 여자\n  living_with: true\n- name: 김재영\n  age: 30\n  sex: 남자\n  living_with: false\npreferences:\n  food: 보리밥\n  food_source: text\n  hobby: 산책\n  hobby_source: text\n  culture: 트로트\n  culture_source: random\nhealth:\n  conditions:\n  - 고혈압\n  - 당뇨\n  medications:\n  - 암로디핀\n  - 로사르탄\n  - 메트포르민\n  - 글리메피리드\n'],"F, 김원규 씨는 1991년에 결혼했다.",제공된 페르소나 정보 기준 김원규 씨의 결혼 정보: 1991년에 결혼.,1.0,0.8314651547892545,0.9999999999,0.0,2,P001-Q08-ADV-시점근접,ADV-시점근접,F
김원규 씨의 자녀 이름은 김민지이다. (참/거짓),['id: P001\nuuid: 0728878bf33c404ab5aa8501eb92dc0c\nname: 김원규\nbirth_year: 1961\nage: 65\nsex: 남자\nresidence:\n  province: 인천\n  district: 인천-부평구\n  region_class: 수도권\neducation:\n  level: 고등학교\n  field: null\noccupation: 건물 경비원\nfamily_type: 배우자·자녀와 거주\nhousing_type: 다세대주택\nmarriage:\n  status: 배우자있음\n  marriage_year: 1991\n  spouse_death_year: null\n  divorce_year: null\nchildren:\n- name: 김혜진\n  age: 32\n  sex: 여자\n  living_with: true\n- name: 김재영\n  age: 30\n  sex: 남자\n  living_with: false\npreferences:\n  food: 보리밥\n  food_source: text\n  hobby: 산책\n  hobby_source: text\n  culture: 트로트\n  culture_source: random\nhealth:\n  conditions:\n  - 고혈압\n  - 당뇨\n  medications:\n  - 암로디핀\n  - 로사르탄\n  - 메트포르민\n  - 글리메피리드\n'],F. 김원규 씨의 자녀 이름은 김혜진과 김재영이다.,"제공된 페르소나 정보 기준 김원규 씨의 자녀 정보: 자녀 2명(김혜진, 김재영).",1.0,0.7049228518029876,0.0,0.0,2,P001-Q09-ADV-유사인물,ADV-유사인물,F
이재환 씨의 거주지는 어디인가요?,['id: P002\nuuid: a18f155639d6467cab9b249af1fdb6f4\nname: 이재환\nbirth_year: 1965\nage: 61\nsex: 남자\nresidence:\n  province: 전라남\n  district: 전라남-순천시\n  region_class: 지방\neducation:\n  level: 4년제 대학교\n  field: 예술·인문\noccupation: 무직\nfamily_type: 배우자와 거주\nhousing_type: 아파트\nmarriage:\n  status: 배우자있음\n  marriage_year: 1988\n  spouse_death_year: null\n  divorce_year: null\nchildren: []\npreferences:\n  food: 설렁탕\n  food_source: random\n  hobby: 화투\n  hobby_source: random\n  culture: 임영웅 노래\n  culture_source: random\nhealth:\n  conditions:\n  - 관절염\n  medications:\n  - 아세트아미노펜\n  - 셀레콕시브\n'],이재환 씨의 거주지는 전라남-순천시입니다.,이재환 씨의 거주지: 전라남 순천시.,1.0,0.6981299648343972,0.9999999999,1.0,2,P002-Q01-T-거주지,T-거주지,전라남 순천시
이재환 씨의 직업은 무엇인가요?,['id: P002\nuuid: a18f155639d6467cab9b249af1fdb6f4\nname: 이재환\nbirth_year: 1965\nage: 61\nsex: 남자\nresidence:\n  province: 전라남\n  district: 전라남-순천시\n  region_class: 지방\neducation:\n  level: 4년제 대학교\n  field: 예술·인문\noccupation: 무직\nfamily_type: 배우자와 거주\nhousing_type: 아파트\nmarriage:\n  status: 배우자있음\n  marriage_year: 1988\n  spouse_death_year: null\n  divorce_year: null\nchildren: []\npreferences:\n  food: 설렁탕\n  food_source: random\n  hobby: 화투\n  hobby_source: random\n  culture: 임영웅 노래\n  culture_source: random\nhealth:\n  conditions:\n  - 관절염\n  medications:\n  - 아세트아미노펜\n  - 셀레콕시브\n'],이재환 씨의 직업은 무직입니다.,이재환 씨의 직업: 무직.,1.0,0.8260196000067069,0.9999999999,1.0,2,P002-Q02-T-직업,T-직업,무직
이재환 씨의 최종 학력은 무엇인가요?,['id: P002\nuuid: a18f155639d6467cab9b249af1fdb6f4\nname: 이재환\nbirth_year: 1965\nage: 61\nsex: 남자\nresidence:\n  province: 전라남\n  district: 전라남-순천시\n  region_class: 지방\neducation:\n  level: 4년제 대학교\n  field: 예술·인문\noccupation: 무직\nfamily_type: 배우자와 거주\nhousing_type: 아파트\nmarriage:\n  status: 배우자있음\n  marriage_year: 1988\n  spouse_death_year: null\n  divorce_year: null\nchildren: []\npreferences:\n  food: 설렁탕\n  food_source: random\n  hobby: 화투\n  hobby_source: random\n  culture: 임영웅 노래\n  culture_source: random\nhealth:\n  conditions:\n  - 관절염\n  medications:\n  - 아세트아미노펜\n  - 셀레콕시브\n'],4년제 대학교입니다.,이재환 씨의 최종 학력: 4년제 대학교(예술·인문).,1.0,0.4694840514937211,0.9999999999,1.0,2,P002-Q03-T-학력,T-학력,4년제 대학교
이재환 씨는 부산에 살고 있다. (참/거짓),['id: P002\nuuid: a18f155639d6467cab9b249af1fdb6f4\nname: 이재환\nbirth_year: 1965\nage: 61\nsex: 남자\nresidence:\n  province: 전라남\n  district: 전라남-순천시\n  region_class: 지방\neducation:\n  level: 4년제 대학교\n  field: 예술·인문\noccupation: 무직\nfamily_type: 배우자와 거주\nhousing_type: 아파트\nmarriage:\n  status: 배우자있음\n  marriage_year: 1988\n  spouse_death_year: null\n  divorce_year: null\nchildren: []\npreferences:\n  food: 설렁탕\n  food_source: random\n  hobby: 화투\n  hobby_source: random\n  culture: 임영웅 노래\n  culture_source: random\nhealth:\n  conditions:\n  - 관절염\n  medications:\n  - 아세트아미노펜\n  - 셀레콕시브\n'],F. 이재환 씨는 전라남도 순천시에 거주하고 있습니다.,제공된 페르소나 정보 기준 이재환 씨의 거주지: 전라남 순천시.,1.0,0.4908476063983687,0.9999999999,0.0,2,P002-Q04-F-반대,F-반대,F
이재환 씨의 현재 운영 중인 사업자명은 무엇인가요?,['id: P002\nuuid: a18f155639d6467cab9b249af1fdb6f4\nname: 이재환\nbirth_year: 1965\nage: 61\nsex: 남자\nresidence:\n  province: 전라남\n  district: 전라남-순천시\n  region_class: 지방\neducation:\n  level: 4년제 대학교\n  field: 예술·인문\noccupation: 무직\nfamily_type: 배우자와 거주\nhousing_type: 아파트\nmarriage:\n  status: 배우자있음\n  marriage_year: 1988\n  spouse_death_year: null\n  divorce_year: null\nchildren: []\npreferences:\n  food: 설렁탕\n  food_source: random\n  hobby: 화투\n  hobby_source: random\n  culture: 임영웅 노래\n  culture_source: random\nhealth:\n  conditions:\n  - 관절염\n  medications:\n  - 아세트아미노펜\n  - 셀레콕시브\n'],정보 없음,제공된 페르소나 정보에는 이재환 씨에 대해 질문한 사실이 없습니다.,1.0,0.0,0.0,0.0,2,P002-Q05-F-비존재,F-비존재,정보 없음
이재환 씨는 1998년에 결혼했다. (참/거짓),['id: P002\nuuid: a18f155639d6467cab9b249af1fdb6f4\nname: 이재환\nbirth_year: 1965\nage: 61\nsex: 남자\nresidence:\n  province: 전라남\n  district: 전라남-순천시\n  region_class: 지방\neducation:\n  level: 4년제 대학교\n  field: 예술·인문\noccupation: 무직\nfamily_type: 배우자와 거주\nhousing_type: 아파트\nmarriage:\n  status: 배우자있음\n  marriage_year: 1988\n  spouse_death_year: null\n  divorce_year: null\nchildren: []\npreferences:\n  food: 설렁탕\n  food_source: random\n  hobby: 화투\n  hobby_source: random\n  culture: 임영웅 노래\n  culture_source: random\nhealth:\n  conditions:\n  - 관절염\n  medications:\n  - 아세트아미노펜\n  - 셀레콕시브\n'],F. 이재환 씨는 1988년에 결혼했다.,제공된 페르소나 정보 기준 이재환 씨의 결혼 정보: 1988년에 결혼.,0.5,0.5579987957304992,0.9999999999,1.0,2,P002-Q06-F-시점오류,F-시점오류,F
이재환 씨는 전라남 순천구에 산다. (참/거짓),['id: P002\nuuid: a18f155639d6467cab9b249af1fdb6f4\nname: 이재환\nbirth_year: 1965\nage: 61\nsex: 남자\nresidence:\n  province: 전라남\n  district: 전라남-순천시\n  region_class: 지방\neducation:\n  level: 4년제 대학교\n  field: 예술·인문\noccupation: 무직\nfamily_type: 배우자와 거주\nhousing_type: 아파트\nmarriage:\n  status: 배우자있음\n  marriage_year: 1988\n  spouse_death_year: null\n  divorce_year: null\nchildren: []\npreferences:\n  food: 설렁탕\n  food_source: random\n  hobby: 화투\n  hobby_source: random\n  culture: 임영웅 노래\n  culture_source: random\nhealth:\n  conditions:\n  - 관절염\n  medications:\n  - 아세트아미노펜\n  - 셀레콕시브\n'],F. 이재환 씨는 전라남 순천시에 산다.,제공된 페르소나 정보 기준 이재환 씨의 거주지: 전라남 순천시.,1.0,0.4408190432077399,0.9999999999,0.0,2,P002-Q07-ADV-부분일치,ADV-부분일치,F
이재환 씨는 1989년에 결혼했다. (참/거짓),['id: P002\nuuid: a18f155639d6467cab9b249af1fdb6f4\nname: 이재환\nbirth_year: 1965\nage: 61\nsex: 남자\nresidence:\n  province: 전라남\n  district: 전라남-순천시\n  region_class: 지방\neducation:\n  level: 4년제 대학교\n  field: 예술·인문\noccupation: 무직\nfamily_type: 배우자와 거주\nhousing_type: 아파트\nmarriage:\n  status: 배우자있음\n  marriage_year: 1988\n  spouse_death_year: null\n  divorce_year: null\nchildren: []\npreferences:\n  food: 설렁탕\n  food_source: random\n  hobby: 화투\n  hobby_source: random\n  culture: 임영웅 노래\n  culture_source: random\nhealth:\n  conditions:\n  - 관절염\n  medications:\n  - 아세트아미노펜\n  - 셀레콕시브\n'],F. 이재환 씨는 1988년에 결혼했다.,제공된 페르소나 정보 기준 이재환 씨의 결혼 정보: 1988년에 결혼.,1.0,0.5773368388708556,0.9999999999,1.0,2,P002-Q08-ADV-시점근접,ADV-시점근접,F
이 사람의 이름은 이성호이다. (참/거짓),['id: P002\nuuid: a18f155639d6467cab9b249af1fdb6f4\nname: 이재환\nbirth_year: 1965\nage: 61\nsex: 남자\nresidence:\n  province: 전라남\n  district: 전라남-순천시\n  region_class: 지방\neducation:\n  level: 4년제 대학교\n  field: 예술·인문\noccupation: 무직\nfamily_type: 배우자와 거주\nhousing_type: 아파트\nmarriage:\n  status: 배우자있음\n  marriage_year: 1988\n  spouse_death_year: null\n  divorce_year: null\nchildren: []\npreferences:\n  food: 설렁탕\n  food_source: random\n  hobby: 화투\n  hobby_source: random\n  culture: 임영웅 노래\n  culture_source: random\nhealth:\n  conditions:\n  - 관절염\n  medications:\n  - 아세트아미노펜\n  - 셀레콕시브\n'],F. 이 사람의 이름은 이재환이다.,제공된 페르소나 정보 기준 이재환 씨의 이름: 이재환.,1.0,0.6508054037680034,0.9999999999,0.0,2,P002-Q09-ADV-유사인물,ADV-유사인물,F
유영실 씨의 거주지는 어디인가요?,['id: P003\nuuid: cce07c1836d942fd92bca585ed8bc94d\nname: 유영실\nbirth_year: 1958\nage: 68\nsex: 남자\nresidence:\n  province: 서울\n  district: 서울-강서구\n  region_class: 수도권\neducation:\n  level: 고등학교\n  field: null\noccupation: 전화 상담원\nfamily_type: 배우자·자녀와 거주\nhousing_type: 아파트\nmarriage:\n  status: 배우자있음\n  marriage_year: 1988\n  spouse_death_year: null\n  divorce_year: null\nchildren:\n- name: 유준호\n  age: 34\n  sex: 남자\n  living_with: true\npreferences:\n  food: 보리밥\n  food_source: text\n  hobby: 라디오 듣기\n  hobby_source: random\n  culture: 전국노래자랑\n  culture_source: random\nhealth:\n  conditions:\n  - 고지혈증\n  - 고혈압\n  medications:\n  - 아토르바스타틴\n  - 로수바스타틴\n  - 암로디핀\n  - 로사르탄\n'],유영실 씨의 거주지는 서울-강서구입니다.,유영실 씨의 거주지: 서울 강서구.,1.0,0.9460349114518956,0.9999999999,1.0,2,P003-Q01-T-거주지,T-거주지,서울 강서구
유영실 씨의 직업은 무엇인가요?,['id: P003\nuuid: cce07c1836d942fd92bca585ed8bc94d\nname: 유영실\nbirth_year: 1958\nage: 68\nsex: 남자\nresidence:\n  province: 서울\n  district: 서울-강서구\n  region_class: 수도권\neducation:\n  level: 고등학교\n  field: null\noccupation: 전화 상담원\nfamily_type: 배우자·자녀와 거주\nhousing_type: 아파트\nmarriage:\n  status: 배우자있음\n  marriage_year: 1988\n  spouse_death_year: null\n  divorce_year: null\nchildren:\n- name: 유준호\n  age: 34\n  sex: 남자\n  living_with: true\npreferences:\n  food: 보리밥\n  food_source: text\n  hobby: 라디오 듣기\n  hobby_source: random\n  culture: 전국노래자랑\n  culture_source: random\nhealth:\n  conditions:\n  - 고지혈증\n  - 고혈압\n  medications:\n  - 아토르바스타틴\n  - 로수바스타틴\n  - 암로디핀\n  - 로사르탄\n'],유영실 씨의 직업은 전화 상담원입니다.,유영실 씨의 직업: 전화 상담원.,1.0,0.971834530445602,0.9999999999,1.0,2,P003-Q02-T-직업,T-직업,전화 상담원
유영실 씨의 최종 학력은 무엇인가요?,['id: P003\nuuid: cce07c1836d942fd92bca585ed8bc94d\nname: 유영실\nbirth_year: 1958\nage: 68\nsex: 남자\nresidence:\n  province: 서울\n  district: 서울-강서구\n  region_class: 수도권\neducation:\n  level: 고등학교\n  field: null\noccupation: 전화 상담원\nfamily_type: 배우자·자녀와 거주\nhousing_type: 아파트\nmarriage:\n  status: 배우자있음\n  marriage_year: 1988\n  spouse_death_year: null\n  divorce_year: null\nchildren:\n- name: 유준호\n  age: 34\n  sex: 남자\n  living_with: true\npreferences:\n  food: 보리밥\n  food_source: text\n  hobby: 라디오 듣기\n  hobby_source: random\n  culture: 전국노래자랑\n  culture_source: random\nhealth:\n  conditions:\n  - 고지혈증\n  - 고혈압\n  medications:\n  - 아토르바스타틴\n  - 로수바스타틴\n  - 암로디핀\n  - 로사르탄\n'],고등학교입니다.,유영실 씨의 최종 학력: 고등학교.,1.0,0.4742337348286063,0.9999999999,1.0,2,P003-Q03-T-학력,T-학력,고등학교
유영실 씨는 강원에 살고 있다. (참/거짓),['id: P003\nuuid: cce07c1836d942fd92bca585ed8bc94d\nname: 유영실\nbirth_year: 1958\nage: 68\nsex: 남자\nresidence:\n  province: 서울\n  district: 서울-강서구\n  region_class: 수도권\neducation:\n  level: 고등학교\n  field: null\noccupation: 전화 상담원\nfamily_type: 배우자·자녀와 거주\nhousing_type: 아파트\nmarriage:\n  status: 배우자있음\n  marriage_year: 1988\n  spouse_death_year: null\n  divorce_year: null\nchildren:\n- name: 유준호\n  age: 34\n  sex: 남자\n  living_with: true\npreferences:\n  food: 보리밥\n  food_source: text\n  hobby: 라디오 듣기\n  hobby_source: random\n  culture: 전국노래자랑\n  culture_source: random\nhealth:\n  conditions:\n  - 고지혈증\n  - 고혈압\n  medications:\n  - 아토르바스타틴\n  - 로수바스타틴\n  - 암로디핀\n  - 로사르탄\n'],"F, 유영실 씨는 서울에 살고 있다.",제공된 페르소나 정보 기준 유영실 씨의 거주지: 서울 강서구.,1.0,0.7821978699437638,0.9999999999,0.0,2,P003-Q04-F-반대,F-반대,F
유영실 씨의 현재 운영 중인 사업자명은 무엇인가요?,['id: P003\nuuid: cce07c1836d942fd92bca585ed8bc94d\nname: 유영실\nbirth_year: 1958\nage: 68\nsex: 남자\nresidence:\n  province: 서울\n  district: 서울-강서구\n  region_class: 수도권\neducation:\n  level: 고등학교\n  field: null\noccupation: 전화 상담원\nfamily_type: 배우자·자녀와 거주\nhousing_type: 아파트\nmarriage:\n  status: 배우자있음\n  marriage_year: 1988\n  spouse_death_year: null\n  divorce_year: null\nchildren:\n- name: 유준호\n  age: 34\n  sex: 남자\n  living_with: true\npreferences:\n  food: 보리밥\n  food_source: text\n  hobby: 라디오 듣기\n  hobby_source: random\n  culture: 전국노래자랑\n  culture_source: random\nhealth:\n  conditions:\n  - 고지혈증\n  - 고혈압\n  medications:\n  - 아토르바스타틴\n  - 로수바스타틴\n  - 암로디핀\n  - 로사르탄\n'],정보 없음,제공된 페르소나 정보에는 유영실 씨에 대해 질문한 사실이 없습니다.,1.0,0.0,0.0,0.0,2,P003-Q05-F-비존재,F-비존재,정보 없음
유영실 씨는 1973년에 결혼했다. (참/거짓),['id: P003\nuuid: cce07c1836d942fd92bca585ed8bc94d\nname: 유영실\nbirth_year: 1958\nage: 68\nsex: 남자\nresidence:\n  province: 서울\n  district: 서울-강서구\n  region_class: 수도권\neducation:\n  level: 고등학교\n  field: null\noccupation: 전화 상담원\nfamily_type: 배우자·자녀와 거주\nhousing_type: 아파트\nmarriage:\n  status: 배우자있음\n  marriage_year: 1988\n  spouse_death_year: null\n  divorce_year: null\nchildren:\n- name: 유준호\n  age: 34\n  sex: 남자\n  living_with: true\npreferences:\n  food: 보리밥\n  food_source: text\n  hobby: 라디오 듣기\n  hobby_source: random\n  culture: 전국노래자랑\n  culture_source: random\nhealth:\n  conditions:\n  - 고지혈증\n  - 고혈압\n  medications:\n  - 아토르바스타틴\n  - 로수바스타틴\n  - 암로디핀\n  - 로사르탄\n'],F. 유영실 씨는 1988년에 결혼했다.,제공된 페르소나 정보 기준 유영실 씨의 결혼 정보: 1988년에 결혼.,1.0,0.843516370135168,0.9999999999,1.0,2,P003-Q06-F-시점오류,F-시점오류,F
유영실 씨의 직업은 전화 영업원이다. (참/거짓),['id: P003\nuuid: cce07c1836d942fd92bca585ed8bc94d\nname: 유영실\nbirth_year: 1958\nage: 68\nsex: 남자\nresidence:\n  province: 서울\n  district: 서울-강서구\n  region_class: 수도권\neducation:\n  level: 고등학교\n  field: null\noccupation: 전화 상담원\nfamily_type: 배우자·자녀와 거주\nhousing_type: 아파트\nmarriage:\n  status: 배우자있음\n  marriage_year: 1988\n  spouse_death_year: null\n  divorce_year: null\nchildren:\n- name: 유준호\n  age: 34\n  sex: 남자\n  living_with: true\npreferences:\n  food: 보리밥\n  food_source: text\n  hobby: 라디오 듣기\n  hobby_source: random\n  culture: 전국노래자랑\n  culture_source: random\nhealth:\n  conditions:\n  - 고지혈증\n  - 고혈압\n  medications:\n  - 아토르바스타틴\n  - 로수바스타틴\n  - 암로디핀\n  - 로사르탄\n'],F. 유영실 씨의 직업은 전화 상담원이다.,제공된 페르소나 정보 기준 유영실 씨의 직업: 전화 상담원.,1.0,0.7584952777635391,0.9999999999,1.0,2,P003-Q07-ADV-부분일치,ADV-부분일치,F
유영실 씨는 1989년에 결혼했다. (참/거짓),['id: P003\nuuid: cce07c1836d942fd92bca585ed8bc94d\nname: 유영실\nbirth_year: 1958\nage: 68\nsex: 남자\nresidence:\n  province: 서울\n  district: 서울-강서구\n  region_class: 수도권\neducation:\n  level: 고등학교\n  field: null\noccupation: 전화 상담원\nfamily_type: 배우자·자녀와 거주\nhousing_type: 아파트\nmarriage:\n  status: 배우자있음\n  marriage_year: 1988\n  spouse_death_year: null\n  divorce_year: null\nchildren:\n- name: 유준호\n  age: 34\n  sex: 남자\n  living_with: true\npreferences:\n  food: 보리밥\n  food_source: text\n  hobby: 라디오 듣기\n  hobby_source: random\n  culture: 전국노래자랑\n  culture_source: random\nhealth:\n  conditions:\n  - 고지혈증\n  - 고혈압\n  medications:\n  - 아토르바스타틴\n  - 로수바스타틴\n  - 암로디핀\n  - 로사르탄\n'],F. 유영실 씨는 1988년에 결혼했다.,제공된 페르소나 정보 기준 유영실 씨의 결혼 정보: 1988년에 결혼.,1.0,0.8348068279626603,0.9999999999,1.0,2,P003-Q08-ADV-시점근접,ADV-시점근접,F
유영실 씨의 자녀 이름은 유재영이다. (참/거짓),['id: P003\nuuid: cce07c1836d942fd92bca585ed8bc94d\nname: 유영실\nbirth_year: 1958\nage: 68\nsex: 남자\nresidence:\n  province: 서울\n  district: 서울-강서구\n  region_class: 수도권\neducation:\n  level: 고등학교\n  field: null\noccupation: 전화 상담원\nfamily_type: 배우자·자녀와 거주\nhousing_type: 아파트\nmarriage:\n  status: 배우자있음\n  marriage_year: 1988\n  spouse_death_year: null\n  divorce_year: null\nchildren:\n- name: 유준호\n  age: 34\n  sex: 남자\n  living_with: true\npreferences:\n  food: 보리밥\n  food_source: text\n  hobby: 라디오 듣기\n  hobby_source: random\n  culture: 전국노래자랑\n  culture_source: random\nhealth:\n  conditions:\n  - 고지혈증\n  - 고혈압\n  medications:\n  - 아토르바스타틴\n  - 로수바스타틴\n  - 암로디핀\n  - 로사르탄\n'],"F, 유영실 씨의 자녀 이름은 유준호이다.",제공된 페르소나 정보 기준 유영실 씨의 자녀 정보: 자녀 1명(유준호).,1.0,0.7563208234702435,0.9999999999,0.0,2,P003-Q09-ADV-유사인물,ADV-유사인물,F
기경수 씨의 거주지는 어디인가요?,['id: P004\nuuid: ef0f45c383544135813c7de979729e88\nname: 기경수\nbirth_year: 1964\nage: 62\nsex: 남자\nresidence:\n  province: 전북\n  district: 전북-전주시 완산구\n  region_class: 지방\neducation:\n  level: 4년제 대학교\n  field: 서비스\noccupation: 무직\nfamily_type: 기타2세대\nhousing_type: 아파트\nmarriage:\n  status: 배우자있음\n  marriage_year: 1997\n  spouse_death_year: null\n  divorce_year: null\nchildren:\n- name: 기지훈\n  age: 26\n  sex: 남자\n  living_with: true\n- name: 기준호\n  age: 23\n  sex: 남자\n  living_with: false\npreferences:\n  food: 떡볶이\n  food_source: text\n  hobby: 산책\n  hobby_source: text\n  culture: 임영웅 노래\n  culture_source: random\nhealth:\n  conditions:\n  - 관절염\n  medications:\n  - 아세트아미노펜\n  - 셀레콕시브\n'],기경수 씨의 거주지는 전북-전주시 완산구입니다.,기경수 씨의 거주지: 전북 전주시 완산구.,1.0,0.920297506092473,0.9999999999,1.0,2,P004-Q01-T-거주지,T-거주지,전북 전주시 완산구
기경수 씨의 직업은 무엇인가요?,['id: P004\nuuid: ef0f45c383544135813c7de979729e88\nname: 기경수\nbirth_year: 1964\nage: 62\nsex: 남자\nresidence:\n  province: 전북\n  district: 전북-전주시 완산구\n  region_class: 지방\neducation:\n  level: 4년제 대학교\n  field: 서비스\noccupation: 무직\nfamily_type: 기타2세대\nhousing_type: 아파트\nmarriage:\n  status: 배우자있음\n  marriage_year: 1997\n  spouse_death_year: null\n  divorce_year: null\nchildren:\n- name: 기지훈\n  age: 26\n  sex: 남자\n  living_with: true\n- name: 기준호\n  age: 23\n  sex: 남자\n  living_with: false\npreferences:\n  food: 떡볶이\n  food_source: text\n  hobby: 산책\n  hobby_source: text\n  culture: 임영웅 노래\n  culture_source: random\nhealth:\n  conditions:\n  - 관절염\n  medications:\n  - 아세트아미노펜\n  - 셀레콕시브\n'],무직입니다.,기경수 씨의 직업: 무직.,1.0,0.3979456552985415,0.9999999999,1.0,2,P004-Q02-T-직업,T-직업,무직
기경수 씨의 최종 학력은 무엇인가요?,['id: P004\nuuid: ef0f45c383544135813c7de979729e88\nname: 기경수\nbirth_year: 1964\nage: 62\nsex: 남자\nresidence:\n  province: 전북\n  district: 전북-전주시 완산구\n  region_class: 지방\neducation:\n  level: 4년제 대학교\n  field: 서비스\noccupation: 무직\nfamily_type: 기타2세대\nhousing_type: 아파트\nmarriage:\n  status: 배우자있음\n  marriage_year: 1997\n  spouse_death_year: null\n  divorce_year: null\nchildren:\n- name: 기지훈\n  age: 26\n  sex: 남자\n  living_with: true\n- name: 기준호\n  age: 23\n  sex: 남자\n  living_with: false\npreferences:\n  food: 떡볶이\n  food_source: text\n  hobby: 산책\n  hobby_source: text\n  culture: 임영웅 노래\n  culture_source: random\nhealth:\n  conditions:\n  - 관절염\n  medications:\n  - 아세트아미노펜\n  - 셀레콕시브\n'],4년제 대학교입니다.,기경수 씨의 최종 학력: 4년제 대학교(서비스).,1.0,0.4535346485157664,0.9999999999,1.0,2,P004-Q03-T-학력,T-학력,4년제 대학교
기경수 씨는 인천에 살고 있다. (참/거짓),['id: P004\nuuid: ef0f45c383544135813c7de979729e88\nname: 기경수\nbirth_year: 1964\nage: 62\nsex: 남자\nresidence:\n  province: 전북\n  district: 전북-전주시 완산구\n  region_class: 지방\neducation:\n  level: 4년제 대학교\n  field: 서비스\noccupation: 무직\nfamily_type: 기타2세대\nhousing_type: 아파트\nmarriage:\n  status: 배우자있음\n  marriage_year: 1997\n  spouse_death_year: null\n  divorce_year: null\nchildren:\n- name: 기지훈\n  age: 26\n  sex: 남자\n  living_with: true\n- name: 기준호\n  age: 23\n  sex: 남자\n  living_with: false\npreferences:\n  food: 떡볶이\n  food_source: text\n  hobby: 산책\n  hobby_source: text\n  culture: 임영웅 노래\n  culture_source: random\nhealth:\n  conditions:\n  - 관절염\n  medications:\n  - 아세트아미노펜\n  - 셀레콕시브\n'],F. 기경수 씨는 전북 전주시 완산구에 살고 있다.,제공된 페르소나 정보 기준 기경수 씨의 거주지: 전북 전주시 완산구.,1.0,0.7767479203961608,0.9999999999,0.0,2,P004-Q04-F-반대,F-반대,F
기경수 씨의 최근 가입한 동호회의 이름은 무엇인가요?,['id: P004\nuuid: ef0f45c383544135813c7de979729e88\nname: 기경수\nbirth_year: 1964\nage: 62\nsex: 남자\nresidence:\n  province: 전북\n  district: 전북-전주시 완산구\n  region_class: 지방\neducation:\n  level: 4년제 대학교\n  field: 서비스\noccupation: 무직\nfamily_type: 기타2세대\nhousing_type: 아파트\nmarriage:\n  status: 배우자있음\n  marriage_year: 1997\n  spouse_death_year: null\n  divorce_year: null\nchildren:\n- name: 기지훈\n  age: 26\n  sex: 남자\n  living_with: true\n- name: 기준호\n  age: 23\n  sex: 남자\n  living_with: false\npreferences:\n  food: 떡볶이\n  food_source: text\n  hobby: 산책\n  hobby_source: text\n  culture: 임영웅 노래\n  culture_source: random\nhealth:\n  conditions:\n  - 관절염\n  medications:\n  - 아세트아미노펜\n  - 셀레콕시브\n'],정보 없음,제공된 페르소나 정보에는 기경수 씨에 대해 질문한 사실이 없습니다.,1.0,0.0,0.0,0.0,2,P004-Q05-F-비존재,F-비존재,정보 없음
기경수 씨는 1982년에 결혼했다. (참/거짓),['id: P004\nuuid: ef0f45c383544135813c7de979729e88\nname: 기경수\nbirth_year: 1964\nage: 62\nsex: 남자\nresidence:\n  province: 전북\n  district: 전북-전주시 완산구\n  region_class: 지방\neducation:\n  level: 4년제 대학교\n  field: 서비스\noccupation: 무직\nfamily_type: 기타2세대\nhousing_type: 아파트\nmarriage:\n  status: 배우자있음\n  marriage_year: 1997\n  spouse_death_year: null\n  divorce_year: null\nchildren:\n- name: 기지훈\n  age: 26\n  sex: 남자\n  living_with: true\n- name: 기준호\n  age: 23\n  sex: 남자\n  living_with: false\npreferences:\n  food: 떡볶이\n  food_source: text\n  hobby: 산책\n  hobby_source: text\n  culture: 임영웅 노래\n  culture_source: random\nhealth:\n  conditions:\n  - 관절염\n  medications:\n  - 아세트아미노펜\n  - 셀레콕시브\n'],"F, 기경수 씨는 1997년에 결혼했다.",제공된 페르소나 정보 기준 기경수 씨의 결혼 정보: 1997년에 결혼.,0.5,0.8364825558991763,0.9999999999,1.0,2,P004-Q06-F-시점오류,F-시점오류,F
기경수 씨는 전북 전주시 완산시에 산다. (참/거짓),['id: P004\nuuid: ef0f45c383544135813c7de979729e88\nname: 기경수\nbirth_year: 1964\nage: 62\nsex: 남자\nresidence:\n  province: 전북\n  district: 전북-전주시 완산구\n  region_class: 지방\neducation:\n  level: 4년제 대학교\n  field: 서비스\noccupation: 무직\nfamily_type: 기타2세대\nhousing_type: 아파트\nmarriage:\n  status: 배우자있음\n  marriage_year: 1997\n  spouse_death_year: null\n  divorce_year: null\nchildren:\n- name: 기지훈\n  age: 26\n  sex: 남자\n  living_with: true\n- name: 기준호\n  age: 23\n  sex: 남자\n  living_with: false\npreferences:\n  food: 떡볶이\n  food_source: text\n  hobby: 산책\n  hobby_source: text\n  culture: 임영웅 노래\n  culture_source: random\nhealth:\n  conditions:\n  - 관절염\n  medications:\n  - 아세트아미노펜\n  - 셀레콕시브\n'],F. 기경수 씨는 전북 전주시 완산구에 산다.,제공된 페르소나 정보 기준 기경수 씨의 거주지: 전북 전주시 완산구.,0.5,0.4501671551831606,0.9999999999,1.0,2,P004-Q07-ADV-부분일치,ADV-부분일치,F
기경수 씨는 1996년에 결혼했다. (참/거짓),['id: P004\nuuid: ef0f45c383544135813c7de979729e88\nname: 기경수\nbirth_year: 1964\nage: 62\nsex: 남자\nresidence:\n  province: 전북\n  district: 전북-전주시 완산구\n  region_class: 지방\neducation:\n  level: 4년제 대학교\n  field: 서비스\noccupation: 무직\nfamily_type: 기타2세대\nhousing_type: 아파트\nmarriage:\n  status: 배우자있음\n  marriage_year: 1997\n  spouse_death_year: null\n  divorce_year: null\nchildren:\n- name: 기지훈\n  age: 26\n  sex: 남자\n  living_with: true\n- name: 기준호\n  age: 23\n  sex: 남자\n  living_with: false\npreferences:\n  food: 떡볶이\n  food_source: text\n  hobby: 산책\n  hobby_source: text\n  culture: 임영웅 노래\n  culture_source: random\nhealth:\n  conditions:\n  - 관절염\n  medications:\n  - 아세트아미노펜\n  - 셀레콕시브\n'],F. 기경수 씨는 1997년에 결혼했습니다.,제공된 페르소나 정보 기준 기경수 씨의 결혼 정보: 1997년에 결혼.,1.0,0.5926064681175699,0.9999999999,0.0,2,P004-Q08-ADV-시점근접,ADV-시점근접,F
기경수 씨의 자녀 이름은 기민수이다. (참/거짓),['id: P004\nuuid: ef0f45c383544135813c7de979729e88\nname: 기경수\nbirth_year: 1964\nage: 62\nsex: 남자\nresidence:\n  province: 전북\n  district: 전북-전주시 완산구\n  region_class: 지방\neducation:\n  level: 4년제 대학교\n  field: 서비스\noccupation: 무직\nfamily_type: 기타2세대\nhousing_type: 아파트\nmarriage:\n  status: 배우자있음\n  marriage_year: 1997\n  spouse_death_year: null\n  divorce_year: null\nchildren:\n- name: 기지훈\n  age: 26\n  sex: 남자\n  living_with: true\n- name: 기준호\n  age: 23\n  sex: 남자\n  living_with: false\npreferences:\n  food: 떡볶이\n  food_source: text\n  hobby: 산책\n  hobby_source: text\n  culture: 임영웅 노래\n  culture_source: random\nhealth:\n  conditions:\n  - 관절염\n  medications:\n  - 아세트아미노펜\n  - 셀레콕시브\n'],F. 기경수 씨의 자녀 이름은 기지훈과 기준호이다.,"제공된 페르소나 정보 기준 기경수 씨의 자녀 정보: 자녀 2명(기지훈, 기준호).",1.0,0.7512802368361117,0.9999999999,0.0,2,P004-Q09-ADV-유사인물,ADV-유사인물,F
이강철 씨의 거주지는 어디인가요?,['id: P005\nuuid: 81fcf9ff35544fcda711ae7440638b55\nname: 이강철\nbirth_year: 1959\nage: 67\nsex: 남자\nresidence:\n  province: 서울\n  district: 서울-서초구\n  region_class: 수도권\neducation:\n  level: 고등학교\n  field: null\noccupation: 전화 상담원\nfamily_type: 배우자와 거주\nhousing_type: 아파트\nmarriage:\n  status: 배우자있음\n  marriage_year: 1989\n  spouse_death_year: null\n  divorce_year: null\nchildren:\n- name: 이기훈\n  age: 35\n  sex: 남자\n  living_with: false\npreferences:\n  food: 잡채\n  food_source: random\n  hobby: 바둑\n  hobby_source: text\n  culture: 이미자 노래\n  culture_source: random\nhealth:\n  conditions:\n  - 협심증\n  medications:\n  - 니트로글리세린\n  - 아스피린\n'],이강철 씨의 거주지는 서울 서초구입니다.,이강철 씨의 거주지: 서울 서초구.,1.0,0.9325560948124236,0.9999999999,1.0,2,P005-Q01-T-거주지,T-거주지,서울 서초구
이강철 씨의 직업은 무엇인가요?,['id: P005\nuuid: 81fcf9ff35544fcda711ae7440638b55\nname: 이강철\nbirth_year: 1959\nage: 67\nsex: 남자\nresidence:\n  province: 서울\n  district: 서울-서초구\n  region_class: 수도권\neducation:\n  level: 고등학교\n  field: null\noccupation: 전화 상담원\nfamily_type: 배우자와 거주\nhousing_type: 아파트\nmarriage:\n  status: 배우자있음\n  marriage_year: 1989\n  spouse_death_year: null\n  divorce_year: null\nchildren:\n- name: 이기훈\n  age: 35\n  sex: 남자\n  living_with: false\npreferences:\n  food: 잡채\n  food_source: random\n  hobby: 바둑\n  hobby_source: text\n  culture: 이미자 노래\n  culture_source: random\nhealth:\n  conditions:\n  - 협심증\n  medications:\n  - 니트로글리세린\n  - 아스피린\n'],이강철 씨의 직업은 전화 상담원입니다.,이강철 씨의 직업: 전화 상담원.,1.0,0.616048935984138,0.9999999999,1.0,2,P005-Q02-T-직업,T-직업,전화 상담원
이강철 씨의 최종 학력은 무엇인가요?,['id: P005\nuuid: 81fcf9ff35544fcda711ae7440638b55\nname: 이강철\nbirth_year: 1959\nage: 67\nsex: 남자\nresidence:\n  province: 서울\n  district: 서울-서초구\n  region_class: 수도권\neducation:\n  level: 고등학교\n  field: null\noccupation: 전화 상담원\nfamily_type: 배우자와 거주\nhousing_type: 아파트\nmarriage:\n  status: 배우자있음\n  marriage_year: 1989\n  spouse_death_year: null\n  divorce_year: null\nchildren:\n- name: 이기훈\n  age: 35\n  sex: 남자\n  living_with: false\npreferences:\n  food: 잡채\n  food_source: random\n  hobby: 바둑\n  hobby_source: text\n  culture: 이미자 노래\n  culture_source: random\nhealth:\n  conditions:\n  - 협심증\n  medications:\n  - 니트로글리세린\n  - 아스피린\n'],고등학교입니다.,이강철 씨의 최종 학력: 고등학교.,1.0,0.5021868011691927,0.9999999999,1.0,2,P005-Q03-T-학력,T-학력,고등학교
이강철 씨는 전북에 살고 있다. (참/거짓),['id: P005\nuuid: 81fcf9ff35544fcda711ae7440638b55\nname: 이강철\nbirth_year: 1959\nage: 67\nsex: 남자\nresidence:\n  province: 서울\n  district: 서울-서초구\n  region_class: 수도권\neducation:\n  level: 고등학교\n  field: null\noccupation: 전화 상담원\nfamily_type: 배우자와 거주\nhousing_type: 아파트\nmarriage:\n  status: 배우자있음\n  marriage_year: 1989\n  spouse_death_year: null\n  divorce_year: null\nchildren:\n- name: 이기훈\n  age: 35\n  sex: 남자\n  living_with: false\npreferences:\n  food: 잡채\n  food_source: random\n  hobby: 바둑\n  hobby_source: text\n  culture: 이미자 노래\n  culture_source: random\nhealth:\n  conditions:\n  - 협심증\n  medications:\n  - 니트로글리세린\n  - 아스피린\n'],"F, 이강철 씨는 서울에 살고 있습니다.",제공된 페르소나 정보 기준 이강철 씨의 거주지: 서울 서초구.,1.0,0.6662073141390313,0.9999999999,0.0,2,P005-Q04-F-반대,F-반대,F
이강철 씨의 정기 후원하는 단체의 이름은 무엇인가요?,['id: P005\nuuid: 81fcf9ff35544fcda711ae7440638b55\nname: 이강철\nbirth_year: 1959\nage: 67\nsex: 남자\nresidence:\n  province: 서울\n  district: 서울-서초구\n  region_class: 수도권\neducation:\n  level: 고등학교\n  field: null\noccupation: 전화 상담원\nfamily_type: 배우자와 거주\nhousing_type: 아파트\nmarriage:\n  status: 배우자있음\n  marriage_year: 1989\n  spouse_death_year: null\n  divorce_year: null\nchildren:\n- name: 이기훈\n  age: 35\n  sex: 남자\n  living_with: false\npreferences:\n  food: 잡채\n  food_source: random\n  hobby: 바둑\n  hobby_source: text\n  culture: 이미자 노래\n  culture_source: random\nhealth:\n  conditions:\n  - 협심증\n  medications:\n  - 니트로글리세린\n  - 아스피린\n'],정보 없음,제공된 페르소나 정보에는 이강철 씨에 대해 질문한 사실이 없습니다.,1.0,0.0,0.0,0.0,2,P005-Q05-F-비존재,F-비존재,정보 없음
이강철 씨는 1979년에 결혼했다. (참/거짓),['id: P005\nuuid: 81fcf9ff35544fcda711ae7440638b55\nname: 이강철\nbirth_year: 1959\nage: 67\nsex: 남자\nresidence:\n  province: 서울\n  district: 서울-서초구\n  region_class: 수도권\neducation:\n  level: 고등학교\n  field: null\noccupation: 전화 상담원\nfamily_type: 배우자와 거주\nhousing_type: 아파트\nmarriage:\n  status: 배우자있음\n  marriage_year: 1989\n  spouse_death_year: null\n  divorce_year: null\nchildren:\n- name: 이기훈\n  age: 35\n  sex: 남자\n  living_with: false\npreferences:\n  food: 잡채\n  food_source: random\n  hobby: 바둑\n  hobby_source: text\n  culture: 이미자 노래\n  culture_source: random\nhealth:\n  conditions:\n  - 협심증\n  medications:\n  - 니트로글리세린\n  - 아스피린\n'],"F, 이강철 씨는 1989년에 결혼했다.",제공된 페르소나 정보 기준 이강철 씨의 결혼 정보: 1989년에 결혼.,1.0,0.6043619287276562,0.9999999999,1.0,2,P005-Q06-F-시점오류,F-시점오류,F
이강철 씨의 직업은 전화 영업원이다. (참/거짓),['id: P005\nuuid: 81fcf9ff35544fcda711ae7440638b55\nname: 이강철\nbirth_year: 1959\nage: 67\nsex: 남자\nresidence:\n  province: 서울\n  district: 서울-서초구\n  region_class: 수도권\neducation:\n  level: 고등학교\n  field: null\noccupation: 전화 상담원\nfamily_type: 배우자와 거주\nhousing_type: 아파트\nmarriage:\n  status: 배우자있음\n  marriage_year: 1989\n  spouse_death_year: null\n  divorce_year: null\nchildren:\n- name: 이기훈\n  age: 35\n  sex: 남자\n  living_with: false\npreferences:\n  food: 잡채\n  food_source: random\n  hobby: 바둑\n  hobby_source: text\n  culture: 이미자 노래\n  culture_source: random\nhealth:\n  conditions:\n  - 협심증\n  medications:\n  - 니트로글리세린\n  - 아스피린\n'],F. 이강철 씨의 직업은 전화 상담원이다.,제공된 페르소나 정보 기준 이강철 씨의 직업: 전화 상담원.,1.0,0.7159085756858815,0.9999999999,1.0,2,P005-Q07-ADV-부분일치,ADV-부분일치,F
이강철 씨는 1988년에 결혼했다. (참/거짓),['id: P005\nuuid: 81fcf9ff35544fcda711ae7440638b55\nname: 이강철\nbirth_year: 1959\nage: 67\nsex: 남자\nresidence:\n  province: 서울\n  district: 서울-서초구\n  region_class: 수도권\neducation:\n  level: 고등학교\n  field: null\noccupation: 전화 상담원\nfamily_type: 배우자와 거주\nhousing_type: 아파트\nmarriage:\n  status: 배우자있음\n  marriage_year: 1989\n  spouse_death_year: null\n  divorce_year: null\nchildren:\n- name: 이기훈\n  age: 35\n  sex: 남자\n  living_with: false\npreferences:\n  food: 잡채\n  food_source: random\n  hobby: 바둑\n  hobby_source: text\n  culture: 이미자 노래\n  culture_source: random\nhealth:\n  conditions:\n  - 협심증\n  medications:\n  - 니트로글리세린\n  - 아스피린\n'],F. 이강철 씨는 1989년에 결혼했다.,제공된 페르소나 정보 기준 이강철 씨의 결혼 정보: 1989년에 결혼.,1.0,0.5106034397912129,0.9999999999,0.0,2,P005-Q08-ADV-시점근접,ADV-시점근접,F
이강철 씨의 자녀 이름은 이정우이다. (참/거짓),['id: P005\nuuid: 81fcf9ff35544fcda711ae7440638b55\nname: 이강철\nbirth_year: 1959\nage: 67\nsex: 남자\nresidence:\n  province: 서울\n  district: 서울-서초구\n  region_class: 수도권\neducation:\n  level: 고등학교\n  field: null\noccupation: 전화 상담원\nfamily_type: 배우자와 거주\nhousing_type: 아파트\nmarriage:\n  status: 배우자있음\n  marriage_year: 1989\n  spouse_death_year: null\n  divorce_year: null\nchildren:\n- name: 이기훈\n  age: 35\n  sex: 남자\n  living_with: false\npreferences:\n  food: 잡채\n  food_source: random\n  hobby: 바둑\n  hobby_source: text\n  culture: 이미자 노래\n  culture_source: random\nhealth:\n  conditions:\n  - 협심증\n  medications:\n  - 니트로글리세린\n  - 아스피린\n'],F. 이강철 씨의 자녀 이름은 이기훈이다.,제공된 페르소나 정보 기준 이강철 씨의 자녀 정보: 자녀 1명(이기훈).,1.0,0.4529079435656106,0.9999999999,0.0,2,P005-Q09-ADV-유사인물,ADV-유사인물,F
우동화 씨의 거주지는 어디인가요?,['id: P006\nuuid: 9a260bae731a46d79e12258904312aa4\nname: 우동화\nbirth_year: 1961\nage: 65\nsex: 여자\nresidence:\n  province: 경기\n  district: 경기-수원시 장안구\n  region_class: 수도권\neducation:\n  level: 중학교\n  field: null\noccupation: 음식 서비스 종사원\nfamily_type: 배우자와 거주\nhousing_type: 단독주택\nmarriage:\n  status: 배우자있음\n  marriage_year: 1991\n  spouse_death_year: null\n  divorce_year: null\nchildren: []\npreferences:\n  food: 김밥\n  food_source: text\n  hobby: 맛집 탐방\n  hobby_source: random\n  culture: 내셔널 지오그래픽\n  culture_source: random\nhealth:\n  conditions:\n  - 관절염\n  - 위염\n  medications:\n  - 아세트아미노펜\n  - 셀레콕시브\n  - 라베프라졸\n  - 오메프라졸\n'],우동화 씨의 거주지는 경기-수원시 장안구입니다.,우동화 씨의 거주지: 경기 수원시 장안구.,1.0,0.5535007212317694,0.9999999999,1.0,2,P006-Q01-T-거주지,T-거주지,경기 수원시 장안구
우동화 씨의 직업은 무엇인가요?,['id: P006\nuuid: 9a260bae731a46d79e12258904312aa4\nname: 우동화\nbirth_year: 1961\nage: 65\nsex: 여자\nresidence:\n  province: 경기\n  district: 경기-수원시 장안구\n  region_class: 수도권\neducation:\n  level: 중학교\n  field: null\noccupation: 음식 서비스 종사원\nfamily_type: 배우자와 거주\nhousing_type: 단독주택\nmarriage:\n  status: 배우자있음\n  marriage_year: 1991\n  spouse_death_year: null\n  divorce_year: null\nchildren: []\npreferences:\n  food: 김밥\n  food_source: text\n  hobby: 맛집 탐방\n  hobby_source: random\n  culture: 내셔널 지오그래픽\n  culture_source: random\nhealth:\n  conditions:\n  - 관절염\n  - 위염\n  medications:\n  - 아세트아미노펜\n  - 셀레콕시브\n  - 라베프라졸\n  - 오메프라졸\n'],음식 서비스 종사원입니다.,우동화 씨의 직업: 음식 서비스 종사원.,1.0,0.4838027308606844,0.9999999999,1.0,2,P006-Q02-T-직업,T-직업,음식 서비스 종사원
우동화 씨의 최종 학력은 무엇인가요?,['id: P006\nuuid: 9a260bae731a46d79e12258904312aa4\nname: 우동화\nbirth_year: 1961\nage: 65\nsex: 여자\nresidence:\n  province: 경기\n  district: 경기-수원시 장안구\n  region_class: 수도권\neducation:\n  level: 중학교\n  field: null\noccupation: 음식 서비스 종사원\nfamily_type: 배우자와 거주\nhousing_type: 단독주택\nmarriage:\n  status: 배우자있음\n  marriage_year: 1991\n  spouse_death_year: null\n  divorce_year: null\nchildren: []\npreferences:\n  food: 김밥\n  food_source: text\n  hobby: 맛집 탐방\n  hobby_source: random\n  culture: 내셔널 지오그래픽\n  culture_source: random\nhealth:\n  conditions:\n  - 관절염\n  - 위염\n  medications:\n  - 아세트아미노펜\n  - 셀레콕시브\n  - 라베프라졸\n  - 오메프라졸\n'],중학교입니다.,우동화 씨의 최종 학력: 중학교.,1.0,0.4265908506122604,0.9999999999,1.0,2,P006-Q03-T-학력,T-학력,중학교
우동화 씨는 전라남에 살고 있다. (참/거짓),['id: P006\nuuid: 9a260bae731a46d79e12258904312aa4\nname: 우동화\nbirth_year: 1961\nage: 65\nsex: 여자\nresidence:\n  province: 경기\n  district: 경기-수원시 장안구\n  region_class: 수도권\neducation:\n  level: 중학교\n  field: null\noccupation: 음식 서비스 종사원\nfamily_type: 배우자와 거주\nhousing_type: 단독주택\nmarriage:\n  status: 배우자있음\n  marriage_year: 1991\n  spouse_death_year: null\n  divorce_year: null\nchildren: []\npreferences:\n  food: 김밥\n  food_source: text\n  hobby: 맛집 탐방\n  hobby_source: random\n  culture: 내셔널 지오그래픽\n  culture_source: random\nhealth:\n  conditions:\n  - 관절염\n  - 위염\n  medications:\n  - 아세트아미노펜\n  - 셀레콕시브\n  - 라베프라졸\n  - 오메프라졸\n'],"F, 우동화 씨는 경기도에 살고 있습니다.",제공된 페르소나 정보 기준 우동화 씨의 거주지: 경기 수원시 장안구.,1.0,0.449073665415661,0.9999999999,0.0,2,P006-Q04-F-반대,F-반대,F
우동화 씨의 최근 가입한 동호회의 이름은 무엇인가요?,['id: P006\nuuid: 9a260bae731a46d79e12258904312aa4\nname: 우동화\nbirth_year: 1961\nage: 65\nsex: 여자\nresidence:\n  province: 경기\n  district: 경기-수원시 장안구\n  region_class: 수도권\neducation:\n  level: 중학교\n  field: null\noccupation: 음식 서비스 종사원\nfamily_type: 배우자와 거주\nhousing_type: 단독주택\nmarriage:\n  status: 배우자있음\n  marriage_year: 1991\n  spouse_death_year: null\n  divorce_year: null\nchildren: []\npreferences:\n  food: 김밥\n  food_source: text\n  hobby: 맛집 탐방\n  hobby_source: random\n  culture: 내셔널 지오그래픽\n  culture_source: random\nhealth:\n  conditions:\n  - 관절염\n  - 위염\n  medications:\n  - 아세트아미노펜\n  - 셀레콕시브\n  - 라베프라졸\n  - 오메프라졸\n'],정보 없음,제공된 페르소나 정보에는 우동화 씨에 대해 질문한 사실이 없습니다.,1.0,0.0,0.0,0.0,2,P006-Q05-F-비존재,F-비존재,정보 없음
우동화 씨는 1976년에 결혼했다. (참/거짓),['id: P006\nuuid: 9a260bae731a46d79e12258904312aa4\nname: 우동화\nbirth_year: 1961\nage: 65\nsex: 여자\nresidence:\n  province: 경기\n  district: 경기-수원시 장안구\n  region_class: 수도권\neducation:\n  level: 중학교\n  field: null\noccupation: 음식 서비스 종사원\nfamily_type: 배우자와 거주\nhousing_type: 단독주택\nmarriage:\n  status: 배우자있음\n  marriage_year: 1991\n  spouse_death_year: null\n  divorce_year: null\nchildren: []\npreferences:\n  food: 김밥\n  food_source: text\n  hobby: 맛집 탐방\n  hobby_source: random\n  culture: 내셔널 지오그래픽\n  culture_source: random\nhealth:\n  conditions:\n  - 관절염\n  - 위염\n  medications:\n  - 아세트아미노펜\n  - 셀레콕시브\n  - 라베프라졸\n  - 오메프라졸\n'],F. 우동화 씨는 1991년에 결혼했다.,제공된 페르소나 정보 기준 우동화 씨의 결혼 정보: 1991년에 결혼.,0.5,0.5534281775437451,0.9999999999,0.5,2,P006-Q06-F-시점오류,F-시점오류,F
우동화 씨의 직업은 주방 보조원이다. (참/거짓),['id: P006\nuuid: 9a260bae731a46d79e12258904312aa4\nname: 우동화\nbirth_year: 1961\nage: 65\nsex: 여자\nresidence:\n  province: 경기\n  district: 경기-수원시 장안구\n  region_class: 수도권\neducation:\n  level: 중학교\n  field: null\noccupation: 음식 서비스 종사원\nfamily_type: 배우자와 거주\nhousing_type: 단독주택\nmarriage:\n  status: 배우자있음\n  marriage_year: 1991\n  spouse_death_year: null\n  divorce_year: null\nchildren: []\npreferences:\n  food: 김밥\n  food_source: text\n  hobby: 맛집 탐방\n  hobby_source: random\n  culture: 내셔널 지오그래픽\n  culture_source: random\nhealth:\n  conditions:\n  - 관절염\n  - 위염\n  medications:\n  - 아세트아미노펜\n  - 셀레콕시브\n  - 라베프라졸\n  - 오메프라졸\n'],F. 우동화 씨의 직업은 음식 서비스 종사원이다.,제공된 페르소나 정보 기준 우동화 씨의 직업: 음식 서비스 종사원.,1.0,0.6442671780670559,0.9999999999,0.0,2,P006-Q07-ADV-부분일치,ADV-부분일치,F
우동화 씨는 1992년에 결혼했다. (참/거짓),['id: P006\nuuid: 9a260bae731a46d79e12258904312aa4\nname: 우동화\nbirth_year: 1961\nage: 65\nsex: 여자\nresidence:\n  province: 경기\n  district: 경기-수원시 장안구\n  region_class: 수도권\neducation:\n  level: 중학교\n  field: null\noccupation: 음식 서비스 종사원\nfamily_type: 배우자와 거주\nhousing_type: 단독주택\nmarriage:\n  status: 배우자있음\n  marriage_year: 1991\n  spouse_death_year: null\n  divorce_year: null\nchildren: []\npreferences:\n  food: 김밥\n  food_source: text\n  hobby: 맛집 탐방\n  hobby_source: random\n  culture: 내셔널 지오그래픽\n  culture_source: random\nhealth:\n  conditions:\n  - 관절염\n  - 위염\n  medications:\n  - 아세트아미노펜\n  - 셀레콕시브\n  - 라베프라졸\n  - 오메프라졸\n'],"F, 우동화 씨는 1991년에 결혼했다.",제공된 페르소나 정보 기준 우동화 씨의 결혼 정보: 1991년에 결혼.,1.0,0.5381847100270188,0.9999999999,0.0,2,P006-Q08-ADV-시점근접,ADV-시점근접,F
이 사람의 이름은 우지영이다. (참/거짓),['id: P006\nuuid: 9a260bae731a46d79e12258904312aa4\nname: 우동화\nbirth_year: 1961\nage: 65\nsex: 여자\nresidence:\n  province: 경기\n  district: 경기-수원시 장안구\n  region_class: 수도권\neducation:\n  level: 중학교\n  field: null\noccupation: 음식 서비스 종사원\nfamily_type: 배우자와 거주\nhousing_type: 단독주택\nmarriage:\n  status: 배우자있음\n  marriage_year: 1991\n  spouse_death_year: null\n  divorce_year: null\nchildren: []\npreferences:\n  food: 김밥\n  food_source: text\n  hobby: 맛집 탐방\n  hobby_source: random\n  culture: 내셔널 지오그래픽\n  culture_source: random\nhealth:\n  conditions:\n  - 관절염\n  - 위염\n  medications:\n  - 아세트아미노펜\n  - 셀레콕시브\n  - 라베프라졸\n  - 오메프라졸\n'],F. 이 사람의 이름은 우동화이다.,제공된 페르소나 정보 기준 우동화 씨의 이름: 우동화.,1.0,0.6341887709143478,0.0,0.0,2,P006-Q09-ADV-유사인물,ADV-유사인물,F
권양희 씨의 거주지는 어디인가요?,['id: P007\nuuid: 0497d57aa9a64e4994ca0468f49be3f3\nname: 권양희\nbirth_year: 1963\nage: 63\nsex: 여자\nresidence:\n  province: 대구\n  district: 대구-수성구\n  region_class: 광역시\neducation:\n  level: 고등학교\n  field: null\noccupation: 무직\nfamily_type: 혼자 거주\nhousing_type: 아파트\nmarriage:\n  status: 미혼\n  marriage_year: null\n  spouse_death_year: null\n  divorce_year: null\nchildren: []\npreferences:\n  food: 떡볶이\n  food_source: random\n  hobby: 수영\n  hobby_source: random\n  culture: 옛날 영화\n  culture_source: random\nhealth:\n  conditions:\n  - 협심증\n  medications:\n  - 니트로글리세린\n  - 아스피린\n'],권양희 씨의 거주지는 대구-수성구입니다.,권양희 씨의 거주지: 대구 수성구.,1.0,0.9424820709271376,0.9999999999,1.0,2,P007-Q01-T-거주지,T-거주지,대구 수성구
권양희 씨의 직업은 무엇인가요?,['id: P007\nuuid: 0497d57aa9a64e4994ca0468f49be3f3\nname: 권양희\nbirth_year: 1963\nage: 63\nsex: 여자\nresidence:\n  province: 대구\n  district: 대구-수성구\n  region_class: 광역시\neducation:\n  level: 고등학교\n  field: null\noccupation: 무직\nfamily_type: 혼자 거주\nhousing_type: 아파트\nmarriage:\n  status: 미혼\n  marriage_year: null\n  spouse_death_year: null\n  divorce_year: null\nchildren: []\npreferences:\n  food: 떡볶이\n  food_source: random\n  hobby: 수영\n  hobby_source: random\n  culture: 옛날 영화\n  culture_source: random\nhealth:\n  conditions:\n  - 협심증\n  medications:\n  - 니트로글리세린\n  - 아스피린\n'],무직,권양희 씨의 직업: 무직.,1.0,0.0,0.9999999999,1.0,2,P007-Q02-T-직업,T-직업,무직
권양희 씨의 최종 학력은 무엇인가요?,['id: P007\nuuid: 0497d57aa9a64e4994ca0468f49be3f3\nname: 권양희\nbirth_year: 1963\nage: 63\nsex: 여자\nresidence:\n  province: 대구\n  district: 대구-수성구\n  region_class: 광역시\neducation:\n  level: 고등학교\n  field: null\noccupation: 무직\nfamily_type: 혼자 거주\nhousing_type: 아파트\nmarriage:\n  status: 미혼\n  marriage_year: null\n  spouse_death_year: null\n  divorce_year: null\nchildren: []\npreferences:\n  food: 떡볶이\n  food_source: random\n  hobby: 수영\n  hobby_source: random\n  culture: 옛날 영화\n  culture_source: random\nhealth:\n  conditions:\n  - 협심증\n  medications:\n  - 니트로글리세린\n  - 아스피린\n'],고등학교입니다.,권양희 씨의 최종 학력: 고등학교.,1.0,0.4596283011639061,0.9999999999,1.0,2,P007-Q03-T-학력,T-학력,고등학교
권양희 씨는 경상남에 살고 있다. (참/거짓),['id: P007\nuuid: 0497d57aa9a64e4994ca0468f49be3f3\nname: 권양희\nbirth_year: 1963\nage: 63\nsex: 여자\nresidence:\n  province: 대구\n  district: 대구-수성구\n  region_class: 광역시\neducation:\n  level: 고등학교\n  field: null\noccupation: 무직\nfamily_type: 혼자 거주\nhousing_type: 아파트\nmarriage:\n  status: 미혼\n  marriage_year: null\n  spouse_death_year: null\n  divorce_year: null\nchildren: []\npreferences:\n  food: 떡볶이\n  food_source: random\n  hobby: 수영\n  hobby_source: random\n  culture: 옛날 영화\n  culture_source: random\nhealth:\n  conditions:\n  - 협심증\n  medications:\n  - 니트로글리세린\n  - 아스피린\n'],F. 권양희 씨는 대구에 살고 있다.,제공된 페르소나 정보 기준 권양희 씨의 거주지: 대구 수성구.,1.0,0.7706032928665483,0.9999999999,0.0,2,P007-Q04-F-반대,F-반대,F
권양희 씨의 정기 후원하는 단체의 이름은 무엇인가요?,['id: P007\nuuid: 0497d57aa9a64e4994ca0468f49be3f3\nname: 권양희\nbirth_year: 1963\nage: 63\nsex: 여자\nresidence:\n  province: 대구\n  district: 대구-수성구\n  region_class: 광역시\neducation:\n  level: 고등학교\n  field: null\noccupation: 무직\nfamily_type: 혼자 거주\nhousing_type: 아파트\nmarriage:\n  status: 미혼\n  marriage_year: null\n  spouse_death_year: null\n  divorce_year: null\nchildren: []\npreferences:\n  food: 떡볶이\n  food_source: random\n  hobby: 수영\n  hobby_source: random\n  culture: 옛날 영화\n  culture_source: random\nhealth:\n  conditions:\n  - 협심증\n  medications:\n  - 니트로글리세린\n  - 아스피린\n'],정보 없음,제공된 페르소나 정보에는 권양희 씨에 대해 질문한 사실이 없습니다.,1.0,0.0,0.0,0.0,2,P007-Q05-F-비존재,F-비존재,정보 없음
권양희 씨는 1953년에 태어났다. (참/거짓),['id: P007\nuuid: 0497d57aa9a64e4994ca0468f49be3f3\nname: 권양희\nbirth_year: 1963\nage: 63\nsex: 여자\nresidence:\n  province: 대구\n  district: 대구-수성구\n  region_class: 광역시\neducation:\n  level: 고등학교\n  field: null\noccupation: 무직\nfamily_type: 혼자 거주\nhousing_type: 아파트\nmarriage:\n  status: 미혼\n  marriage_year: null\n  spouse_death_year: null\n  divorce_year: null\nchildren: []\npreferences:\n  food: 떡볶이\n  food_source: random\n  hobby: 수영\n  hobby_source: random\n  culture: 옛날 영화\n  culture_source: random\nhealth:\n  conditions:\n  - 협심증\n  medications:\n  - 니트로글리세린\n  - 아스피린\n'],F. 권양희 씨는 1963년에 태어났다.,제공된 페르소나 정보 기준 권양희 씨의 해당 사실: 정보 없음.,1.0,0.824874583803095,0.9999999999,0.0,2,P007-Q06-F-시점오류,F-시점오류,F
권양희 씨는 대구 수성시에 산다. (참/거짓),['id: P007\nuuid: 0497d57aa9a64e4994ca0468f49be3f3\nname: 권양희\nbirth_year: 1963\nage: 63\nsex: 여자\nresidence:\n  province: 대구\n  district: 대구-수성구\n  region_class: 광역시\neducation:\n  level: 고등학교\n  field: null\noccupation: 무직\nfamily_type: 혼자 거주\nhousing_type: 아파트\nmarriage:\n  status: 미혼\n  marriage_year: null\n  spouse_death_year: null\n  divorce_year: null\nchildren: []\npreferences:\n  food: 떡볶이\n  food_source: random\n  hobby: 수영\n  hobby_source: random\n  culture: 옛날 영화\n  culture_source: random\nhealth:\n  conditions:\n  - 협심증\n  medications:\n  - 니트로글리세린\n  - 아스피린\n'],F. 권양희 씨는 대구 수성구에 산다.,제공된 페르소나 정보 기준 권양희 씨의 거주지: 대구 수성구.,1.0,0.7280946284246915,0.9999999999,1.0,2,P007-Q07-ADV-부분일치,ADV-부분일치,F
권양희 씨는 1962년에 태어났다. (참/거짓),['id: P007\nuuid: 0497d57aa9a64e4994ca0468f49be3f3\nname: 권양희\nbirth_year: 1963\nage: 63\nsex: 여자\nresidence:\n  province: 대구\n  district: 대구-수성구\n  region_class: 광역시\neducation:\n  level: 고등학교\n  field: null\noccupation: 무직\nfamily_type: 혼자 거주\nhousing_type: 아파트\nmarriage:\n  status: 미혼\n  marriage_year: null\n  spouse_death_year: null\n  divorce_year: null\nchildren: []\npreferences:\n  food: 떡볶이\n  food_source: random\n  hobby: 수영\n  hobby_source: random\n  culture: 옛날 영화\n  culture_source: random\nhealth:\n  conditions:\n  - 협심증\n  medications:\n  - 니트로글리세린\n  - 아스피린\n'],F. 권양희 씨는 1963년에 태어났다.,제공된 페르소나 정보 기준 권양희 씨의 해당 사실: 정보 없음.,1.0,0.8035952055962877,0.0,0.0,2,P007-Q08-ADV-시점근접,ADV-시점근접,F
이 사람의 이름은 권선영이다. (참/거짓),['id: P007\nuuid: 0497d57aa9a64e4994ca0468f49be3f3\nname: 권양희\nbirth_year: 1963\nage: 63\nsex: 여자\nresidence:\n  province: 대구\n  district: 대구-수성구\n  region_class: 광역시\neducation:\n  level: 고등학교\n  field: null\noccupation: 무직\nfamily_type: 혼자 거주\nhousing_type: 아파트\nmarriage:\n  status: 미혼\n  marriage_year: null\n  spouse_death_year: null\n  divorce_year: null\nchildren: []\npreferences:\n  food: 떡볶이\n  food_source: random\n  hobby: 수영\n  hobby_source: random\n  culture: 옛날 영화\n  culture_source: random\nhealth:\n  conditions:\n  - 협심증\n  medications:\n  - 니트로글리세린\n  - 아스피린\n'],F. 이 사람의 이름은 권양희이다.,제공된 페르소나 정보 기준 권양희 씨의 이름: 권양희.,1.0,0.621917265541751,0.0,0.0,2,P007-Q09-ADV-유사인물,ADV-유사인물,F
이미숙 씨의 거주지는 어디인가요?,['id: P008\nuuid: 43a635b2a4114071a8acdc53961b68f2\nname: 이미숙\nbirth_year: 1964\nage: 62\nsex: 여자\nresidence:\n  province: 서울\n  district: 서울-노원구\n  region_class: 수도권\neducation:\n  level: 중학교\n  field: null\noccupation: 무직\nfamily_type: 배우자·자녀와 거주\nhousing_type: 다세대주택\nmarriage:\n  status: 배우자있음\n  marriage_year: 1997\n  spouse_death_year: null\n  divorce_year: null\nchildren:\n- name: 이병철\n  age: 28\n  sex: 남자\n  living_with: true\npreferences:\n  food: 잡채\n  food_source: text\n  hobby: 화투\n  hobby_source: random\n  culture: 조용필 노래\n  culture_source: random\nhealth:\n  conditions:\n  - 협심증\n  - 고혈압\n  medications:\n  - 니트로글리세린\n  - 아스피린\n  - 암로디핀\n  - 로사르탄\n'],이미숙 씨의 거주지는 서울 노원구입니다.,이미숙 씨의 거주지: 서울 노원구.,1.0,0.7888672508234572,0.9999999999,1.0,2,P008-Q01-T-거주지,T-거주지,서울 노원구
이미숙 씨의 직업은 무엇인가요?,['id: P008\nuuid: 43a635b2a4114071a8acdc53961b68f2\nname: 이미숙\nbirth_year: 1964\nage: 62\nsex: 여자\nresidence:\n  province: 서울\n  district: 서울-노원구\n  region_class: 수도권\neducation:\n  level: 중학교\n  field: null\noccupation: 무직\nfamily_type: 배우자·자녀와 거주\nhousing_type: 다세대주택\nmarriage:\n  status: 배우자있음\n  marriage_year: 1997\n  spouse_death_year: null\n  divorce_year: null\nchildren:\n- name: 이병철\n  age: 28\n  sex: 남자\n  living_with: true\npreferences:\n  food: 잡채\n  food_source: text\n  hobby: 화투\n  hobby_source: random\n  culture: 조용필 노래\n  culture_source: random\nhealth:\n  conditions:\n  - 협심증\n  - 고혈압\n  medications:\n  - 니트로글리세린\n  - 아스피린\n  - 암로디핀\n  - 로사르탄\n'],무직입니다.,이미숙 씨의 직업: 무직.,1.0,0.4298373512673672,0.9999999999,1.0,2,P008-Q02-T-직업,T-직업,무직
이미숙 씨의 최종 학력은 무엇인가요?,['id: P008\nuuid: 43a635b2a4114071a8acdc53961b68f2\nname: 이미숙\nbirth_year: 1964\nage: 62\nsex: 여자\nresidence:\n  province: 서울\n  district: 서울-노원구\n  region_class: 수도권\neducation:\n  level: 중학교\n  field: null\noccupation: 무직\nfamily_type: 배우자·자녀와 거주\nhousing_type: 다세대주택\nmarriage:\n  status: 배우자있음\n  marriage_year: 1997\n  spouse_death_year: null\n  divorce_year: null\nchildren:\n- name: 이병철\n  age: 28\n  sex: 남자\n  living_with: true\npreferences:\n  food: 잡채\n  food_source: text\n  hobby: 화투\n  hobby_source: random\n  culture: 조용필 노래\n  culture_source: random\nhealth:\n  conditions:\n  - 협심증\n  - 고혈압\n  medications:\n  - 니트로글리세린\n  - 아스피린\n  - 암로디핀\n  - 로사르탄\n'],중학교입니다.,이미숙 씨의 최종 학력: 중학교.,1.0,0.4739514969941374,0.9999999999,1.0,2,P008-Q03-T-학력,T-학력,중학교
이미숙 씨는 강원에 살고 있다. (참/거짓),['id: P008\nuuid: 43a635b2a4114071a8acdc53961b68f2\nname: 이미숙\nbirth_year: 1964\nage: 62\nsex: 여자\nresidence:\n  province: 서울\n  district: 서울-노원구\n  region_class: 수도권\neducation:\n  level: 중학교\n  field: null\noccupation: 무직\nfamily_type: 배우자·자녀와 거주\nhousing_type: 다세대주택\nmarriage:\n  status: 배우자있음\n  marriage_year: 1997\n  spouse_death_year: null\n  divorce_year: null\nchildren:\n- name: 이병철\n  age: 28\n  sex: 남자\n  living_with: true\npreferences:\n  food: 잡채\n  food_source: text\n  hobby: 화투\n  hobby_source: random\n  culture: 조용필 노래\n  culture_source: random\nhealth:\n  conditions:\n  - 협심증\n  - 고혈압\n  medications:\n  - 니트로글리세린\n  - 아스피린\n  - 암로디핀\n  - 로사르탄\n'],F. 이미숙 씨는 서울에 살고 있습니다.,제공된 페르소나 정보 기준 이미숙 씨의 거주지: 서울 노원구.,1.0,0.7263021433938063,0.9999999999,0.0,2,P008-Q04-F-반대,F-반대,F
이미숙 씨의 반려동물의 이름은 무엇인가요?,['id: P008\nuuid: 43a635b2a4114071a8acdc53961b68f2\nname: 이미숙\nbirth_year: 1964\nage: 62\nsex: 여자\nresidence:\n  province: 서울\n  district: 서울-노원구\n  region_class: 수도권\neducation:\n  level: 중학교\n  field: null\noccupation: 무직\nfamily_type: 배우자·자녀와 거주\nhousing_type: 다세대주택\nmarriage:\n  status: 배우자있음\n  marriage_year: 1997\n  spouse_death_year: null\n  divorce_year: null\nchildren:\n- name: 이병철\n  age: 28\n  sex: 남자\n  living_with: true\npreferences:\n  food: 잡채\n  food_source: text\n  hobby: 화투\n  hobby_source: random\n  culture: 조용필 노래\n  culture_source: random\nhealth:\n  conditions:\n  - 협심증\n  - 고혈압\n  medications:\n  - 니트로글리세린\n  - 아스피린\n  - 암로디핀\n  - 로사르탄\n'],정보 없음,제공된 페르소나 정보에는 이미숙 씨에 대해 질문한 사실이 없습니다.,1.0,0.0,0.0,0.0,2,P008-Q05-F-비존재,F-비존재,정보 없음
이미숙 씨는 2012년에 결혼했다. (참/거짓),['id: P008\nuuid: 43a635b2a4114071a8acdc53961b68f2\nname: 이미숙\nbirth_year: 1964\nage: 62\nsex: 여자\nresidence:\n  province: 서울\n  district: 서울-노원구\n  region_class: 수도권\neducation:\n  level: 중학교\n  field: null\noccupation: 무직\nfamily_type: 배우자·자녀와 거주\nhousing_type: 다세대주택\nmarriage:\n  status: 배우자있음\n  marriage_year: 1997\n  spouse_death_year: null\n  divorce_year: null\nchildren:\n- name: 이병철\n  age: 28\n  sex: 남자\n  living_with: true\npreferences:\n  food: 잡채\n  food_source: text\n  hobby: 화투\n  hobby_source: random\n  culture: 조용필 노래\n  culture_source: random\nhealth:\n  conditions:\n  - 협심증\n  - 고혈압\n  medications:\n  - 니트로글리세린\n  - 아스피린\n  - 암로디핀\n  - 로사르탄\n'],"F, 이미숙 씨는 1997년에 결혼했다.",제공된 페르소나 정보 기준 이미숙 씨의 결혼 정보: 1997년에 결혼.,1.0,0.7863303222608645,0.9999999999,1.0,2,P008-Q06-F-시점오류,F-시점오류,F
이미숙 씨는 서울 노원시에 산다. (참/거짓),['id: P008\nuuid: 43a635b2a4114071a8acdc53961b68f2\nname: 이미숙\nbirth_year: 1964\nage: 62\nsex: 여자\nresidence:\n  province: 서울\n  district: 서울-노원구\n  region_class: 수도권\neducation:\n  level: 중학교\n  field: null\noccupation: 무직\nfamily_type: 배우자·자녀와 거주\nhousing_type: 다세대주택\nmarriage:\n  status: 배우자있음\n  marriage_year: 1997\n  spouse_death_year: null\n  divorce_year: null\nchildren:\n- name: 이병철\n  age: 28\n  sex: 남자\n  living_with: true\npreferences:\n  food: 잡채\n  food_source: text\n  hobby: 화투\n  hobby_source: random\n  culture: 조용필 노래\n  culture_source: random\nhealth:\n  conditions:\n  - 협심증\n  - 고혈압\n  medications:\n  - 니트로글리세린\n  - 아스피린\n  - 암로디핀\n  - 로사르탄\n'],F. 이미숙 씨는 서울 노원구에 산다.,제공된 페르소나 정보 기준 이미숙 씨의 거주지: 서울 노원구.,0.5,0.6899098519824399,0.9999999999,1.0,2,P008-Q07-ADV-부분일치,ADV-부분일치,F
이미숙 씨는 1996년에 결혼했다. (참/거짓),['id: P008\nuuid: 43a635b2a4114071a8acdc53961b68f2\nname: 이미숙\nbirth_year: 1964\nage: 62\nsex: 여자\nresidence:\n  province: 서울\n  district: 서울-노원구\n  region_class: 수도권\neducation:\n  level: 중학교\n  field: null\noccupation: 무직\nfamily_type: 배우자·자녀와 거주\nhousing_type: 다세대주택\nmarriage:\n  status: 배우자있음\n  marriage_year: 1997\n  spouse_death_year: null\n  divorce_year: null\nchildren:\n- name: 이병철\n  age: 28\n  sex: 남자\n  living_with: true\npreferences:\n  food: 잡채\n  food_source: text\n  hobby: 화투\n  hobby_source: random\n  culture: 조용필 노래\n  culture_source: random\nhealth:\n  conditions:\n  - 협심증\n  - 고혈압\n  medications:\n  - 니트로글리세린\n  - 아스피린\n  - 암로디핀\n  - 로사르탄\n'],F. 이미숙 씨는 1997년에 결혼했다.,제공된 페르소나 정보 기준 이미숙 씨의 결혼 정보: 1997년에 결혼.,1.0,0.7870495352985168,0.9999999999,0.0,2,P008-Q08-ADV-시점근접,ADV-시점근접,F
이미숙 씨의 자녀 이름은 이준호이다. (참/거짓),['id: P008\nuuid: 43a635b2a4114071a8acdc53961b68f2\nname: 이미숙\nbirth_year: 1964\nage: 62\nsex: 여자\nresidence:\n  province: 서울\n  district: 서울-노원구\n  region_class: 수도권\neducation:\n  level: 중학교\n  field: null\noccupation: 무직\nfamily_type: 배우자·자녀와 거주\nhousing_type: 다세대주택\nmarriage:\n  status: 배우자있음\n  marriage_year: 1997\n  spouse_death_year: null\n  divorce_year: null\nchildren:\n- name: 이병철\n  age: 28\n  sex: 남자\n  living_with: true\npreferences:\n  food: 잡채\n  food_source: text\n  hobby: 화투\n  hobby_source: random\n  culture: 조용필 노래\n  culture_source: random\nhealth:\n  conditions:\n  - 협심증\n  - 고혈압\n  medications:\n  - 니트로글리세린\n  - 아스피린\n  - 암로디핀\n  - 로사르탄\n'],F. 이미숙 씨의 자녀 이름은 이병철이다.,제공된 페르소나 정보 기준 이미숙 씨의 자녀 정보: 자녀 1명(이병철).,1.0,0.7035202969327051,0.9999999999,0.0,2,P008-Q09-ADV-유사인물,ADV-유사인물,F
이진숙 씨의 거주지는 어디인가요?,['id: P009\nuuid: 8685e600502f463d8921e6e681ddc431\nname: 이진숙\nbirth_year: 1961\nage: 65\nsex: 여자\nresidence:\n  province: 경기\n  district: 경기-광명시\n  region_class: 수도권\neducation:\n  level: 중학교\n  field: null\noccupation: 요양 보호사\nfamily_type: 배우자와 거주\nhousing_type: 주택 이외의 거처\nmarriage:\n  status: 배우자있음\n  marriage_year: 1991\n  spouse_death_year: null\n  divorce_year: null\nchildren:\n- name: 이수정\n  age: 32\n  sex: 여자\n  living_with: false\npreferences:\n  food: 비빔밥\n  food_source: text\n  hobby: 등산\n  hobby_source: text\n  culture: 트로트\n  culture_source: random\nhealth:\n  conditions:\n  - 관절염\n  - 위염\n  medications:\n  - 아세트아미노펜\n  - 셀레콕시브\n  - 라베프라졸\n  - 오메프라졸\n'],이진숙 씨의 거주지는 경기도 광명시입니다.,이진숙 씨의 거주지: 경기 광명시.,1.0,0.8331795102612052,0.9999999999,1.0,2,P009-Q01-T-거주지,T-거주지,경기 광명시
이진숙 씨의 직업은 무엇인가요?,['id: P009\nuuid: 8685e600502f463d8921e6e681ddc431\nname: 이진숙\nbirth_year: 1961\nage: 65\nsex: 여자\nresidence:\n  province: 경기\n  district: 경기-광명시\n  region_class: 수도권\neducation:\n  level: 중학교\n  field: null\noccupation: 요양 보호사\nfamily_type: 배우자와 거주\nhousing_type: 주택 이외의 거처\nmarriage:\n  status: 배우자있음\n  marriage_year: 1991\n  spouse_death_year: null\n  divorce_year: null\nchildren:\n- name: 이수정\n  age: 32\n  sex: 여자\n  living_with: false\npreferences:\n  food: 비빔밥\n  food_source: text\n  hobby: 등산\n  hobby_source: text\n  culture: 트로트\n  culture_source: random\nhealth:\n  conditions:\n  - 관절염\n  - 위염\n  medications:\n  - 아세트아미노펜\n  - 셀레콕시브\n  - 라베프라졸\n  - 오메프라졸\n'],요양 보호사입니다.,이진숙 씨의 직업: 요양 보호사.,1.0,0.5164436000075764,0.9999999999,1.0,2,P009-Q02-T-직업,T-직업,요양 보호사
이진숙 씨의 최종 학력은 무엇인가요?,['id: P009\nuuid: 8685e600502f463d8921e6e681ddc431\nname: 이진숙\nbirth_year: 1961\nage: 65\nsex: 여자\nresidence:\n  province: 경기\n  district: 경기-광명시\n  region_class: 수도권\neducation:\n  level: 중학교\n  field: null\noccupation: 요양 보호사\nfamily_type: 배우자와 거주\nhousing_type: 주택 이외의 거처\nmarriage:\n  status: 배우자있음\n  marriage_year: 1991\n  spouse_death_year: null\n  divorce_year: null\nchildren:\n- name: 이수정\n  age: 32\n  sex: 여자\n  living_with: false\npreferences:\n  food: 비빔밥\n  food_source: text\n  hobby: 등산\n  hobby_source: text\n  culture: 트로트\n  culture_source: random\nhealth:\n  conditions:\n  - 관절염\n  - 위염\n  medications:\n  - 아세트아미노펜\n  - 셀레콕시브\n  - 라베프라졸\n  - 오메프라졸\n'],이진숙 씨의 최종 학력은 중학교입니다.,이진숙 씨의 최종 학력: 중학교.,1.0,0.9089092464707642,0.9999999999,1.0,2,P009-Q03-T-학력,T-학력,중학교
이진숙 씨는 경상북에 살고 있다. (참/거짓),['id: P009\nuuid: 8685e600502f463d8921e6e681ddc431\nname: 이진숙\nbirth_year: 1961\nage: 65\nsex: 여자\nresidence:\n  province: 경기\n  district: 경기-광명시\n  region_class: 수도권\neducation:\n  level: 중학교\n  field: null\noccupation: 요양 보호사\nfamily_type: 배우자와 거주\nhousing_type: 주택 이외의 거처\nmarriage:\n  status: 배우자있음\n  marriage_year: 1991\n  spouse_death_year: null\n  divorce_year: null\nchildren:\n- name: 이수정\n  age: 32\n  sex: 여자\n  living_with: false\npreferences:\n  food: 비빔밥\n  food_source: text\n  hobby: 등산\n  hobby_source: text\n  culture: 트로트\n  culture_source: random\nhealth:\n  conditions:\n  - 관절염\n  - 위염\n  medications:\n  - 아세트아미노펜\n  - 셀레콕시브\n  - 라베프라졸\n  - 오메프라졸\n'],"F, 이진숙 씨는 경기도에 살고 있다.",제공된 페르소나 정보 기준 이진숙 씨의 거주지: 경기 광명시.,1.0,0.4841509769736146,0.9999999999,0.5,2,P009-Q04-F-반대,F-반대,F
이진숙 씨의 반려동물의 이름은 무엇인가요?,['id: P009\nuuid: 8685e600502f463d8921e6e681ddc431\nname: 이진숙\nbirth_year: 1961\nage: 65\nsex: 여자\nresidence:\n  province: 경기\n  district: 경기-광명시\n  region_class: 수도권\neducation:\n  level: 중학교\n  field: null\noccupation: 요양 보호사\nfamily_type: 배우자와 거주\nhousing_type: 주택 이외의 거처\nmarriage:\n  status: 배우자있음\n  marriage_year: 1991\n  spouse_death_year: null\n  divorce_year: null\nchildren:\n- name: 이수정\n  age: 32\n  sex: 여자\n  living_with: false\npreferences:\n  food: 비빔밥\n  food_source: text\n  hobby: 등산\n  hobby_source: text\n  culture: 트로트\n  culture_source: random\nhealth:\n  conditions:\n  - 관절염\n  - 위염\n  medications:\n  - 아세트아미노펜\n  - 셀레콕시브\n  - 라베프라졸\n  - 오메프라졸\n'],정보 없음,제공된 페르소나 정보에는 이진숙 씨에 대해 질문한 사실이 없습니다.,1.0,0.0,0.0,0.0,2,P009-Q05-F-비존재,F-비존재,정보 없음
이진숙 씨는 1976년에 결혼했다. (참/거짓),['id: P009\nuuid: 8685e600502f463d8921e6e681ddc431\nname: 이진숙\nbirth_year: 1961\nage: 65\nsex: 여자\nresidence:\n  province: 경기\n  district: 경기-광명시\n  region_class: 수도권\neducation:\n  level: 중학교\n  field: null\noccupation: 요양 보호사\nfamily_type: 배우자와 거주\nhousing_type: 주택 이외의 거처\nmarriage:\n  status: 배우자있음\n  marriage_year: 1991\n  spouse_death_year: null\n  divorce_year: null\nchildren:\n- name: 이수정\n  age: 32\n  sex: 여자\n  living_with: false\npreferences:\n  food: 비빔밥\n  food_source: text\n  hobby: 등산\n  hobby_source: text\n  culture: 트로트\n  culture_source: random\nhealth:\n  conditions:\n  - 관절염\n  - 위염\n  medications:\n  - 아세트아미노펜\n  - 셀레콕시브\n  - 라베프라졸\n  - 오메프라졸\n'],"F, 이진숙 씨는 1991년에 결혼했다.",제공된 페르소나 정보 기준 이진숙 씨의 결혼 정보: 1991년에 결혼.,1.0,0.4949711466187178,0.9999999999,1.0,2,P009-Q06-F-시점오류,F-시점오류,F
이진숙 씨의 직업은 요양 시설 청소원이다. (참/거짓),['id: P009\nuuid: 8685e600502f463d8921e6e681ddc431\nname: 이진숙\nbirth_year: 1961\nage: 65\nsex: 여자\nresidence:\n  province: 경기\n  district: 경기-광명시\n  region_class: 수도권\neducation:\n  level: 중학교\n  field: null\noccupation: 요양 보호사\nfamily_type: 배우자와 거주\nhousing_type: 주택 이외의 거처\nmarriage:\n  status: 배우자있음\n  marriage_year: 1991\n  spouse_death_year: null\n  divorce_year: null\nchildren:\n- name: 이수정\n  age: 32\n  sex: 여자\n  living_with: false\npreferences:\n  food: 비빔밥\n  food_source: text\n  hobby: 등산\n  hobby_source: text\n  culture: 트로트\n  culture_source: random\nhealth:\n  conditions:\n  - 관절염\n  - 위염\n  medications:\n  - 아세트아미노펜\n  - 셀레콕시브\n  - 라베프라졸\n  - 오메프라졸\n'],F. 이진숙 씨의 직업은 요양 보호사이다.,제공된 페르소나 정보 기준 이진숙 씨의 직업: 요양 보호사.,1.0,0.6688223179966496,0.9999999999,1.0,2,P009-Q07-ADV-부분일치,ADV-부분일치,F
이진숙 씨는 1992년에 결혼했다. (참/거짓),['id: P009\nuuid: 8685e600502f463d8921e6e681ddc431\nname: 이진숙\nbirth_year: 1961\nage: 65\nsex: 여자\nresidence:\n  province: 경기\n  district: 경기-광명시\n  region_class: 수도권\neducation:\n  level: 중학교\n  field: null\noccupation: 요양 보호사\nfamily_type: 배우자와 거주\nhousing_type: 주택 이외의 거처\nmarriage:\n  status: 배우자있음\n  marriage_year: 1991\n  spouse_death_year: null\n  divorce_year: null\nchildren:\n- name: 이수정\n  age: 32\n  sex: 여자\n  living_with: false\npreferences:\n  food: 비빔밥\n  food_source: text\n  hobby: 등산\n  hobby_source: text\n  culture: 트로트\n  culture_source: random\nhealth:\n  conditions:\n  - 관절염\n  - 위염\n  medications:\n  - 아세트아미노펜\n  - 셀레콕시브\n  - 라베프라졸\n  - 오메프라졸\n'],F. 이진숙 씨는 1991년에 결혼했다.,제공된 페르소나 정보 기준 이진숙 씨의 결혼 정보: 1991년에 결혼.,1.0,0.8199547579207208,0.9999999999,0.0,2,P009-Q08-ADV-시점근접,ADV-시점근접,F
이진숙 씨의 자녀 이름은 이은영이다. (참/거짓),['id: P009\nuuid: 8685e600502f463d8921e6e681ddc431\nname: 이진숙\nbirth_year: 1961\nage: 65\nsex: 여자\nresidence:\n  province: 경기\n  district: 경기-광명시\n  region_class: 수도권\neducation:\n  level: 중학교\n  field: null\noccupation: 요양 보호사\nfamily_type: 배우자와 거주\nhousing_type: 주택 이외의 거처\nmarriage:\n  status: 배우자있음\n  marriage_year: 1991\n  spouse_death_year: null\n  divorce_year: null\nchildren:\n- name: 이수정\n  age: 32\n  sex: 여자\n  living_with: false\npreferences:\n  food: 비빔밥\n  food_source: text\n  hobby: 등산\n  hobby_source: text\n  culture: 트로트\n  culture_source: random\nhealth:\n  conditions:\n  - 관절염\n  - 위염\n  medications:\n  - 아세트아미노펜\n  - 셀레콕시브\n  - 라베프라졸\n  - 오메프라졸\n'],"F, 이진숙 씨의 자녀 이름은 이수정이다.",제공된 페르소나 정보 기준 이진숙 씨의 자녀 정보: 자녀 1명(이수정).,1.0,0.4923321765482719,0.9999999999,0.5,2,P009-Q09-ADV-유사인물,ADV-유사인물,F
오양순 씨의 거주지는 어디인가요?,['id: P010\nuuid: 2cabd6dfddfa4a3fadd74a89aa249601\nname: 오양순\nbirth_year: 1964\nage: 62\nsex: 여자\nresidence:\n  province: 서울\n  district: 서울-중랑구\n  region_class: 수도권\neducation:\n  level: 중학교\n  field: null\noccupation: 무직\nfamily_type: 배우자와 거주\nhousing_type: 다세대주택\nmarriage:\n  status: 배우자있음\n  marriage_year: 1992\n  spouse_death_year: null\n  divorce_year: null\nchildren:\n- name: 오은영\n  age: 33\n  sex: 여자\n  living_with: false\n- name: 오민수\n  age: 31\n  sex: 남자\n  living_with: false\n- name: 오수진\n  age: 29\n  sex: 여자\n  living_with: false\npreferences:\n  food: 곰탕\n  food_source: random\n  hobby: 산책\n  hobby_source: text\n  culture: 임영웅 노래\n  culture_source: random\nhealth:\n  conditions:\n  - 백내장\n  medications: []\n'],오양순 씨의 거주지는 서울-중랑구입니다.,오양순 씨의 거주지: 서울 중랑구.,1.0,0.930479564693747,0.9999999999,1.0,2,P010-Q01-T-거주지,T-거주지,서울 중랑구
오양순 씨의 직업은 무엇인가요?,['id: P010\nuuid: 2cabd6dfddfa4a3fadd74a89aa249601\nname: 오양순\nbirth_year: 1964\nage: 62\nsex: 여자\nresidence:\n  province: 서울\n  district: 서울-중랑구\n  region_class: 수도권\neducation:\n  level: 중학교\n  field: null\noccupation: 무직\nfamily_type: 배우자와 거주\nhousing_type: 다세대주택\nmarriage:\n  status: 배우자있음\n  marriage_year: 1992\n  spouse_death_year: null\n  divorce_year: null\nchildren:\n- name: 오은영\n  age: 33\n  sex: 여자\n  living_with: false\n- name: 오민수\n  age: 31\n  sex: 남자\n  living_with: false\n- name: 오수진\n  age: 29\n  sex: 여자\n  living_with: false\npreferences:\n  food: 곰탕\n  food_source: random\n  hobby: 산책\n  hobby_source: text\n  culture: 임영웅 노래\n  culture_source: random\nhealth:\n  conditions:\n  - 백내장\n  medications: []\n'],오양순 씨의 직업은 무직입니다.,오양순 씨의 직업: 무직.,1.0,0.9659338289393958,0.9999999999,1.0,2,P010-Q02-T-직업,T-직업,무직
오양순 씨의 최종 학력은 무엇인가요?,['id: P010\nuuid: 2cabd6dfddfa4a3fadd74a89aa249601\nname: 오양순\nbirth_year: 1964\nage: 62\nsex: 여자\nresidence:\n  province: 서울\n  district: 서울-중랑구\n  region_class: 수도권\neducation:\n  level: 중학교\n  field: null\noccupation: 무직\nfamily_type: 배우자와 거주\nhousing_type: 다세대주택\nmarriage:\n  status: 배우자있음\n  marriage_year: 1992\n  spouse_death_year: null\n  divorce_year: null\nchildren:\n- name: 오은영\n  age: 33\n  sex: 여자\n  living_with: false\n- name: 오민수\n  age: 31\n  sex: 남자\n  living_with: false\n- name: 오수진\n  age: 29\n  sex: 여자\n  living_with: false\npreferences:\n  food: 곰탕\n  food_source: random\n  hobby: 산책\n  hobby_source: text\n  culture: 임영웅 노래\n  culture_source: random\nhealth:\n  conditions:\n  - 백내장\n  medications: []\n'],오양순 씨의 최종 학력은 중학교입니다.,오양순 씨의 최종 학력: 중학교.,1.0,0.9011338358656324,0.9999999999,1.0,2,P010-Q03-T-학력,T-학력,중학교
오양순 씨는 전북에 살고 있다. (참/거짓),['id: P010\nuuid: 2cabd6dfddfa4a3fadd74a89aa249601\nname: 오양순\nbirth_year: 1964\nage: 62\nsex: 여자\nresidence:\n  province: 서울\n  district: 서울-중랑구\n  region_class: 수도권\neducation:\n  level: 중학교\n  field: null\noccupation: 무직\nfamily_type: 배우자와 거주\nhousing_type: 다세대주택\nmarriage:\n  status: 배우자있음\n  marriage_year: 1992\n  spouse_death_year: null\n  divorce_year: null\nchildren:\n- name: 오은영\n  age: 33\n  sex: 여자\n  living_with: false\n- name: 오민수\n  age: 31\n  sex: 남자\n  living_with: false\n- name: 오수진\n  age: 29\n  sex: 여자\n  living_with: false\npreferences:\n  food: 곰탕\n  food_source: random\n  hobby: 산책\n  hobby_source: text\n  culture: 임영웅 노래\n  culture_source: random\nhealth:\n  conditions:\n  - 백내장\n  medications: []\n'],F. 오양순 씨는 서울에 살고 있다.,제공된 페르소나 정보 기준 오양순 씨의 거주지: 서울 중랑구.,1.0,0.7117950848496858,0.0,0.0,2,P010-Q04-F-반대,F-반대,F
오양순 씨의 최근 가입한 동호회의 이름은 무엇인가요?,['id: P010\nuuid: 2cabd6dfddfa4a3fadd74a89aa249601\nname: 오양순\nbirth_year: 1964\nage: 62\nsex: 여자\nresidence:\n  province: 서울\n  district: 서울-중랑구\n  region_class: 수도권\neducation:\n  level: 중학교\n  field: null\noccupation: 무직\nfamily_type: 배우자와 거주\nhousing_type: 다세대주택\nmarriage:\n  status: 배우자있음\n  marriage_year: 1992\n  spouse_death_year: null\n  divorce_year: null\nchildren:\n- name: 오은영\n  age: 33\n  sex: 여자\n  living_with: false\n- name: 오민수\n  age: 31\n  sex: 남자\n  living_with: false\n- name: 오수진\n  age: 29\n  sex: 여자\n  living_with: false\npreferences:\n  food: 곰탕\n  food_source: random\n  hobby: 산책\n  hobby_source: text\n  culture: 임영웅 노래\n  culture_source: random\nhealth:\n  conditions:\n  - 백내장\n  medications: []\n'],정보 없음,제공된 페르소나 정보에는 오양순 씨에 대해 질문한 사실이 없습니다.,1.0,0.0,0.0,0.0,2,P010-Q05-F-비존재,F-비존재,정보 없음
오양순 씨는 2002년에 결혼했다. (참/거짓),['id: P010\nuuid: 2cabd6dfddfa4a3fadd74a89aa249601\nname: 오양순\nbirth_year: 1964\nage: 62\nsex: 여자\nresidence:\n  province: 서울\n  district: 서울-중랑구\n  region_class: 수도권\neducation:\n  level: 중학교\n  field: null\noccupation: 무직\nfamily_type: 배우자와 거주\nhousing_type: 다세대주택\nmarriage:\n  status: 배우자있음\n  marriage_year: 1992\n  spouse_death_year: null\n  divorce_year: null\nchildren:\n- name: 오은영\n  age: 33\n  sex: 여자\n  living_with: false\n- name: 오민수\n  age: 31\n  sex: 남자\n  living_with: false\n- name: 오수진\n  age: 29\n  sex: 여자\n  living_with: false\npreferences:\n  food: 곰탕\n  food_source: random\n  hobby: 산책\n  hobby_source: text\n  culture: 임영웅 노래\n  culture_source: random\nhealth:\n  conditions:\n  - 백내장\n  medications: []\n'],F. 오양순 씨는 1992년에 결혼했습니다.,제공된 페르소나 정보 기준 오양순 씨의 결혼 정보: 1992년에 결혼.,1.0,0.6292522525160483,0.9999999999,1.0,2,P010-Q06-F-시점오류,F-시점오류,F
오양순 씨는 서울 중랑시에 산다. (참/거짓),['id: P010\nuuid: 2cabd6dfddfa4a3fadd74a89aa249601\nname: 오양순\nbirth_year: 1964\nage: 62\nsex: 여자\nresidence:\n  province: 서울\n  district: 서울-중랑구\n  region_class: 수도권\neducation:\n  level: 중학교\n  field: null\noccupation: 무직\nfamily_type: 배우자와 거주\nhousing_type: 다세대주택\nmarriage:\n  status: 배우자있음\n  marriage_year: 1992\n  spouse_death_year: null\n  divorce_year: null\nchildren:\n- name: 오은영\n  age: 33\n  sex: 여자\n  living_with: false\n- name: 오민수\n  age: 31\n  sex: 남자\n  living_with: false\n- name: 오수진\n  age: 29\n  sex: 여자\n  living_with: false\npreferences:\n  food: 곰탕\n  food_source: random\n  hobby: 산책\n  hobby_source: text\n  culture: 임영웅 노래\n  culture_source: random\nhealth:\n  conditions:\n  - 백내장\n  medications: []\n'],F. 오양순 씨는 서울 중랑구에 산다.,제공된 페르소나 정보 기준 오양순 씨의 거주지: 서울 중랑구.,0.5,0.6862135776709808,0.9999999999,1.0,2,P010-Q07-ADV-부분일치,ADV-부분일치,F
오양순 씨는 1993년에 결혼했다. (참/거짓),['id: P010\nuuid: 2cabd6dfddfa4a3fadd74a89aa249601\nname: 오양순\nbirth_year: 1964\nage: 62\nsex: 여자\nresidence:\n  province: 서울\n  district: 서울-중랑구\n  region_class: 수도권\neducation:\n  level: 중학교\n  field: null\noccupation: 무직\nfamily_type: 배우자와 거주\nhousing_type: 다세대주택\nmarriage:\n  status: 배우자있음\n  marriage_year: 1992\n  spouse_death_year: null\n  divorce_year: null\nchildren:\n- name: 오은영\n  age: 33\n  sex: 여자\n  living_with: false\n- name: 오민수\n  age: 31\n  sex: 남자\n  living_with: false\n- name: 오수진\n  age: 29\n  sex: 여자\n  living_with: false\npreferences:\n  food: 곰탕\n  food_source: random\n  hobby: 산책\n  hobby_source: text\n  culture: 임영웅 노래\n  culture_source: random\nhealth:\n  conditions:\n  - 백내장\n  medications: []\n'],"F, 오양순 씨는 1992년에 결혼했다.",제공된 페르소나 정보 기준 오양순 씨의 결혼 정보: 1992년에 결혼.,1.0,0.8172409901810226,0.9999999999,1.0,2,P010-Q08-ADV-시점근접,ADV-시점근접,F
오양순 씨의 자녀 이름은 오미경이다. (참/거짓),['id: P010\nuuid: 2cabd6dfddfa4a3fadd74a89aa249601\nname: 오양순\nbirth_year: 1964\nage: 62\nsex: 여자\nresidence:\n  province: 서울\n  district: 서울-중랑구\n  region_class: 수도권\neducation:\n  level: 중학교\n  field: null\noccupation: 무직\nfamily_type: 배우자와 거주\nhousing_type: 다세대주택\nmarriage:\n  status: 배우자있음\n  marriage_year: 1992\n  spouse_death_year: null\n  divorce_year: null\nchildren:\n- name: 오은영\n  age: 33\n  sex: 여자\n  living_with: false\n- name: 오민수\n  age: 31\n  sex: 남자\n  living_with: false\n- name: 오수진\n  age: 29\n  sex: 여자\n  living_with: false\npreferences:\n  food: 곰탕\n  food_source: random\n  hobby: 산책\n  hobby_source: text\n  culture: 임영웅 노래\n  culture_source: random\nhealth:\n  conditions:\n  - 백내장\n  medications: []\n'],"F, 오양순 씨의 자녀 이름은 오은영, 오민수, 오수진이다.","제공된 페르소나 정보 기준 오양순 씨의 자녀 정보: 자녀 3명(오은영, 오민수, 오수진).",1.0,0.7330883601877026,0.0,0.5,2,P010-Q09-ADV-유사인물,ADV-유사인물,F
김인재 씨의 거주지는 어디인가요?,['id: P011\nuuid: 1df645cc5f524089ab86d2e72e426441\nname: 김인재\nbirth_year: 1953\nage: 73\nsex: 남자\nresidence:\n  province: 경기\n  district: 경기-남양주시\n  region_class: 수도권\neducation:\n  level: 초등학교\n  field: null\noccupation: 그 외 상점 판매원\nfamily_type: 배우자·자녀와 거주\nhousing_type: 아파트\nmarriage:\n  status: 배우자있음\n  marriage_year: 1986\n  spouse_death_year: null\n  divorce_year: null\nchildren:\n- name: 김정우\n  age: 37\n  sex: 남자\n  living_with: true\n- name: 김상현\n  age: 33\n  sex: 남자\n  living_with: false\npreferences:\n  food: 김밥\n  food_source: text\n  hobby: 산책\n  hobby_source: text\n  culture: 이미자 노래\n  culture_source: random\nhealth:\n  conditions:\n  - 백내장\n  - 전립선비대\n  medications:\n  - 탐스로신\n'],김인재 씨의 거주지는 경기 남양주시입니다.,김인재 씨의 거주지: 경기 남양주시.,1.0,0.9415793993239392,0.9999999999,1.0,2,P011-Q01-T-거주지,T-거주지,경기 남양주시
김인재 씨의 직업은 무엇인가요?,['id: P011\nuuid: 1df645cc5f524089ab86d2e72e426441\nname: 김인재\nbirth_year: 1953\nage: 73\nsex: 남자\nresidence:\n  province: 경기\n  district: 경기-남양주시\n  region_class: 수도권\neducation:\n  level: 초등학교\n  field: null\noccupation: 그 외 상점 판매원\nfamily_type: 배우자·자녀와 거주\nhousing_type: 아파트\nmarriage:\n  status: 배우자있음\n  marriage_year: 1986\n  spouse_death_year: null\n  divorce_year: null\nchildren:\n- name: 김정우\n  age: 37\n  sex: 남자\n  living_with: true\n- name: 김상현\n  age: 33\n  sex: 남자\n  living_with: false\npreferences:\n  food: 김밥\n  food_source: text\n  hobby: 산책\n  hobby_source: text\n  culture: 이미자 노래\n  culture_source: random\nhealth:\n  conditions:\n  - 백내장\n  - 전립선비대\n  medications:\n  - 탐스로신\n'],김인재 씨의 직업은 그 외 상점 판매원입니다.,김인재 씨의 직업: 그 외 상점 판매원.,1.0,0.964103754804927,0.9999999999,1.0,2,P011-Q02-T-직업,T-직업,그 외 상점 판매원
김인재 씨의 최종 학력은 무엇인가요?,['id: P011\nuuid: 1df645cc5f524089ab86d2e72e426441\nname: 김인재\nbirth_year: 1953\nage: 73\nsex: 남자\nresidence:\n  province: 경기\n  district: 경기-남양주시\n  region_class: 수도권\neducation:\n  level: 초등학교\n  field: null\noccupation: 그 외 상점 판매원\nfamily_type: 배우자·자녀와 거주\nhousing_type: 아파트\nmarriage:\n  status: 배우자있음\n  marriage_year: 1986\n  spouse_death_year: null\n  divorce_year: null\nchildren:\n- name: 김정우\n  age: 37\n  sex: 남자\n  living_with: true\n- name: 김상현\n  age: 33\n  sex: 남자\n  living_with: false\npreferences:\n  food: 김밥\n  food_source: text\n  hobby: 산책\n  hobby_source: text\n  culture: 이미자 노래\n  culture_source: random\nhealth:\n  conditions:\n  - 백내장\n  - 전립선비대\n  medications:\n  - 탐스로신\n'],김인재 씨의 최종 학력은 초등학교입니다.,김인재 씨의 최종 학력: 초등학교.,1.0,0.9132249896051968,0.9999999999,1.0,2,P011-Q03-T-학력,T-학력,초등학교
김인재 씨는 전라남에 살고 있다. (참/거짓),['id: P011\nuuid: 1df645cc5f524089ab86d2e72e426441\nname: 김인재\nbirth_year: 1953\nage: 73\nsex: 남자\nresidence:\n  province: 경기\n  district: 경기-남양주시\n  region_class: 수도권\neducation:\n  level: 초등학교\n  field: null\noccupation: 그 외 상점 판매원\nfamily_type: 배우자·자녀와 거주\nhousing_type: 아파트\nmarriage:\n  status: 배우자있음\n  marriage_year: 1986\n  spouse_death_year: null\n  divorce_year: null\nchildren:\n- name: 김정우\n  age: 37\n  sex: 남자\n  living_with: true\n- name: 김상현\n  age: 33\n  sex: 남자\n  living_with: false\npreferences:\n  food: 김밥\n  food_source: text\n  hobby: 산책\n  hobby_source: text\n  culture: 이미자 노래\n  culture_source: random\nhealth:\n  conditions:\n  - 백내장\n  - 전립선비대\n  medications:\n  - 탐스로신\n'],F. 김인재 씨는 경기도에 살고 있다.,제공된 페르소나 정보 기준 김인재 씨의 거주지: 경기 남양주시.,1.0,0.684242622209751,0.9999999999,0.0,2,P011-Q04-F-반대,F-반대,F
김인재 씨의 최근 가입한 동호회의 이름은 무엇인가요?,['id: P011\nuuid: 1df645cc5f524089ab86d2e72e426441\nname: 김인재\nbirth_year: 1953\nage: 73\nsex: 남자\nresidence:\n  province: 경기\n  district: 경기-남양주시\n  region_class: 수도권\neducation:\n  level: 초등학교\n  field: null\noccupation: 그 외 상점 판매원\nfamily_type: 배우자·자녀와 거주\nhousing_type: 아파트\nmarriage:\n  status: 배우자있음\n  marriage_year: 1986\n  spouse_death_year: null\n  divorce_year: null\nchildren:\n- name: 김정우\n  age: 37\n  sex: 남자\n  living_with: true\n- name: 김상현\n  age: 33\n  sex: 남자\n  living_with: false\npreferences:\n  food: 김밥\n  food_source: text\n  hobby: 산책\n  hobby_source: text\n  culture: 이미자 노래\n  culture_source: random\nhealth:\n  conditions:\n  - 백내장\n  - 전립선비대\n  medications:\n  - 탐스로신\n'],정보 없음,제공된 페르소나 정보에는 김인재 씨에 대해 질문한 사실이 없습니다.,1.0,0.0,0.0,0.0,2,P011-Q05-F-비존재,F-비존재,정보 없음
김인재 씨는 1971년에 결혼했다. (참/거짓),['id: P011\nuuid: 1df645cc5f524089ab86d2e72e426441\nname: 김인재\nbirth_year: 1953\nage: 73\nsex: 남자\nresidence:\n  province: 경기\n  district: 경기-남양주시\n  region_class: 수도권\neducation:\n  level: 초등학교\n  field: null\noccupation: 그 외 상점 판매원\nfamily_type: 배우자·자녀와 거주\nhousing_type: 아파트\nmarriage:\n  status: 배우자있음\n  marriage_year: 1986\n  spouse_death_year: null\n  divorce_year: null\nchildren:\n- name: 김정우\n  age: 37\n  sex: 남자\n  living_with: true\n- name: 김상현\n  age: 33\n  sex: 남자\n  living_with: false\npreferences:\n  food: 김밥\n  food_source: text\n  hobby: 산책\n  hobby_source: text\n  culture: 이미자 노래\n  culture_source: random\nhealth:\n  conditions:\n  - 백내장\n  - 전립선비대\n  medications:\n  - 탐스로신\n'],F. 김인재 씨는 1986년에 결혼했다.,제공된 페르소나 정보 기준 김인재 씨의 결혼 정보: 1986년에 결혼.,1.0,0.6177157452169709,0.9999999999,1.0,2,P011-Q06-F-시점오류,F-시점오류,F
김인재 씨의 직업은 편의점 판매원이다. (참/거짓),['id: P011\nuuid: 1df645cc5f524089ab86d2e72e426441\nname: 김인재\nbirth_year: 1953\nage: 73\nsex: 남자\nresidence:\n  province: 경기\n  district: 경기-남양주시\n  region_class: 수도권\neducation:\n  level: 초등학교\n  field: null\noccupation: 그 외 상점 판매원\nfamily_type: 배우자·자녀와 거주\nhousing_type: 아파트\nmarriage:\n  status: 배우자있음\n  marriage_year: 1986\n  spouse_death_year: null\n  divorce_year: null\nchildren:\n- name: 김정우\n  age: 37\n  sex: 남자\n  living_with: true\n- name: 김상현\n  age: 33\n  sex: 남자\n  living_with: false\npreferences:\n  food: 김밥\n  food_source: text\n  hobby: 산책\n  hobby_source: text\n  culture: 이미자 노래\n  culture_source: random\nhealth:\n  conditions:\n  - 백내장\n  - 전립선비대\n  medications:\n  - 탐스로신\n'],F. 김인재 씨의 직업은 '그 외 상점 판매원'이다.,제공된 페르소나 정보 기준 김인재 씨의 직업: 그 외 상점 판매원.,1.0,0.6505650104859677,0.9999999999,1.0,2,P011-Q07-ADV-부분일치,ADV-부분일치,F
김인재 씨는 1985년에 결혼했다. (참/거짓),['id: P011\nuuid: 1df645cc5f524089ab86d2e72e426441\nname: 김인재\nbirth_year: 1953\nage: 73\nsex: 남자\nresidence:\n  province: 경기\n  district: 경기-남양주시\n  region_class: 수도권\neducation:\n  level: 초등학교\n  field: null\noccupation: 그 외 상점 판매원\nfamily_type: 배우자·자녀와 거주\nhousing_type: 아파트\nmarriage:\n  status: 배우자있음\n  marriage_year: 1986\n  spouse_death_year: null\n  divorce_year: null\nchildren:\n- name: 김정우\n  age: 37\n  sex: 남자\n  living_with: true\n- name: 김상현\n  age: 33\n  sex: 남자\n  living_with: false\npreferences:\n  food: 김밥\n  food_source: text\n  hobby: 산책\n  hobby_source: text\n  culture: 이미자 노래\n  culture_source: random\nhealth:\n  conditions:\n  - 백내장\n  - 전립선비대\n  medications:\n  - 탐스로신\n'],F. 김인재 씨는 1986년에 결혼했다.,제공된 페르소나 정보 기준 김인재 씨의 결혼 정보: 1986년에 결혼.,1.0,0.6244080201786223,0.9999999999,0.0,2,P011-Q08-ADV-시점근접,ADV-시점근접,F
김인재 씨의 자녀 이름은 김준호이다. (참/거짓),['id: P011\nuuid: 1df645cc5f524089ab86d2e72e426441\nname: 김인재\nbirth_year: 1953\nage: 73\nsex: 남자\nresidence:\n  province: 경기\n  district: 경기-남양주시\n  region_class: 수도권\neducation:\n  level: 초등학교\n  field: null\noccupation: 그 외 상점 판매원\nfamily_type: 배우자·자녀와 거주\nhousing_type: 아파트\nmarriage:\n  status: 배우자있음\n  marriage_year: 1986\n  spouse_death_year: null\n  divorce_year: null\nchildren:\n- name: 김정우\n  age: 37\n  sex: 남자\n  living_with: true\n- name: 김상현\n  age: 33\n  sex: 남자\n  living_with: false\npreferences:\n  food: 김밥\n  food_source: text\n  hobby: 산책\n  hobby_source: text\n  culture: 이미자 노래\n  culture_source: random\nhealth:\n  conditions:\n  - 백내장\n  - 전립선비대\n  medications:\n  - 탐스로신\n'],F. 김인재 씨의 자녀 이름은 김정우와 김상현이다.,"제공된 페르소나 정보 기준 김인재 씨의 자녀 정보: 자녀 2명(김정우, 김상현).",1.0,0.6724108029694517,0.0,0.0,2,P011-Q09-ADV-유사인물,ADV-유사인물,F
이종덕 씨의 거주지는 어디인가요?,['id: P012\nuuid: acc0004936b94236b86a8da148a5b884\nname: 이종덕\nbirth_year: 1951\nage: 75\nsex: 남자\nresidence:\n  province: 서울\n  district: 서울-서초구\n  region_class: 수도권\neducation:\n  level: 고등학교\n  field: null\noccupation: 무직\nfamily_type: 배우자와 거주\nhousing_type: 아파트\nmarriage:\n  status: 배우자있음\n  marriage_year: 1978\n  spouse_death_year: null\n  divorce_year: null\nchildren:\n- name: 이은주\n  age: 47\n  sex: 여자\n  living_with: false\n- name: 이광호\n  age: 45\n  sex: 남자\n  living_with: false\npreferences:\n  food: 청국장\n  food_source: text\n  hobby: 독서\n  hobby_source: random\n  culture: 전국노래자랑\n  culture_source: text\nhealth:\n  conditions:\n  - 위염\n  - 관절염\n  medications:\n  - 라베프라졸\n  - 오메프라졸\n  - 아세트아미노펜\n  - 셀레콕시브\n'],이종덕 씨의 거주지는 서울 서초구입니다.,이종덕 씨의 거주지: 서울 서초구.,1.0,0.9301364871354704,0.9999999999,1.0,2,P012-Q01-T-거주지,T-거주지,서울 서초구
이종덕 씨의 직업은 무엇인가요?,['id: P012\nuuid: acc0004936b94236b86a8da148a5b884\nname: 이종덕\nbirth_year: 1951\nage: 75\nsex: 남자\nresidence:\n  province: 서울\n  district: 서울-서초구\n  region_class: 수도권\neducation:\n  level: 고등학교\n  field: null\noccupation: 무직\nfamily_type: 배우자와 거주\nhousing_type: 아파트\nmarriage:\n  status: 배우자있음\n  marriage_year: 1978\n  spouse_death_year: null\n  divorce_year: null\nchildren:\n- name: 이은주\n  age: 47\n  sex: 여자\n  living_with: false\n- name: 이광호\n  age: 45\n  sex: 남자\n  living_with: false\npreferences:\n  food: 청국장\n  food_source: text\n  hobby: 독서\n  hobby_source: random\n  culture: 전국노래자랑\n  culture_source: text\nhealth:\n  conditions:\n  - 위염\n  - 관절염\n  medications:\n  - 라베프라졸\n  - 오메프라졸\n  - 아세트아미노펜\n  - 셀레콕시브\n'],이종덕 씨의 직업은 무직입니다.,이종덕 씨의 직업: 무직.,1.0,0.9622574347651804,0.9999999999,1.0,2,P012-Q02-T-직업,T-직업,무직
이종덕 씨의 최종 학력은 무엇인가요?,['id: P012\nuuid: acc0004936b94236b86a8da148a5b884\nname: 이종덕\nbirth_year: 1951\nage: 75\nsex: 남자\nresidence:\n  province: 서울\n  district: 서울-서초구\n  region_class: 수도권\neducation:\n  level: 고등학교\n  field: null\noccupation: 무직\nfamily_type: 배우자와 거주\nhousing_type: 아파트\nmarriage:\n  status: 배우자있음\n  marriage_year: 1978\n  spouse_death_year: null\n  divorce_year: null\nchildren:\n- name: 이은주\n  age: 47\n  sex: 여자\n  living_with: false\n- name: 이광호\n  age: 45\n  sex: 남자\n  living_with: false\npreferences:\n  food: 청국장\n  food_source: text\n  hobby: 독서\n  hobby_source: random\n  culture: 전국노래자랑\n  culture_source: text\nhealth:\n  conditions:\n  - 위염\n  - 관절염\n  medications:\n  - 라베프라졸\n  - 오메프라졸\n  - 아세트아미노펜\n  - 셀레콕시브\n'],이종덕 씨의 최종 학력은 고등학교입니다.,이종덕 씨의 최종 학력: 고등학교.,1.0,0.91361850499069,0.9999999999,1.0,2,P012-Q03-T-학력,T-학력,고등학교
이종덕 씨는 전라남에 살고 있다. (참/거짓),['id: P012\nuuid: acc0004936b94236b86a8da148a5b884\nname: 이종덕\nbirth_year: 1951\nage: 75\nsex: 남자\nresidence:\n  province: 서울\n  district: 서울-서초구\n  region_class: 수도권\neducation:\n  level: 고등학교\n  field: null\noccupation: 무직\nfamily_type: 배우자와 거주\nhousing_type: 아파트\nmarriage:\n  status: 배우자있음\n  marriage_year: 1978\n  spouse_death_year: null\n  divorce_year: null\nchildren:\n- name: 이은주\n  age: 47\n  sex: 여자\n  living_with: false\n- name: 이광호\n  age: 45\n  sex: 남자\n  living_with: false\npreferences:\n  food: 청국장\n  food_source: text\n  hobby: 독서\n  hobby_source: random\n  culture: 전국노래자랑\n  culture_source: text\nhealth:\n  conditions:\n  - 위염\n  - 관절염\n  medications:\n  - 라베프라졸\n  - 오메프라졸\n  - 아세트아미노펜\n  - 셀레콕시브\n'],"F, 이종덕 씨는 서울에 살고 있다.",제공된 페르소나 정보 기준 이종덕 씨의 거주지: 서울 서초구.,1.0,0.7586352880430139,0.9999999999,0.0,2,P012-Q04-F-반대,F-반대,F
이종덕 씨의 반려동물의 이름은 무엇인가요?,['id: P012\nuuid: acc0004936b94236b86a8da148a5b884\nname: 이종덕\nbirth_year: 1951\nage: 75\nsex: 남자\nresidence:\n  province: 서울\n  district: 서울-서초구\n  region_class: 수도권\neducation:\n  level: 고등학교\n  field: null\noccupation: 무직\nfamily_type: 배우자와 거주\nhousing_type: 아파트\nmarriage:\n  status: 배우자있음\n  marriage_year: 1978\n  spouse_death_year: null\n  divorce_year: null\nchildren:\n- name: 이은주\n  age: 47\n  sex: 여자\n  living_with: false\n- name: 이광호\n  age: 45\n  sex: 남자\n  living_with: false\npreferences:\n  food: 청국장\n  food_source: text\n  hobby: 독서\n  hobby_source: random\n  culture: 전국노래자랑\n  culture_source: text\nhealth:\n  conditions:\n  - 위염\n  - 관절염\n  medications:\n  - 라베프라졸\n  - 오메프라졸\n  - 아세트아미노펜\n  - 셀레콕시브\n'],정보 없음,제공된 페르소나 정보에는 이종덕 씨에 대해 질문한 사실이 없습니다.,1.0,0.0,0.0,0.0,2,P012-Q05-F-비존재,F-비존재,정보 없음
이종덕 씨는 1993년에 결혼했다. (참/거짓),['id: P012\nuuid: acc0004936b94236b86a8da148a5b884\nname: 이종덕\nbirth_year: 1951\nage: 75\nsex: 남자\nresidence:\n  province: 서울\n  district: 서울-서초구\n  region_class: 수도권\neducation:\n  level: 고등학교\n  field: null\noccupation: 무직\nfamily_type: 배우자와 거주\nhousing_type: 아파트\nmarriage:\n  status: 배우자있음\n  marriage_year: 1978\n  spouse_death_year: null\n  divorce_year: null\nchildren:\n- name: 이은주\n  age: 47\n  sex: 여자\n  living_with: false\n- name: 이광호\n  age: 45\n  sex: 남자\n  living_with: false\npreferences:\n  food: 청국장\n  food_source: text\n  hobby: 독서\n  hobby_source: random\n  culture: 전국노래자랑\n  culture_source: text\nhealth:\n  conditions:\n  - 위염\n  - 관절염\n  medications:\n  - 라베프라졸\n  - 오메프라졸\n  - 아세트아미노펜\n  - 셀레콕시브\n'],F. 이종덕 씨는 1978년에 결혼했다.,제공된 페르소나 정보 기준 이종덕 씨의 결혼 정보: 1978년에 결혼.,1.0,0.5657444905881612,0.9999999999,1.0,2,P012-Q06-F-시점오류,F-시점오류,F
이종덕 씨는 서울 서초시에 산다. (참/거짓),['id: P012\nuuid: acc0004936b94236b86a8da148a5b884\nname: 이종덕\nbirth_year: 1951\nage: 75\nsex: 남자\nresidence:\n  province: 서울\n  district: 서울-서초구\n  region_class: 수도권\neducation:\n  level: 고등학교\n  field: null\noccupation: 무직\nfamily_type: 배우자와 거주\nhousing_type: 아파트\nmarriage:\n  status: 배우자있음\n  marriage_year: 1978\n  spouse_death_year: null\n  divorce_year: null\nchildren:\n- name: 이은주\n  age: 47\n  sex: 여자\n  living_with: false\n- name: 이광호\n  age: 45\n  sex: 남자\n  living_with: false\npreferences:\n  food: 청국장\n  food_source: text\n  hobby: 독서\n  hobby_source: random\n  culture: 전국노래자랑\n  culture_source: text\nhealth:\n  conditions:\n  - 위염\n  - 관절염\n  medications:\n  - 라베프라졸\n  - 오메프라졸\n  - 아세트아미노펜\n  - 셀레콕시브\n'],T. 이종덕 씨의 거주지는 서울-서초구로 명시되어 있습니다.,제공된 페르소나 정보 기준 이종덕 씨의 거주지: 서울 서초구.,1.0,0.6912291403877159,0.9999999999,1.0,2,P012-Q07-ADV-부분일치,ADV-부분일치,F
이종덕 씨는 1977년에 결혼했다. (참/거짓),['id: P012\nuuid: acc0004936b94236b86a8da148a5b884\nname: 이종덕\nbirth_year: 1951\nage: 75\nsex: 남자\nresidence:\n  province: 서울\n  district: 서울-서초구\n  region_class: 수도권\neducation:\n  level: 고등학교\n  field: null\noccupation: 무직\nfamily_type: 배우자와 거주\nhousing_type: 아파트\nmarriage:\n  status: 배우자있음\n  marriage_year: 1978\n  spouse_death_year: null\n  divorce_year: null\nchildren:\n- name: 이은주\n  age: 47\n  sex: 여자\n  living_with: false\n- name: 이광호\n  age: 45\n  sex: 남자\n  living_with: false\npreferences:\n  food: 청국장\n  food_source: text\n  hobby: 독서\n  hobby_source: random\n  culture: 전국노래자랑\n  culture_source: text\nhealth:\n  conditions:\n  - 위염\n  - 관절염\n  medications:\n  - 라베프라졸\n  - 오메프라졸\n  - 아세트아미노펜\n  - 셀레콕시브\n'],"F, 이종덕 씨는 1978년에 결혼했다.",제공된 페르소나 정보 기준 이종덕 씨의 결혼 정보: 1978년에 결혼.,1.0,0.8264067708605968,0.9999999999,0.0,2,P012-Q08-ADV-시점근접,ADV-시점근접,F
이종덕 씨의 자녀 이름은 이지윤이다. (참/거짓),['id: P012\nuuid: acc0004936b94236b86a8da148a5b884\nname: 이종덕\nbirth_year: 1951\nage: 75\nsex: 남자\nresidence:\n  province: 서울\n  district: 서울-서초구\n  region_class: 수도권\neducation:\n  level: 고등학교\n  field: null\noccupation: 무직\nfamily_type: 배우자와 거주\nhousing_type: 아파트\nmarriage:\n  status: 배우자있음\n  marriage_year: 1978\n  spouse_death_year: null\n  divorce_year: null\nchildren:\n- name: 이은주\n  age: 47\n  sex: 여자\n  living_with: false\n- name: 이광호\n  age: 45\n  sex: 남자\n  living_with: false\npreferences:\n  food: 청국장\n  food_source: text\n  hobby: 독서\n  hobby_source: random\n  culture: 전국노래자랑\n  culture_source: text\nhealth:\n  conditions:\n  - 위염\n  - 관절염\n  medications:\n  - 라베프라졸\n  - 오메프라졸\n  - 아세트아미노펜\n  - 셀레콕시브\n'],F. 이종덕 씨의 자녀 이름은 이은주와 이광호이다.,"제공된 페르소나 정보 기준 이종덕 씨의 자녀 정보: 자녀 2명(이은주, 이광호).",1.0,0.4855541345271064,0.0,0.0,2,P012-Q09-ADV-유사인물,ADV-유사인물,F
박헌 씨의 거주지는 어디인가요?,['id: P013\nuuid: 8e4867f305754c4b867a0fcbfe405485\nname: 박헌\nbirth_year: 1948\nage: 78\nsex: 남자\nresidence:\n  province: 강원\n  district: 강원-강릉시\n  region_class: 지방\neducation:\n  level: 대학원\n  field: 경영·행정·법\noccupation: 무직\nfamily_type: 배우자와 거주\nhousing_type: 아파트\nmarriage:\n  status: 배우자있음\n  marriage_year: 1971\n  spouse_death_year: null\n  divorce_year: null\nchildren:\n- name: 박지윤\n  age: 51\n  sex: 여자\n  living_with: false\n- name: 박광호\n  age: 48\n  sex: 남자\n  living_with: false\npreferences:\n  food: 파전\n  food_source: random\n  hobby: 산책\n  hobby_source: random\n  culture: 임영웅 노래\n  culture_source: random\nhealth:\n  conditions:\n  - 골다공증\n  - 관절염\n  medications:\n  - 알렌드로네이트\n  - 아세트아미노펜\n  - 셀레콕시브\n'],박헌 씨의 거주지는 강원도 강릉시입니다.,박헌 씨의 거주지: 강원 강릉시.,1.0,0.96384600968723,0.9999999999,1.0,2,P013-Q01-T-거주지,T-거주지,강원 강릉시
박헌 씨의 직업은 무엇인가요?,['id: P013\nuuid: 8e4867f305754c4b867a0fcbfe405485\nname: 박헌\nbirth_year: 1948\nage: 78\nsex: 남자\nresidence:\n  province: 강원\n  district: 강원-강릉시\n  region_class: 지방\neducation:\n  level: 대학원\n  field: 경영·행정·법\noccupation: 무직\nfamily_type: 배우자와 거주\nhousing_type: 아파트\nmarriage:\n  status: 배우자있음\n  marriage_year: 1971\n  spouse_death_year: null\n  divorce_year: null\nchildren:\n- name: 박지윤\n  age: 51\n  sex: 여자\n  living_with: false\n- name: 박광호\n  age: 48\n  sex: 남자\n  living_with: false\npreferences:\n  food: 파전\n  food_source: random\n  hobby: 산책\n  hobby_source: random\n  culture: 임영웅 노래\n  culture_source: random\nhealth:\n  conditions:\n  - 골다공증\n  - 관절염\n  medications:\n  - 알렌드로네이트\n  - 아세트아미노펜\n  - 셀레콕시브\n'],박헌 씨의 직업은 무직입니다.,박헌 씨의 직업: 무직.,1.0,0.9503133057156437,0.9999999999,1.0,2,P013-Q02-T-직업,T-직업,무직
박헌 씨의 최종 학력은 무엇인가요?,['id: P013\nuuid: 8e4867f305754c4b867a0fcbfe405485\nname: 박헌\nbirth_year: 1948\nage: 78\nsex: 남자\nresidence:\n  province: 강원\n  district: 강원-강릉시\n  region_class: 지방\neducation:\n  level: 대학원\n  field: 경영·행정·법\noccupation: 무직\nfamily_type: 배우자와 거주\nhousing_type: 아파트\nmarriage:\n  status: 배우자있음\n  marriage_year: 1971\n  spouse_death_year: null\n  divorce_year: null\nchildren:\n- name: 박지윤\n  age: 51\n  sex: 여자\n  living_with: false\n- name: 박광호\n  age: 48\n  sex: 남자\n  living_with: false\npreferences:\n  food: 파전\n  food_source: random\n  hobby: 산책\n  hobby_source: random\n  culture: 임영웅 노래\n  culture_source: random\nhealth:\n  conditions:\n  - 골다공증\n  - 관절염\n  medications:\n  - 알렌드로네이트\n  - 아세트아미노펜\n  - 셀레콕시브\n'],박헌 씨의 최종 학력은 대학원입니다.,박헌 씨의 최종 학력: 대학원(경영·행정·법).,1.0,0.8950778974778756,0.9999999999,1.0,2,P013-Q03-T-학력,T-학력,대학원
박헌 씨는 대구에 살고 있다. (참/거짓),['id: P013\nuuid: 8e4867f305754c4b867a0fcbfe405485\nname: 박헌\nbirth_year: 1948\nage: 78\nsex: 남자\nresidence:\n  province: 강원\n  district: 강원-강릉시\n  region_class: 지방\neducation:\n  level: 대학원\n  field: 경영·행정·법\noccupation: 무직\nfamily_type: 배우자와 거주\nhousing_type: 아파트\nmarriage:\n  status: 배우자있음\n  marriage_year: 1971\n  spouse_death_year: null\n  divorce_year: null\nchildren:\n- name: 박지윤\n  age: 51\n  sex: 여자\n  living_with: false\n- name: 박광호\n  age: 48\n  sex: 남자\n  living_with: false\npreferences:\n  food: 파전\n  food_source: random\n  hobby: 산책\n  hobby_source: random\n  culture: 임영웅 노래\n  culture_source: random\nhealth:\n  conditions:\n  - 골다공증\n  - 관절염\n  medications:\n  - 알렌드로네이트\n  - 아세트아미노펜\n  - 셀레콕시브\n'],"F, 박헌 씨는 강원도 강릉시에 살고 있다.",제공된 페르소나 정보 기준 박헌 씨의 거주지: 강원 강릉시.,1.0,0.5244670240056166,0.0,0.0,2,P013-Q04-F-반대,F-반대,F
박헌 씨의 정기 후원하는 단체의 이름은 무엇인가요?,['id: P013\nuuid: 8e4867f305754c4b867a0fcbfe405485\nname: 박헌\nbirth_year: 1948\nage: 78\nsex: 남자\nresidence:\n  province: 강원\n  district: 강원-강릉시\n  region_class: 지방\neducation:\n  level: 대학원\n  field: 경영·행정·법\noccupation: 무직\nfamily_type: 배우자와 거주\nhousing_type: 아파트\nmarriage:\n  status: 배우자있음\n  marriage_year: 1971\n  spouse_death_year: null\n  divorce_year: null\nchildren:\n- name: 박지윤\n  age: 51\n  sex: 여자\n  living_with: false\n- name: 박광호\n  age: 48\n  sex: 남자\n  living_with: false\npreferences:\n  food: 파전\n  food_source: random\n  hobby: 산책\n  hobby_source: random\n  culture: 임영웅 노래\n  culture_source: random\nhealth:\n  conditions:\n  - 골다공증\n  - 관절염\n  medications:\n  - 알렌드로네이트\n  - 아세트아미노펜\n  - 셀레콕시브\n'],정보 없음,제공된 페르소나 정보에는 박헌 씨에 대해 질문한 사실이 없습니다.,1.0,0.0,0.0,0.0,2,P013-Q05-F-비존재,F-비존재,정보 없음
박헌 씨는 1986년에 결혼했다. (참/거짓),['id: P013\nuuid: 8e4867f305754c4b867a0fcbfe405485\nname: 박헌\nbirth_year: 1948\nage: 78\nsex: 남자\nresidence:\n  province: 강원\n  district: 강원-강릉시\n  region_class: 지방\neducation:\n  level: 대학원\n  field: 경영·행정·법\noccupation: 무직\nfamily_type: 배우자와 거주\nhousing_type: 아파트\nmarriage:\n  status: 배우자있음\n  marriage_year: 1971\n  spouse_death_year: null\n  divorce_year: null\nchildren:\n- name: 박지윤\n  age: 51\n  sex: 여자\n  living_with: false\n- name: 박광호\n  age: 48\n  sex: 남자\n  living_with: false\npreferences:\n  food: 파전\n  food_source: random\n  hobby: 산책\n  hobby_source: random\n  culture: 임영웅 노래\n  culture_source: random\nhealth:\n  conditions:\n  - 골다공증\n  - 관절염\n  medications:\n  - 알렌드로네이트\n  - 아세트아미노펜\n  - 셀레콕시브\n'],"F, 박헌 씨는 1971년에 결혼했습니다.",제공된 페르소나 정보 기준 박헌 씨의 결혼 정보: 1971년에 결혼.,1.0,0.5867133170913227,0.9999999999,1.0,2,P013-Q06-F-시점오류,F-시점오류,F
박헌 씨는 강원 강릉구에 산다. (참/거짓),['id: P013\nuuid: 8e4867f305754c4b867a0fcbfe405485\nname: 박헌\nbirth_year: 1948\nage: 78\nsex: 남자\nresidence:\n  province: 강원\n  district: 강원-강릉시\n  region_class: 지방\neducation:\n  level: 대학원\n  field: 경영·행정·법\noccupation: 무직\nfamily_type: 배우자와 거주\nhousing_type: 아파트\nmarriage:\n  status: 배우자있음\n  marriage_year: 1971\n  spouse_death_year: null\n  divorce_year: null\nchildren:\n- name: 박지윤\n  age: 51\n  sex: 여자\n  living_with: false\n- name: 박광호\n  age: 48\n  sex: 남자\n  living_with: false\npreferences:\n  food: 파전\n  food_source: random\n  hobby: 산책\n  hobby_source: random\n  culture: 임영웅 노래\n  culture_source: random\nhealth:\n  conditions:\n  - 골다공증\n  - 관절염\n  medications:\n  - 알렌드로네이트\n  - 아세트아미노펜\n  - 셀레콕시브\n'],F. 박헌 씨는 강원-강릉시에 산다.,제공된 페르소나 정보 기준 박헌 씨의 거주지: 강원 강릉시.,1.0,0.4913314406934674,0.9999999999,0.0,2,P013-Q07-ADV-부분일치,ADV-부분일치,F
박헌 씨는 1972년에 결혼했다. (참/거짓),['id: P013\nuuid: 8e4867f305754c4b867a0fcbfe405485\nname: 박헌\nbirth_year: 1948\nage: 78\nsex: 남자\nresidence:\n  province: 강원\n  district: 강원-강릉시\n  region_class: 지방\neducation:\n  level: 대학원\n  field: 경영·행정·법\noccupation: 무직\nfamily_type: 배우자와 거주\nhousing_type: 아파트\nmarriage:\n  status: 배우자있음\n  marriage_year: 1971\n  spouse_death_year: null\n  divorce_year: null\nchildren:\n- name: 박지윤\n  age: 51\n  sex: 여자\n  living_with: false\n- name: 박광호\n  age: 48\n  sex: 남자\n  living_with: false\npreferences:\n  food: 파전\n  food_source: random\n  hobby: 산책\n  hobby_source: random\n  culture: 임영웅 노래\n  culture_source: random\nhealth:\n  conditions:\n  - 골다공증\n  - 관절염\n  medications:\n  - 알렌드로네이트\n  - 아세트아미노펜\n  - 셀레콕시브\n'],F. 박헌 씨는 1971년에 결혼했습니다.,제공된 페르소나 정보 기준 박헌 씨의 결혼 정보: 1971년에 결혼.,1.0,0.5760886109209685,0.9999999999,0.0,2,P013-Q08-ADV-시점근접,ADV-시점근접,F
박헌 씨의 자녀 이름은 박민수이다. (참/거짓),['id: P013\nuuid: 8e4867f305754c4b867a0fcbfe405485\nname: 박헌\nbirth_year: 1948\nage: 78\nsex: 남자\nresidence:\n  province: 강원\n  district: 강원-강릉시\n  region_class: 지방\neducation:\n  level: 대학원\n  field: 경영·행정·법\noccupation: 무직\nfamily_type: 배우자와 거주\nhousing_type: 아파트\nmarriage:\n  status: 배우자있음\n  marriage_year: 1971\n  spouse_death_year: null\n  divorce_year: null\nchildren:\n- name: 박지윤\n  age: 51\n  sex: 여자\n  living_with: false\n- name: 박광호\n  age: 48\n  sex: 남자\n  living_with: false\npreferences:\n  food: 파전\n  food_source: random\n  hobby: 산책\n  hobby_source: random\n  culture: 임영웅 노래\n  culture_source: random\nhealth:\n  conditions:\n  - 골다공증\n  - 관절염\n  medications:\n  - 알렌드로네이트\n  - 아세트아미노펜\n  - 셀레콕시브\n'],"F, 박헌 씨의 자녀 이름은 박지윤과 박광호이다.","제공된 페르소나 정보 기준 박헌 씨의 자녀 정보: 자녀 2명(박지윤, 박광호).",1.0,0.5207684000319749,0.0,0.0,2,P013-Q09-ADV-유사인물,ADV-유사인물,F
정태근 씨의 거주지는 어디인가요?,['id: P014\nuuid: 28f929ab7035481bb0d98949d95d7b71\nname: 정태근\nbirth_year: 1954\nage: 72\nsex: 남자\nresidence:\n  province: 충청남\n  district: 충청남-천안시 동남구\n  region_class: 지방\neducation:\n  level: 고등학교\n  field: null\noccupation: 무직\nfamily_type: 배우자와 거주\nhousing_type: 아파트\nmarriage:\n  status: 배우자있음\n  marriage_year: 1981\n  spouse_death_year: null\n  divorce_year: null\nchildren: []\npreferences:\n  food: 비빔밥\n  food_source: text\n  hobby: 산책\n  hobby_source: text\n  culture: 동물 다큐멘터리\n  culture_source: random\nhealth:\n  conditions:\n  - 백내장\n  - 고혈압\n  medications:\n  - 암로디핀\n  - 로사르탄\n'],정태근 씨의 거주지는 충청남 천안시 동남구입니다.,정태근 씨의 거주지: 충청남 천안시 동남구.,1.0,0.5805893376228163,0.9999999999,1.0,2,P014-Q01-T-거주지,T-거주지,충청남 천안시 동남구
정태근 씨의 직업은 무엇인가요?,['id: P014\nuuid: 28f929ab7035481bb0d98949d95d7b71\nname: 정태근\nbirth_year: 1954\nage: 72\nsex: 남자\nresidence:\n  province: 충청남\n  district: 충청남-천안시 동남구\n  region_class: 지방\neducation:\n  level: 고등학교\n  field: null\noccupation: 무직\nfamily_type: 배우자와 거주\nhousing_type: 아파트\nmarriage:\n  status: 배우자있음\n  marriage_year: 1981\n  spouse_death_year: null\n  divorce_year: null\nchildren: []\npreferences:\n  food: 비빔밥\n  food_source: text\n  hobby: 산책\n  hobby_source: text\n  culture: 동물 다큐멘터리\n  culture_source: random\nhealth:\n  conditions:\n  - 백내장\n  - 고혈압\n  medications:\n  - 암로디핀\n  - 로사르탄\n'],정태근 씨의 직업은 무직입니다.,정태근 씨의 직업: 무직.,1.0,0.5289306639937966,0.9999999999,1.0,2,P014-Q02-T-직업,T-직업,무직
정태근 씨의 최종 학력은 무엇인가요?,['id: P014\nuuid: 28f929ab7035481bb0d98949d95d7b71\nname: 정태근\nbirth_year: 1954\nage: 72\nsex: 남자\nresidence:\n  province: 충청남\n  district: 충청남-천안시 동남구\n  region_class: 지방\neducation:\n  level: 고등학교\n  field: null\noccupation: 무직\nfamily_type: 배우자와 거주\nhousing_type: 아파트\nmarriage:\n  status: 배우자있음\n  marriage_year: 1981\n  spouse_death_year: null\n  divorce_year: null\nchildren: []\npreferences:\n  food: 비빔밥\n  food_source: text\n  hobby: 산책\n  hobby_source: text\n  culture: 동물 다큐멘터리\n  culture_source: random\nhealth:\n  conditions:\n  - 백내장\n  - 고혈압\n  medications:\n  - 암로디핀\n  - 로사르탄\n'],정태근 씨의 최종 학력은 고등학교입니다.,정태근 씨의 최종 학력: 고등학교.,1.0,0.649932268204701,0.9999999999,1.0,2,P014-Q03-T-학력,T-학력,고등학교
정태근 씨는 대구에 살고 있다. (참/거짓),['id: P014\nuuid: 28f929ab7035481bb0d98949d95d7b71\nname: 정태근\nbirth_year: 1954\nage: 72\nsex: 남자\nresidence:\n  province: 충청남\n  district: 충청남-천안시 동남구\n  region_class: 지방\neducation:\n  level: 고등학교\n  field: null\noccupation: 무직\nfamily_type: 배우자와 거주\nhousing_type: 아파트\nmarriage:\n  status: 배우자있음\n  marriage_year: 1981\n  spouse_death_year: null\n  divorce_year: null\nchildren: []\npreferences:\n  food: 비빔밥\n  food_source: text\n  hobby: 산책\n  hobby_source: text\n  culture: 동물 다큐멘터리\n  culture_source: random\nhealth:\n  conditions:\n  - 백내장\n  - 고혈압\n  medications:\n  - 암로디핀\n  - 로사르탄\n'],F. 정태근 씨는 충청남-천안시 동남구에 살고 있습니다.,제공된 페르소나 정보 기준 정태근 씨의 거주지: 충청남 천안시 동남구.,1.0,0.4788568808806603,0.9999999999,0.0,2,P014-Q04-F-반대,F-반대,F
정태근 씨의 반려동물의 이름은 무엇인가요?,['id: P014\nuuid: 28f929ab7035481bb0d98949d95d7b71\nname: 정태근\nbirth_year: 1954\nage: 72\nsex: 남자\nresidence:\n  province: 충청남\n  district: 충청남-천안시 동남구\n  region_class: 지방\neducation:\n  level: 고등학교\n  field: null\noccupation: 무직\nfamily_type: 배우자와 거주\nhousing_type: 아파트\nmarriage:\n  status: 배우자있음\n  marriage_year: 1981\n  spouse_death_year: null\n  divorce_year: null\nchildren: []\npreferences:\n  food: 비빔밥\n  food_source: text\n  hobby: 산책\n  hobby_source: text\n  culture: 동물 다큐멘터리\n  culture_source: random\nhealth:\n  conditions:\n  - 백내장\n  - 고혈압\n  medications:\n  - 암로디핀\n  - 로사르탄\n'],정보 없음,제공된 페르소나 정보에는 정태근 씨에 대해 질문한 사실이 없습니다.,1.0,0.0,0.0,0.0,2,P014-Q05-F-비존재,F-비존재,정보 없음
정태근 씨는 1996년에 결혼했다. (참/거짓),['id: P014\nuuid: 28f929ab7035481bb0d98949d95d7b71\nname: 정태근\nbirth_year: 1954\nage: 72\nsex: 남자\nresidence:\n  province: 충청남\n  district: 충청남-천안시 동남구\n  region_class: 지방\neducation:\n  level: 고등학교\n  field: null\noccupation: 무직\nfamily_type: 배우자와 거주\nhousing_type: 아파트\nmarriage:\n  status: 배우자있음\n  marriage_year: 1981\n  spouse_death_year: null\n  divorce_year: null\nchildren: []\npreferences:\n  food: 비빔밥\n  food_source: text\n  hobby: 산책\n  hobby_source: text\n  culture: 동물 다큐멘터리\n  culture_source: random\nhealth:\n  conditions:\n  - 백내장\n  - 고혈압\n  medications:\n  - 암로디핀\n  - 로사르탄\n'],F. 정태근 씨는 1981년에 결혼했습니다.,제공된 페르소나 정보 기준 정태근 씨의 결혼 정보: 1981년에 결혼.,0.5,0.5654451537808242,0.9999999999,0.0,2,P014-Q06-F-시점오류,F-시점오류,F
정태근 씨는 충청남 천안시 동남시에 산다. (참/거짓),['id: P014\nuuid: 28f929ab7035481bb0d98949d95d7b71\nname: 정태근\nbirth_year: 1954\nage: 72\nsex: 남자\nresidence:\n  province: 충청남\n  district: 충청남-천안시 동남구\n  region_class: 지방\neducation:\n  level: 고등학교\n  field: null\noccupation: 무직\nfamily_type: 배우자와 거주\nhousing_type: 아파트\nmarriage:\n  status: 배우자있음\n  marriage_year: 1981\n  spouse_death_year: null\n  divorce_year: null\nchildren: []\npreferences:\n  food: 비빔밥\n  food_source: text\n  hobby: 산책\n  hobby_source: text\n  culture: 동물 다큐멘터리\n  culture_source: random\nhealth:\n  conditions:\n  - 백내장\n  - 고혈압\n  medications:\n  - 암로디핀\n  - 로사르탄\n'],"F, 정태근 씨는 충청남 천안시 동남구에 산다.",제공된 페르소나 정보 기준 정태근 씨의 거주지: 충청남 천안시 동남구.,0.5,0.4696663816914022,0.9999999999,1.0,2,P014-Q07-ADV-부분일치,ADV-부분일치,F
정태근 씨는 1982년에 결혼했다. (참/거짓),['id: P014\nuuid: 28f929ab7035481bb0d98949d95d7b71\nname: 정태근\nbirth_year: 1954\nage: 72\nsex: 남자\nresidence:\n  province: 충청남\n  district: 충청남-천안시 동남구\n  region_class: 지방\neducation:\n  level: 고등학교\n  field: null\noccupation: 무직\nfamily_type: 배우자와 거주\nhousing_type: 아파트\nmarriage:\n  status: 배우자있음\n  marriage_year: 1981\n  spouse_death_year: null\n  divorce_year: null\nchildren: []\npreferences:\n  food: 비빔밥\n  food_source: text\n  hobby: 산책\n  hobby_source: text\n  culture: 동물 다큐멘터리\n  culture_source: random\nhealth:\n  conditions:\n  - 백내장\n  - 고혈압\n  medications:\n  - 암로디핀\n  - 로사르탄\n'],"F, 정태근 씨는 1981년에 결혼했습니다.",제공된 페르소나 정보 기준 정태근 씨의 결혼 정보: 1981년에 결혼.,1.0,0.5602284519735257,0.9999999999,0.0,2,P014-Q08-ADV-시점근접,ADV-시점근접,F
이 사람의 이름은 정민수이다. (참/거짓),['id: P014\nuuid: 28f929ab7035481bb0d98949d95d7b71\nname: 정태근\nbirth_year: 1954\nage: 72\nsex: 남자\nresidence:\n  province: 충청남\n  district: 충청남-천안시 동남구\n  region_class: 지방\neducation:\n  level: 고등학교\n  field: null\noccupation: 무직\nfamily_type: 배우자와 거주\nhousing_type: 아파트\nmarriage:\n  status: 배우자있음\n  marriage_year: 1981\n  spouse_death_year: null\n  divorce_year: null\nchildren: []\npreferences:\n  food: 비빔밥\n  food_source: text\n  hobby: 산책\n  hobby_source: text\n  culture: 동물 다큐멘터리\n  culture_source: random\nhealth:\n  conditions:\n  - 백내장\n  - 고혈압\n  medications:\n  - 암로디핀\n  - 로사르탄\n'],"F, 이 사람의 이름은 정태근입니다.",제공된 페르소나 정보 기준 정태근 씨의 이름: 정태근.,1.0,0.6468314379843435,0.0,0.5,2,P014-Q09-ADV-유사인물,ADV-유사인물,F
김우준 씨의 거주지는 어디인가요?,['id: P015\nuuid: 12744f5f07464afc88698eb917ed2446\nname: 김우준\nbirth_year: 1953\nage: 73\nsex: 남자\nresidence:\n  province: 광주\n  district: 광주-남구\n  region_class: 광역시\neducation:\n  level: 고등학교\n  field: null\noccupation: 무직\nfamily_type: 배우자와 거주\nhousing_type: 단독주택\nmarriage:\n  status: 배우자있음\n  marriage_year: 1980\n  spouse_death_year: null\n  divorce_year: null\nchildren:\n- name: 김광호\n  age: 44\n  sex: 남자\n  living_with: false\npreferences:\n  food: 김치찌개\n  food_source: random\n  hobby: 산책\n  hobby_source: text\n  culture: 내셔널 지오그래픽\n  culture_source: random\nhealth:\n  conditions:\n  - 백내장\n  - 관절염\n  - 당뇨\n  medications:\n  - 아세트아미노펜\n  - 셀레콕시브\n  - 메트포르민\n  - 글리메피리드\n'],김우준 씨의 거주지는 광주 광주-남구입니다.,김우준 씨의 거주지: 광주 남구.,1.0,0.935881126252646,0.9999999999,1.0,2,P015-Q01-T-거주지,T-거주지,광주 남구
김우준 씨의 직업은 무엇인가요?,['id: P015\nuuid: 12744f5f07464afc88698eb917ed2446\nname: 김우준\nbirth_year: 1953\nage: 73\nsex: 남자\nresidence:\n  province: 광주\n  district: 광주-남구\n  region_class: 광역시\neducation:\n  level: 고등학교\n  field: null\noccupation: 무직\nfamily_type: 배우자와 거주\nhousing_type: 단독주택\nmarriage:\n  status: 배우자있음\n  marriage_year: 1980\n  spouse_death_year: null\n  divorce_year: null\nchildren:\n- name: 김광호\n  age: 44\n  sex: 남자\n  living_with: false\npreferences:\n  food: 김치찌개\n  food_source: random\n  hobby: 산책\n  hobby_source: text\n  culture: 내셔널 지오그래픽\n  culture_source: random\nhealth:\n  conditions:\n  - 백내장\n  - 관절염\n  - 당뇨\n  medications:\n  - 아세트아미노펜\n  - 셀레콕시브\n  - 메트포르민\n  - 글리메피리드\n'],김우준 씨의 직업은 무직입니다.,김우준 씨의 직업: 무직.,1.0,0.9686558748495252,0.9999999999,1.0,2,P015-Q02-T-직업,T-직업,무직
김우준 씨의 최종 학력은 무엇인가요?,['id: P015\nuuid: 12744f5f07464afc88698eb917ed2446\nname: 김우준\nbirth_year: 1953\nage: 73\nsex: 남자\nresidence:\n  province: 광주\n  district: 광주-남구\n  region_class: 광역시\neducation:\n  level: 고등학교\n  field: null\noccupation: 무직\nfamily_type: 배우자와 거주\nhousing_type: 단독주택\nmarriage:\n  status: 배우자있음\n  marriage_year: 1980\n  spouse_death_year: null\n  divorce_year: null\nchildren:\n- name: 김광호\n  age: 44\n  sex: 남자\n  living_with: false\npreferences:\n  food: 김치찌개\n  food_source: random\n  hobby: 산책\n  hobby_source: text\n  culture: 내셔널 지오그래픽\n  culture_source: random\nhealth:\n  conditions:\n  - 백내장\n  - 관절염\n  - 당뇨\n  medications:\n  - 아세트아미노펜\n  - 셀레콕시브\n  - 메트포르민\n  - 글리메피리드\n'],김우준 씨의 최종 학력은 고등학교입니다.,김우준 씨의 최종 학력: 고등학교.,1.0,0.9148904119073332,0.9999999999,1.0,2,P015-Q03-T-학력,T-학력,고등학교
김우준 씨는 충청남에 살고 있다. (참/거짓),['id: P015\nuuid: 12744f5f07464afc88698eb917ed2446\nname: 김우준\nbirth_year: 1953\nage: 73\nsex: 남자\nresidence:\n  province: 광주\n  district: 광주-남구\n  region_class: 광역시\neducation:\n  level: 고등학교\n  field: null\noccupation: 무직\nfamily_type: 배우자와 거주\nhousing_type: 단독주택\nmarriage:\n  status: 배우자있음\n  marriage_year: 1980\n  spouse_death_year: null\n  divorce_year: null\nchildren:\n- name: 김광호\n  age: 44\n  sex: 남자\n  living_with: false\npreferences:\n  food: 김치찌개\n  food_source: random\n  hobby: 산책\n  hobby_source: text\n  culture: 내셔널 지오그래픽\n  culture_source: random\nhealth:\n  conditions:\n  - 백내장\n  - 관절염\n  - 당뇨\n  medications:\n  - 아세트아미노펜\n  - 셀레콕시브\n  - 메트포르민\n  - 글리메피리드\n'],"F, 김우준 씨는 광주에 살고 있습니다.",제공된 페르소나 정보 기준 김우준 씨의 거주지: 광주 남구.,1.0,0.7462616028580648,0.9999999999,0.5,2,P015-Q04-F-반대,F-반대,F
김우준 씨의 최근 가입한 동호회의 이름은 무엇인가요?,['id: P015\nuuid: 12744f5f07464afc88698eb917ed2446\nname: 김우준\nbirth_year: 1953\nage: 73\nsex: 남자\nresidence:\n  province: 광주\n  district: 광주-남구\n  region_class: 광역시\neducation:\n  level: 고등학교\n  field: null\noccupation: 무직\nfamily_type: 배우자와 거주\nhousing_type: 단독주택\nmarriage:\n  status: 배우자있음\n  marriage_year: 1980\n  spouse_death_year: null\n  divorce_year: null\nchildren:\n- name: 김광호\n  age: 44\n  sex: 남자\n  living_with: false\npreferences:\n  food: 김치찌개\n  food_source: random\n  hobby: 산책\n  hobby_source: text\n  culture: 내셔널 지오그래픽\n  culture_source: random\nhealth:\n  conditions:\n  - 백내장\n  - 관절염\n  - 당뇨\n  medications:\n  - 아세트아미노펜\n  - 셀레콕시브\n  - 메트포르민\n  - 글리메피리드\n'],정보 없음,제공된 페르소나 정보에는 김우준 씨에 대해 질문한 사실이 없습니다.,1.0,0.0,0.0,0.0,2,P015-Q05-F-비존재,F-비존재,정보 없음
김우준 씨는 1965년에 결혼했다. (참/거짓),['id: P015\nuuid: 12744f5f07464afc88698eb917ed2446\nname: 김우준\nbirth_year: 1953\nage: 73\nsex: 남자\nresidence:\n  province: 광주\n  district: 광주-남구\n  region_class: 광역시\neducation:\n  level: 고등학교\n  field: null\noccupation: 무직\nfamily_type: 배우자와 거주\nhousing_type: 단독주택\nmarriage:\n  status: 배우자있음\n  marriage_year: 1980\n  spouse_death_year: null\n  divorce_year: null\nchildren:\n- name: 김광호\n  age: 44\n  sex: 남자\n  living_with: false\npreferences:\n  food: 김치찌개\n  food_source: random\n  hobby: 산책\n  hobby_source: text\n  culture: 내셔널 지오그래픽\n  culture_source: random\nhealth:\n  conditions:\n  - 백내장\n  - 관절염\n  - 당뇨\n  medications:\n  - 아세트아미노펜\n  - 셀레콕시브\n  - 메트포르민\n  - 글리메피리드\n'],F. 김우준 씨는 1980년에 결혼했다.,제공된 페르소나 정보 기준 김우준 씨의 결혼 정보: 1980년에 결혼.,1.0,0.6754044995605918,0.9999999999,1.0,2,P015-Q06-F-시점오류,F-시점오류,F
김우준 씨는 광주 남시에 산다. (참/거짓),['id: P015\nuuid: 12744f5f07464afc88698eb917ed2446\nname: 김우준\nbirth_year: 1953\nage: 73\nsex: 남자\nresidence:\n  province: 광주\n  district: 광주-남구\n  region_class: 광역시\neducation:\n  level: 고등학교\n  field: null\noccupation: 무직\nfamily_type: 배우자와 거주\nhousing_type: 단독주택\nmarriage:\n  status: 배우자있음\n  marriage_year: 1980\n  spouse_death_year: null\n  divorce_year: null\nchildren:\n- name: 김광호\n  age: 44\n  sex: 남자\n  living_with: false\npreferences:\n  food: 김치찌개\n  food_source: random\n  hobby: 산책\n  hobby_source: text\n  culture: 내셔널 지오그래픽\n  culture_source: random\nhealth:\n  conditions:\n  - 백내장\n  - 관절염\n  - 당뇨\n  medications:\n  - 아세트아미노펜\n  - 셀레콕시브\n  - 메트포르민\n  - 글리메피리드\n'],F. 김우준 씨는 광주-남구에 산다.,제공된 페르소나 정보 기준 김우준 씨의 거주지: 광주 남구.,1.0,0.6370650905382808,0.9999999999,1.0,2,P015-Q07-ADV-부분일치,ADV-부분일치,F
김우준 씨는 1979년에 결혼했다. (참/거짓),['id: P015\nuuid: 12744f5f07464afc88698eb917ed2446\nname: 김우준\nbirth_year: 1953\nage: 73\nsex: 남자\nresidence:\n  province: 광주\n  district: 광주-남구\n  region_class: 광역시\neducation:\n  level: 고등학교\n  field: null\noccupation: 무직\nfamily_type: 배우자와 거주\nhousing_type: 단독주택\nmarriage:\n  status: 배우자있음\n  marriage_year: 1980\n  spouse_death_year: null\n  divorce_year: null\nchildren:\n- name: 김광호\n  age: 44\n  sex: 남자\n  living_with: false\npreferences:\n  food: 김치찌개\n  food_source: random\n  hobby: 산책\n  hobby_source: text\n  culture: 내셔널 지오그래픽\n  culture_source: random\nhealth:\n  conditions:\n  - 백내장\n  - 관절염\n  - 당뇨\n  medications:\n  - 아세트아미노펜\n  - 셀레콕시브\n  - 메트포르민\n  - 글리메피리드\n'],F. 김우준 씨는 1980년에 결혼했다.,제공된 페르소나 정보 기준 김우준 씨의 결혼 정보: 1980년에 결혼.,1.0,0.6802363045392811,0.9999999999,0.0,2,P015-Q08-ADV-시점근접,ADV-시점근접,F
김우준 씨의 자녀 이름은 김기훈이다. (참/거짓),['id: P015\nuuid: 12744f5f07464afc88698eb917ed2446\nname: 김우준\nbirth_year: 1953\nage: 73\nsex: 남자\nresidence:\n  province: 광주\n  district: 광주-남구\n  region_class: 광역시\neducation:\n  level: 고등학교\n  field: null\noccupation: 무직\nfamily_type: 배우자와 거주\nhousing_type: 단독주택\nmarriage:\n  status: 배우자있음\n  marriage_year: 1980\n  spouse_death_year: null\n  divorce_year: null\nchildren:\n- name: 김광호\n  age: 44\n  sex: 남자\n  living_with: false\npreferences:\n  food: 김치찌개\n  food_source: random\n  hobby: 산책\n  hobby_source: text\n  culture: 내셔널 지오그래픽\n  culture_source: random\nhealth:\n  conditions:\n  - 백내장\n  - 관절염\n  - 당뇨\n  medications:\n  - 아세트아미노펜\n  - 셀레콕시브\n  - 메트포르민\n  - 글리메피리드\n'],"F, 김우준 씨의 자녀 이름은 김광호이다.",제공된 페르소나 정보 기준 김우준 씨의 자녀 정보: 자녀 1명(김광호).,1.0,0.6654215125683812,0.9999999999,0.5,2,P015-Q09-ADV-유사인물,ADV-유사인물,F
이순옥 씨의 거주지는 어디인가요?,['id: P016\nuuid: 3a37d2c60bf94c10ba36f8fe7da708e4\nname: 이순옥\nbirth_year: 1956\nage: 70\nsex: 여자\nresidence:\n  province: 충청남\n  district: 충청남-태안군\n  region_class: 지방\neducation:\n  level: 무학\n  field: null\noccupation: 무직\nfamily_type: 혼자 거주\nhousing_type: 아파트\nmarriage:\n  status: 이혼\n  marriage_year: 1981\n  spouse_death_year: null\n  divorce_year: 2008\nchildren: []\npreferences:\n  food: 비빔밥\n  food_source: random\n  hobby: 사진 찍기\n  hobby_source: random\n  culture: 9시 뉴스\n  culture_source: random\nhealth:\n  conditions:\n  - 백내장\n  - 고지혈증\n  medications:\n  - 아토르바스타틴\n  - 로수바스타틴\n'],이순옥 씨의 거주지는 충청남-태안군입니다.,이순옥 씨의 거주지: 충청남 태안군.,1.0,0.9390747896528362,0.9999999999,1.0,2,P016-Q01-T-거주지,T-거주지,충청남 태안군
이순옥 씨의 직업은 무엇인가요?,['id: P016\nuuid: 3a37d2c60bf94c10ba36f8fe7da708e4\nname: 이순옥\nbirth_year: 1956\nage: 70\nsex: 여자\nresidence:\n  province: 충청남\n  district: 충청남-태안군\n  region_class: 지방\neducation:\n  level: 무학\n  field: null\noccupation: 무직\nfamily_type: 혼자 거주\nhousing_type: 아파트\nmarriage:\n  status: 이혼\n  marriage_year: 1981\n  spouse_death_year: null\n  divorce_year: 2008\nchildren: []\npreferences:\n  food: 비빔밥\n  food_source: random\n  hobby: 사진 찍기\n  hobby_source: random\n  culture: 9시 뉴스\n  culture_source: random\nhealth:\n  conditions:\n  - 백내장\n  - 고지혈증\n  medications:\n  - 아토르바스타틴\n  - 로수바스타틴\n'],이순옥 씨의 직업은 무직입니다.,이순옥 씨의 직업: 무직.,1.0,0.9671228445874248,0.9999999999,1.0,2,P016-Q02-T-직업,T-직업,무직
이순옥 씨의 최종 학력은 무엇인가요?,['id: P016\nuuid: 3a37d2c60bf94c10ba36f8fe7da708e4\nname: 이순옥\nbirth_year: 1956\nage: 70\nsex: 여자\nresidence:\n  province: 충청남\n  district: 충청남-태안군\n  region_class: 지방\neducation:\n  level: 무학\n  field: null\noccupation: 무직\nfamily_type: 혼자 거주\nhousing_type: 아파트\nmarriage:\n  status: 이혼\n  marriage_year: 1981\n  spouse_death_year: null\n  divorce_year: 2008\nchildren: []\npreferences:\n  food: 비빔밥\n  food_source: random\n  hobby: 사진 찍기\n  hobby_source: random\n  culture: 9시 뉴스\n  culture_source: random\nhealth:\n  conditions:\n  - 백내장\n  - 고지혈증\n  medications:\n  - 아토르바스타틴\n  - 로수바스타틴\n'],무학입니다.,이순옥 씨의 최종 학력: 무학.,1.0,0.0,0.9999999999,1.0,2,P016-Q03-T-학력,T-학력,무학
이순옥 씨는 인천에 살고 있다. (참/거짓),['id: P016\nuuid: 3a37d2c60bf94c10ba36f8fe7da708e4\nname: 이순옥\nbirth_year: 1956\nage: 70\nsex: 여자\nresidence:\n  province: 충청남\n  district: 충청남-태안군\n  region_class: 지방\neducation:\n  level: 무학\n  field: null\noccupation: 무직\nfamily_type: 혼자 거주\nhousing_type: 아파트\nmarriage:\n  status: 이혼\n  marriage_year: 1981\n  spouse_death_year: null\n  divorce_year: 2008\nchildren: []\npreferences:\n  food: 비빔밥\n  food_source: random\n  hobby: 사진 찍기\n  hobby_source: random\n  culture: 9시 뉴스\n  culture_source: random\nhealth:\n  conditions:\n  - 백내장\n  - 고지혈증\n  medications:\n  - 아토르바스타틴\n  - 로수바스타틴\n'],"F, 이순옥 씨는 충청남-태안군에 살고 있다.",제공된 페르소나 정보 기준 이순옥 씨의 거주지: 충청남 태안군.,1.0,0.8099300873292336,0.9999999999,0.0,2,P016-Q04-F-반대,F-반대,F
이순옥 씨의 반려동물의 이름은 무엇인가요?,['id: P016\nuuid: 3a37d2c60bf94c10ba36f8fe7da708e4\nname: 이순옥\nbirth_year: 1956\nage: 70\nsex: 여자\nresidence:\n  province: 충청남\n  district: 충청남-태안군\n  region_class: 지방\neducation:\n  level: 무학\n  field: null\noccupation: 무직\nfamily_type: 혼자 거주\nhousing_type: 아파트\nmarriage:\n  status: 이혼\n  marriage_year: 1981\n  spouse_death_year: null\n  divorce_year: 2008\nchildren: []\npreferences:\n  food: 비빔밥\n  food_source: random\n  hobby: 사진 찍기\n  hobby_source: random\n  culture: 9시 뉴스\n  culture_source: random\nhealth:\n  conditions:\n  - 백내장\n  - 고지혈증\n  medications:\n  - 아토르바스타틴\n  - 로수바스타틴\n'],정보 없음,제공된 페르소나 정보에는 이순옥 씨에 대해 질문한 사실이 없습니다.,1.0,0.0,0.0,0.0,2,P016-Q05-F-비존재,F-비존재,정보 없음
이순옥 씨는 1966년에 결혼했다. (참/거짓),['id: P016\nuuid: 3a37d2c60bf94c10ba36f8fe7da708e4\nname: 이순옥\nbirth_year: 1956\nage: 70\nsex: 여자\nresidence:\n  province: 충청남\n  district: 충청남-태안군\n  region_class: 지방\neducation:\n  level: 무학\n  field: null\noccupation: 무직\nfamily_type: 혼자 거주\nhousing_type: 아파트\nmarriage:\n  status: 이혼\n  marriage_year: 1981\n  spouse_death_year: null\n  divorce_year: 2008\nchildren: []\npreferences:\n  food: 비빔밥\n  food_source: random\n  hobby: 사진 찍기\n  hobby_source: random\n  culture: 9시 뉴스\n  culture_source: random\nhealth:\n  conditions:\n  - 백내장\n  - 고지혈증\n  medications:\n  - 아토르바스타틴\n  - 로수바스타틴\n'],F. 이순옥 씨는 1981년에 결혼했다.,제공된 페르소나 정보 기준 이순옥 씨의 결혼 정보: 1981년에 결혼.,0.5,0.576255278700928,0.9999999999,1.0,2,P016-Q06-F-시점오류,F-시점오류,F
이순옥 씨는 충청남 태안구에 산다. (참/거짓),['id: P016\nuuid: 3a37d2c60bf94c10ba36f8fe7da708e4\nname: 이순옥\nbirth_year: 1956\nage: 70\nsex: 여자\nresidence:\n  province: 충청남\n  district: 충청남-태안군\n  region_class: 지방\neducation:\n  level: 무학\n  field: null\noccupation: 무직\nfamily_type: 혼자 거주\nhousing_type: 아파트\nmarriage:\n  status: 이혼\n  marriage_year: 1981\n  spouse_death_year: null\n  divorce_year: 2008\nchildren: []\npreferences:\n  food: 비빔밥\n  food_source: random\n  hobby: 사진 찍기\n  hobby_source: random\n  culture: 9시 뉴스\n  culture_source: random\nhealth:\n  conditions:\n  - 백내장\n  - 고지혈증\n  medications:\n  - 아토르바스타틴\n  - 로수바스타틴\n'],F. 이순옥 씨는 충청남 태안군에 산다.,제공된 페르소나 정보 기준 이순옥 씨의 거주지: 충청남 태안군.,0.5,0.5350094194619931,0.9999999999,1.0,2,P016-Q07-ADV-부분일치,ADV-부분일치,F
이순옥 씨는 1982년에 결혼했다. (참/거짓),['id: P016\nuuid: 3a37d2c60bf94c10ba36f8fe7da708e4\nname: 이순옥\nbirth_year: 1956\nage: 70\nsex: 여자\nresidence:\n  province: 충청남\n  district: 충청남-태안군\n  region_class: 지방\neducation:\n  level: 무학\n  field: null\noccupation: 무직\nfamily_type: 혼자 거주\nhousing_type: 아파트\nmarriage:\n  status: 이혼\n  marriage_year: 1981\n  spouse_death_year: null\n  divorce_year: 2008\nchildren: []\npreferences:\n  food: 비빔밥\n  food_source: random\n  hobby: 사진 찍기\n  hobby_source: random\n  culture: 9시 뉴스\n  culture_source: random\nhealth:\n  conditions:\n  - 백내장\n  - 고지혈증\n  medications:\n  - 아토르바스타틴\n  - 로수바스타틴\n'],"F, 이순옥 씨는 1981년에 결혼했다.",제공된 페르소나 정보 기준 이순옥 씨의 결혼 정보: 1981년에 결혼.,1.0,0.8219394762821138,0.9999999999,0.0,2,P016-Q08-ADV-시점근접,ADV-시점근접,F
이 사람의 이름은 이유진이다. (참/거짓),['id: P016\nuuid: 3a37d2c60bf94c10ba36f8fe7da708e4\nname: 이순옥\nbirth_year: 1956\nage: 70\nsex: 여자\nresidence:\n  province: 충청남\n  district: 충청남-태안군\n  region_class: 지방\neducation:\n  level: 무학\n  field: null\noccupation: 무직\nfamily_type: 혼자 거주\nhousing_type: 아파트\nmarriage:\n  status: 이혼\n  marriage_year: 1981\n  spouse_death_year: null\n  divorce_year: 2008\nchildren: []\npreferences:\n  food: 비빔밥\n  food_source: random\n  hobby: 사진 찍기\n  hobby_source: random\n  culture: 9시 뉴스\n  culture_source: random\nhealth:\n  conditions:\n  - 백내장\n  - 고지혈증\n  medications:\n  - 아토르바스타틴\n  - 로수바스타틴\n'],F. 이 사람의 이름은 이순옥이다.,제공된 페르소나 정보 기준 이순옥 씨의 이름: 이순옥.,1.0,0.6480021608756832,0.9999999999,0.0,2,P016-Q09-ADV-유사인물,ADV-유사인물,F
이남수 씨의 거주지는 어디인가요?,['id: P017\nuuid: 401589cb2a304247bbc6f3bb5ed7442e\nname: 이남수\nbirth_year: 1956\nage: 70\nsex: 여자\nresidence:\n  province: 경기\n  district: 경기-고양시 덕양구\n  region_class: 수도권\neducation:\n  level: 고등학교\n  field: null\noccupation: 무직\nfamily_type: 배우자와 거주\nhousing_type: 아파트\nmarriage:\n  status: 배우자있음\n  marriage_year: 1986\n  spouse_death_year: null\n  divorce_year: null\nchildren:\n- name: 이지영\n  age: 35\n  sex: 여자\n  living_with: false\n- name: 이영숙\n  age: 33\n  sex: 여자\n  living_with: false\npreferences:\n  food: 삼계탕\n  food_source: random\n  hobby: 노래 부르기\n  hobby_source: random\n  culture: 트로트\n  culture_source: random\nhealth:\n  conditions:\n  - 협심증\n  - 백내장\n  - 골다공증\n  medications:\n  - 니트로글리세린\n  - 아스피린\n  - 알렌드로네이트\n'],이남수 씨의 거주지는 경기-고양시 덕양구입니다.,이남수 씨의 거주지: 경기 고양시 덕양구.,1.0,0.5444226043150585,0.9999999999,1.0,2,P017-Q01-T-거주지,T-거주지,경기 고양시 덕양구
이남수 씨의 직업은 무엇인가요?,['id: P017\nuuid: 401589cb2a304247bbc6f3bb5ed7442e\nname: 이남수\nbirth_year: 1956\nage: 70\nsex: 여자\nresidence:\n  province: 경기\n  district: 경기-고양시 덕양구\n  region_class: 수도권\neducation:\n  level: 고등학교\n  field: null\noccupation: 무직\nfamily_type: 배우자와 거주\nhousing_type: 아파트\nmarriage:\n  status: 배우자있음\n  marriage_year: 1986\n  spouse_death_year: null\n  divorce_year: null\nchildren:\n- name: 이지영\n  age: 35\n  sex: 여자\n  living_with: false\n- name: 이영숙\n  age: 33\n  sex: 여자\n  living_with: false\npreferences:\n  food: 삼계탕\n  food_source: random\n  hobby: 노래 부르기\n  hobby_source: random\n  culture: 트로트\n  culture_source: random\nhealth:\n  conditions:\n  - 협심증\n  - 백내장\n  - 골다공증\n  medications:\n  - 니트로글리세린\n  - 아스피린\n  - 알렌드로네이트\n'],이남수 씨의 직업은 무직입니다.,이남수 씨의 직업: 무직.,1.0,0.6882539153923085,0.9999999999,1.0,2,P017-Q02-T-직업,T-직업,무직
이남수 씨의 최종 학력은 무엇인가요?,['id: P017\nuuid: 401589cb2a304247bbc6f3bb5ed7442e\nname: 이남수\nbirth_year: 1956\nage: 70\nsex: 여자\nresidence:\n  province: 경기\n  district: 경기-고양시 덕양구\n  region_class: 수도권\neducation:\n  level: 고등학교\n  field: null\noccupation: 무직\nfamily_type: 배우자와 거주\nhousing_type: 아파트\nmarriage:\n  status: 배우자있음\n  marriage_year: 1986\n  spouse_death_year: null\n  divorce_year: null\nchildren:\n- name: 이지영\n  age: 35\n  sex: 여자\n  living_with: false\n- name: 이영숙\n  age: 33\n  sex: 여자\n  living_with: false\npreferences:\n  food: 삼계탕\n  food_source: random\n  hobby: 노래 부르기\n  hobby_source: random\n  culture: 트로트\n  culture_source: random\nhealth:\n  conditions:\n  - 협심증\n  - 백내장\n  - 골다공증\n  medications:\n  - 니트로글리세린\n  - 아스피린\n  - 알렌드로네이트\n'],고등학교입니다.,이남수 씨의 최종 학력: 고등학교.,1.0,0.4420505609053495,0.9999999999,1.0,2,P017-Q03-T-학력,T-학력,고등학교
이남수 씨는 경상북에 살고 있다. (참/거짓),['id: P017\nuuid: 401589cb2a304247bbc6f3bb5ed7442e\nname: 이남수\nbirth_year: 1956\nage: 70\nsex: 여자\nresidence:\n  province: 경기\n  district: 경기-고양시 덕양구\n  region_class: 수도권\neducation:\n  level: 고등학교\n  field: null\noccupation: 무직\nfamily_type: 배우자와 거주\nhousing_type: 아파트\nmarriage:\n  status: 배우자있음\n  marriage_year: 1986\n  spouse_death_year: null\n  divorce_year: null\nchildren:\n- name: 이지영\n  age: 35\n  sex: 여자\n  living_with: false\n- name: 이영숙\n  age: 33\n  sex: 여자\n  living_with: false\npreferences:\n  food: 삼계탕\n  food_source: random\n  hobby: 노래 부르기\n  hobby_source: random\n  culture: 트로트\n  culture_source: random\nhealth:\n  conditions:\n  - 협심증\n  - 백내장\n  - 골다공증\n  medications:\n  - 니트로글리세린\n  - 아스피린\n  - 알렌드로네이트\n'],"F, 이남수 씨는 경기도에 살고 있다.",제공된 페르소나 정보 기준 이남수 씨의 거주지: 경기 고양시 덕양구.,1.0,0.4890220978603039,0.9999999999,0.0,2,P017-Q04-F-반대,F-반대,F
이남수 씨의 현재 운영 중인 사업자명은 무엇인가요?,['id: P017\nuuid: 401589cb2a304247bbc6f3bb5ed7442e\nname: 이남수\nbirth_year: 1956\nage: 70\nsex: 여자\nresidence:\n  province: 경기\n  district: 경기-고양시 덕양구\n  region_class: 수도권\neducation:\n  level: 고등학교\n  field: null\noccupation: 무직\nfamily_type: 배우자와 거주\nhousing_type: 아파트\nmarriage:\n  status: 배우자있음\n  marriage_year: 1986\n  spouse_death_year: null\n  divorce_year: null\nchildren:\n- name: 이지영\n  age: 35\n  sex: 여자\n  living_with: false\n- name: 이영숙\n  age: 33\n  sex: 여자\n  living_with: false\npreferences:\n  food: 삼계탕\n  food_source: random\n  hobby: 노래 부르기\n  hobby_source: random\n  culture: 트로트\n  culture_source: random\nhealth:\n  conditions:\n  - 협심증\n  - 백내장\n  - 골다공증\n  medications:\n  - 니트로글리세린\n  - 아스피린\n  - 알렌드로네이트\n'],정보 없음,제공된 페르소나 정보에는 이남수 씨에 대해 질문한 사실이 없습니다.,1.0,0.0,0.0,0.0,2,P017-Q05-F-비존재,F-비존재,정보 없음
이남수 씨는 2001년에 결혼했다. (참/거짓),['id: P017\nuuid: 401589cb2a304247bbc6f3bb5ed7442e\nname: 이남수\nbirth_year: 1956\nage: 70\nsex: 여자\nresidence:\n  province: 경기\n  district: 경기-고양시 덕양구\n  region_class: 수도권\neducation:\n  level: 고등학교\n  field: null\noccupation: 무직\nfamily_type: 배우자와 거주\nhousing_type: 아파트\nmarriage:\n  status: 배우자있음\n  marriage_year: 1986\n  spouse_death_year: null\n  divorce_year: null\nchildren:\n- name: 이지영\n  age: 35\n  sex: 여자\n  living_with: false\n- name: 이영숙\n  age: 33\n  sex: 여자\n  living_with: false\npreferences:\n  food: 삼계탕\n  food_source: random\n  hobby: 노래 부르기\n  hobby_source: random\n  culture: 트로트\n  culture_source: random\nhealth:\n  conditions:\n  - 협심증\n  - 백내장\n  - 골다공증\n  medications:\n  - 니트로글리세린\n  - 아스피린\n  - 알렌드로네이트\n'],"F, 이남수 씨는 1986년에 결혼했다.",제공된 페르소나 정보 기준 이남수 씨의 결혼 정보: 1986년에 결혼.,1.0,0.5919619950313185,0.9999999999,0.0,2,P017-Q06-F-시점오류,F-시점오류,F
이남수 씨는 경기 고양시 덕양시에 산다. (참/거짓),['id: P017\nuuid: 401589cb2a304247bbc6f3bb5ed7442e\nname: 이남수\nbirth_year: 1956\nage: 70\nsex: 여자\nresidence:\n  province: 경기\n  district: 경기-고양시 덕양구\n  region_class: 수도권\neducation:\n  level: 고등학교\n  field: null\noccupation: 무직\nfamily_type: 배우자와 거주\nhousing_type: 아파트\nmarriage:\n  status: 배우자있음\n  marriage_year: 1986\n  spouse_death_year: null\n  divorce_year: null\nchildren:\n- name: 이지영\n  age: 35\n  sex: 여자\n  living_with: false\n- name: 이영숙\n  age: 33\n  sex: 여자\n  living_with: false\npreferences:\n  food: 삼계탕\n  food_source: random\n  hobby: 노래 부르기\n  hobby_source: random\n  culture: 트로트\n  culture_source: random\nhealth:\n  conditions:\n  - 협심증\n  - 백내장\n  - 골다공증\n  medications:\n  - 니트로글리세린\n  - 아스피린\n  - 알렌드로네이트\n'],"T, 이남수 씨는 경기-고양시 덕양구에 거주한다.",제공된 페르소나 정보 기준 이남수 씨의 거주지: 경기 고양시 덕양구.,1.0,0.4314076012636936,0.9999999999,1.0,2,P017-Q07-ADV-부분일치,ADV-부분일치,F
이남수 씨는 1985년에 결혼했다. (참/거짓),['id: P017\nuuid: 401589cb2a304247bbc6f3bb5ed7442e\nname: 이남수\nbirth_year: 1956\nage: 70\nsex: 여자\nresidence:\n  province: 경기\n  district: 경기-고양시 덕양구\n  region_class: 수도권\neducation:\n  level: 고등학교\n  field: null\noccupation: 무직\nfamily_type: 배우자와 거주\nhousing_type: 아파트\nmarriage:\n  status: 배우자있음\n  marriage_year: 1986\n  spouse_death_year: null\n  divorce_year: null\nchildren:\n- name: 이지영\n  age: 35\n  sex: 여자\n  living_with: false\n- name: 이영숙\n  age: 33\n  sex: 여자\n  living_with: false\npreferences:\n  food: 삼계탕\n  food_source: random\n  hobby: 노래 부르기\n  hobby_source: random\n  culture: 트로트\n  culture_source: random\nhealth:\n  conditions:\n  - 협심증\n  - 백내장\n  - 골다공증\n  medications:\n  - 니트로글리세린\n  - 아스피린\n  - 알렌드로네이트\n'],"F, 이남수 씨는 1986년에 결혼했다.",제공된 페르소나 정보 기준 이남수 씨의 결혼 정보: 1986년에 결혼.,1.0,0.557370948738091,0.9999999999,0.0,2,P017-Q08-ADV-시점근접,ADV-시점근접,F
이남수 씨의 자녀 이름은 이지윤이다. (참/거짓),['id: P017\nuuid: 401589cb2a304247bbc6f3bb5ed7442e\nname: 이남수\nbirth_year: 1956\nage: 70\nsex: 여자\nresidence:\n  province: 경기\n  district: 경기-고양시 덕양구\n  region_class: 수도권\neducation:\n  level: 고등학교\n  field: null\noccupation: 무직\nfamily_type: 배우자와 거주\nhousing_type: 아파트\nmarriage:\n  status: 배우자있음\n  marriage_year: 1986\n  spouse_death_year: null\n  divorce_year: null\nchildren:\n- name: 이지영\n  age: 35\n  sex: 여자\n  living_with: false\n- name: 이영숙\n  age: 33\n  sex: 여자\n  living_with: false\npreferences:\n  food: 삼계탕\n  food_source: random\n  hobby: 노래 부르기\n  hobby_source: random\n  culture: 트로트\n  culture_source: random\nhealth:\n  conditions:\n  - 협심증\n  - 백내장\n  - 골다공증\n  medications:\n  - 니트로글리세린\n  - 아스피린\n  - 알렌드로네이트\n'],"F, 이남수 씨의 자녀 이름은 이지영과 이영숙이다.","제공된 페르소나 정보 기준 이남수 씨의 자녀 정보: 자녀 2명(이지영, 이영숙).",1.0,0.4736923026758394,0.0,0.0,2,P017-Q09-ADV-유사인물,ADV-유사인물,F
허예숙 씨의 거주지는 어디인가요?,['id: P018\nuuid: 493e06ff969d42a79864959657e2fa47\nname: 허예숙\nbirth_year: 1948\nage: 78\nsex: 여자\nresidence:\n  province: 부산\n  district: 부산-사하구\n  region_class: 광역시\neducation:\n  level: 중학교\n  field: null\noccupation: 무직\nfamily_type: 혼자 거주\nhousing_type: 아파트\nmarriage:\n  status: 사별\n  marriage_year: 1976\n  spouse_death_year: 2011\n  divorce_year: null\nchildren:\n- name: 허현주\n  age: 46\n  sex: 여자\n  living_with: false\n- name: 허수정\n  age: 42\n  sex: 여자\n  living_with: false\npreferences:\n  food: 파전\n  food_source: random\n  hobby: 꽃꽂이\n  hobby_source: random\n  culture: 트로트\n  culture_source: text\nhealth:\n  conditions:\n  - 갑상선 저하증\n  - 백내장\n  medications:\n  - 레보티록신\n'],허예숙 씨의 거주지는 부산 사하구입니다.,허예숙 씨의 거주지: 부산 사하구.,1.0,0.6058454625267351,0.9999999999,1.0,2,P018-Q01-T-거주지,T-거주지,부산 사하구
허예숙 씨의 직업은 무엇인가요?,['id: P018\nuuid: 493e06ff969d42a79864959657e2fa47\nname: 허예숙\nbirth_year: 1948\nage: 78\nsex: 여자\nresidence:\n  province: 부산\n  district: 부산-사하구\n  region_class: 광역시\neducation:\n  level: 중학교\n  field: null\noccupation: 무직\nfamily_type: 혼자 거주\nhousing_type: 아파트\nmarriage:\n  status: 사별\n  marriage_year: 1976\n  spouse_death_year: 2011\n  divorce_year: null\nchildren:\n- name: 허현주\n  age: 46\n  sex: 여자\n  living_with: false\n- name: 허수정\n  age: 42\n  sex: 여자\n  living_with: false\npreferences:\n  food: 파전\n  food_source: random\n  hobby: 꽃꽂이\n  hobby_source: random\n  culture: 트로트\n  culture_source: text\nhealth:\n  conditions:\n  - 갑상선 저하증\n  - 백내장\n  medications:\n  - 레보티록신\n'],허예숙 씨의 직업은 무직입니다.,허예숙 씨의 직업: 무직.,1.0,0.966471039761188,0.9999999999,1.0,2,P018-Q02-T-직업,T-직업,무직
허예숙 씨의 최종 학력은 무엇인가요?,['id: P018\nuuid: 493e06ff969d42a79864959657e2fa47\nname: 허예숙\nbirth_year: 1948\nage: 78\nsex: 여자\nresidence:\n  province: 부산\n  district: 부산-사하구\n  region_class: 광역시\neducation:\n  level: 중학교\n  field: null\noccupation: 무직\nfamily_type: 혼자 거주\nhousing_type: 아파트\nmarriage:\n  status: 사별\n  marriage_year: 1976\n  spouse_death_year: 2011\n  divorce_year: null\nchildren:\n- name: 허현주\n  age: 46\n  sex: 여자\n  living_with: false\n- name: 허수정\n  age: 42\n  sex: 여자\n  living_with: false\npreferences:\n  food: 파전\n  food_source: random\n  hobby: 꽃꽂이\n  hobby_source: random\n  culture: 트로트\n  culture_source: text\nhealth:\n  conditions:\n  - 갑상선 저하증\n  - 백내장\n  medications:\n  - 레보티록신\n'],허예숙 씨의 최종 학력은 중학교입니다.,허예숙 씨의 최종 학력: 중학교.,1.0,0.939847042224986,0.9999999999,1.0,2,P018-Q03-T-학력,T-학력,중학교
허예숙 씨는 충청북에 살고 있다. (참/거짓),['id: P018\nuuid: 493e06ff969d42a79864959657e2fa47\nname: 허예숙\nbirth_year: 1948\nage: 78\nsex: 여자\nresidence:\n  province: 부산\n  district: 부산-사하구\n  region_class: 광역시\neducation:\n  level: 중학교\n  field: null\noccupation: 무직\nfamily_type: 혼자 거주\nhousing_type: 아파트\nmarriage:\n  status: 사별\n  marriage_year: 1976\n  spouse_death_year: 2011\n  divorce_year: null\nchildren:\n- name: 허현주\n  age: 46\n  sex: 여자\n  living_with: false\n- name: 허수정\n  age: 42\n  sex: 여자\n  living_with: false\npreferences:\n  food: 파전\n  food_source: random\n  hobby: 꽃꽂이\n  hobby_source: random\n  culture: 트로트\n  culture_source: text\nhealth:\n  conditions:\n  - 갑상선 저하증\n  - 백내장\n  medications:\n  - 레보티록신\n'],F. 허예숙 씨는 부산에 살고 있다.,제공된 페르소나 정보 기준 허예숙 씨의 거주지: 부산 사하구.,1.0,0.7199094654990962,0.9999999999,0.0,2,P018-Q04-F-반대,F-반대,F
허예숙 씨의 최근 가입한 동호회의 이름은 무엇인가요?,['id: P018\nuuid: 493e06ff969d42a79864959657e2fa47\nname: 허예숙\nbirth_year: 1948\nage: 78\nsex: 여자\nresidence:\n  province: 부산\n  district: 부산-사하구\n  region_class: 광역시\neducation:\n  level: 중학교\n  field: null\noccupation: 무직\nfamily_type: 혼자 거주\nhousing_type: 아파트\nmarriage:\n  status: 사별\n  marriage_year: 1976\n  spouse_death_year: 2011\n  divorce_year: null\nchildren:\n- name: 허현주\n  age: 46\n  sex: 여자\n  living_with: false\n- name: 허수정\n  age: 42\n  sex: 여자\n  living_with: false\npreferences:\n  food: 파전\n  food_source: random\n  hobby: 꽃꽂이\n  hobby_source: random\n  culture: 트로트\n  culture_source: text\nhealth:\n  conditions:\n  - 갑상선 저하증\n  - 백내장\n  medications:\n  - 레보티록신\n'],정보 없음,제공된 페르소나 정보에는 허예숙 씨에 대해 질문한 사실이 없습니다.,1.0,0.0,0.0,0.0,2,P018-Q05-F-비존재,F-비존재,정보 없음
허예숙 씨는 1986년에 결혼했다. (참/거짓),['id: P018\nuuid: 493e06ff969d42a79864959657e2fa47\nname: 허예숙\nbirth_year: 1948\nage: 78\nsex: 여자\nresidence:\n  province: 부산\n  district: 부산-사하구\n  region_class: 광역시\neducation:\n  level: 중학교\n  field: null\noccupation: 무직\nfamily_type: 혼자 거주\nhousing_type: 아파트\nmarriage:\n  status: 사별\n  marriage_year: 1976\n  spouse_death_year: 2011\n  divorce_year: null\nchildren:\n- name: 허현주\n  age: 46\n  sex: 여자\n  living_with: false\n- name: 허수정\n  age: 42\n  sex: 여자\n  living_with: false\npreferences:\n  food: 파전\n  food_source: random\n  hobby: 꽃꽂이\n  hobby_source: random\n  culture: 트로트\n  culture_source: text\nhealth:\n  conditions:\n  - 갑상선 저하증\n  - 백내장\n  medications:\n  - 레보티록신\n'],F. 허예숙 씨는 1976년에 결혼했습니다.,제공된 페르소나 정보 기준 허예숙 씨의 결혼 정보: 1976년에 결혼.,1.0,0.5617198312040919,0.9999999999,1.0,2,P018-Q06-F-시점오류,F-시점오류,F
허예숙 씨는 부산 사하시에 산다. (참/거짓),['id: P018\nuuid: 493e06ff969d42a79864959657e2fa47\nname: 허예숙\nbirth_year: 1948\nage: 78\nsex: 여자\nresidence:\n  province: 부산\n  district: 부산-사하구\n  region_class: 광역시\neducation:\n  level: 중학교\n  field: null\noccupation: 무직\nfamily_type: 혼자 거주\nhousing_type: 아파트\nmarriage:\n  status: 사별\n  marriage_year: 1976\n  spouse_death_year: 2011\n  divorce_year: null\nchildren:\n- name: 허현주\n  age: 46\n  sex: 여자\n  living_with: false\n- name: 허수정\n  age: 42\n  sex: 여자\n  living_with: false\npreferences:\n  food: 파전\n  food_source: random\n  hobby: 꽃꽂이\n  hobby_source: random\n  culture: 트로트\n  culture_source: text\nhealth:\n  conditions:\n  - 갑상선 저하증\n  - 백내장\n  medications:\n  - 레보티록신\n'],F. 허예숙 씨는 부산 사하구에 산다.,제공된 페르소나 정보 기준 허예숙 씨의 거주지: 부산 사하구.,0.5,0.7247377490513607,0.9999999999,1.0,2,P018-Q07-ADV-부분일치,ADV-부분일치,F
허예숙 씨는 1975년에 결혼했다. (참/거짓),['id: P018\nuuid: 493e06ff969d42a79864959657e2fa47\nname: 허예숙\nbirth_year: 1948\nage: 78\nsex: 여자\nresidence:\n  province: 부산\n  district: 부산-사하구\n  region_class: 광역시\neducation:\n  level: 중학교\n  field: null\noccupation: 무직\nfamily_type: 혼자 거주\nhousing_type: 아파트\nmarriage:\n  status: 사별\n  marriage_year: 1976\n  spouse_death_year: 2011\n  divorce_year: null\nchildren:\n- name: 허현주\n  age: 46\n  sex: 여자\n  living_with: false\n- name: 허수정\n  age: 42\n  sex: 여자\n  living_with: false\npreferences:\n  food: 파전\n  food_source: random\n  hobby: 꽃꽂이\n  hobby_source: random\n  culture: 트로트\n  culture_source: text\nhealth:\n  conditions:\n  - 갑상선 저하증\n  - 백내장\n  medications:\n  - 레보티록신\n'],F. 허예숙 씨는 1976년에 결혼했다.,제공된 페르소나 정보 기준 허예숙 씨의 결혼 정보: 1976년에 결혼.,1.0,0.5370017495928076,0.9999999999,0.0,2,P018-Q08-ADV-시점근접,ADV-시점근접,F
허예숙 씨의 자녀 이름은 허민지이다. (참/거짓),['id: P018\nuuid: 493e06ff969d42a79864959657e2fa47\nname: 허예숙\nbirth_year: 1948\nage: 78\nsex: 여자\nresidence:\n  province: 부산\n  district: 부산-사하구\n  region_class: 광역시\neducation:\n  level: 중학교\n  field: null\noccupation: 무직\nfamily_type: 혼자 거주\nhousing_type: 아파트\nmarriage:\n  status: 사별\n  marriage_year: 1976\n  spouse_death_year: 2011\n  divorce_year: null\nchildren:\n- name: 허현주\n  age: 46\n  sex: 여자\n  living_with: false\n- name: 허수정\n  age: 42\n  sex: 여자\n  living_with: false\npreferences:\n  food: 파전\n  food_source: random\n  hobby: 꽃꽂이\n  hobby_source: random\n  culture: 트로트\n  culture_source: text\nhealth:\n  conditions:\n  - 갑상선 저하증\n  - 백내장\n  medications:\n  - 레보티록신\n'],F. 허예숙 씨의 자녀 이름은 허현주와 허수정이다.,"제공된 페르소나 정보 기준 허예숙 씨의 자녀 정보: 자녀 2명(허현주, 허수정).",1.0,0.7157079747906816,0.0,0.0,2,P018-Q09-ADV-유사인물,ADV-유사인물,F
신춘자 씨의 거주지는 어디인가요?,['id: P019\nuuid: ea934e3963324a1c895766f1b94cfb43\nname: 신춘자\nbirth_year: 1947\nage: 79\nsex: 여자\nresidence:\n  province: 강원\n  district: 강원-홍천군\n  region_class: 지방\neducation:\n  level: 초등학교\n  field: null\noccupation: 무직\nfamily_type: 배우자와 거주\nhousing_type: 단독주택\nmarriage:\n  status: 배우자있음\n  marriage_year: 1977\n  spouse_death_year: null\n  divorce_year: null\nchildren:\n- name: 신민지\n  age: 44\n  sex: 여자\n  living_with: false\npreferences:\n  food: 된장찌개\n  food_source: random\n  hobby: 꽃꽂이\n  hobby_source: random\n  culture: 임영웅 노래\n  culture_source: random\nhealth:\n  conditions:\n  - 전립선비대\n  - 관절염\n  medications:\n  - 탐스로신\n  - 아세트아미노펜\n  - 셀레콕시브\n'],신춘자 씨의 거주지는 강원도 홍천군입니다.,신춘자 씨의 거주지: 강원 홍천군.,1.0,0.925074664314284,0.9999999999,1.0,2,P019-Q01-T-거주지,T-거주지,강원 홍천군
신춘자 씨의 직업은 무엇인가요?,['id: P019\nuuid: ea934e3963324a1c895766f1b94cfb43\nname: 신춘자\nbirth_year: 1947\nage: 79\nsex: 여자\nresidence:\n  province: 강원\n  district: 강원-홍천군\n  region_class: 지방\neducation:\n  level: 초등학교\n  field: null\noccupation: 무직\nfamily_type: 배우자와 거주\nhousing_type: 단독주택\nmarriage:\n  status: 배우자있음\n  marriage_year: 1977\n  spouse_death_year: null\n  divorce_year: null\nchildren:\n- name: 신민지\n  age: 44\n  sex: 여자\n  living_with: false\npreferences:\n  food: 된장찌개\n  food_source: random\n  hobby: 꽃꽂이\n  hobby_source: random\n  culture: 임영웅 노래\n  culture_source: random\nhealth:\n  conditions:\n  - 전립선비대\n  - 관절염\n  medications:\n  - 탐스로신\n  - 아세트아미노펜\n  - 셀레콕시브\n'],신춘자 씨의 직업은 무직입니다.,신춘자 씨의 직업: 무직.,1.0,0.9558649112949992,0.9999999999,1.0,2,P019-Q02-T-직업,T-직업,무직
신춘자 씨의 최종 학력은 무엇인가요?,['id: P019\nuuid: ea934e3963324a1c895766f1b94cfb43\nname: 신춘자\nbirth_year: 1947\nage: 79\nsex: 여자\nresidence:\n  province: 강원\n  district: 강원-홍천군\n  region_class: 지방\neducation:\n  level: 초등학교\n  field: null\noccupation: 무직\nfamily_type: 배우자와 거주\nhousing_type: 단독주택\nmarriage:\n  status: 배우자있음\n  marriage_year: 1977\n  spouse_death_year: null\n  divorce_year: null\nchildren:\n- name: 신민지\n  age: 44\n  sex: 여자\n  living_with: false\npreferences:\n  food: 된장찌개\n  food_source: random\n  hobby: 꽃꽂이\n  hobby_source: random\n  culture: 임영웅 노래\n  culture_source: random\nhealth:\n  conditions:\n  - 전립선비대\n  - 관절염\n  medications:\n  - 탐스로신\n  - 아세트아미노펜\n  - 셀레콕시브\n'],신춘자 씨의 최종 학력은 초등학교입니다.,신춘자 씨의 최종 학력: 초등학교.,1.0,0.8865735827266117,0.9999999999,1.0,2,P019-Q03-T-학력,T-학력,초등학교
신춘자 씨는 서울에 살고 있다. (참/거짓),['id: P019\nuuid: ea934e3963324a1c895766f1b94cfb43\nname: 신춘자\nbirth_year: 1947\nage: 79\nsex: 여자\nresidence:\n  province: 강원\n  district: 강원-홍천군\n  region_class: 지방\neducation:\n  level: 초등학교\n  field: null\noccupation: 무직\nfamily_type: 배우자와 거주\nhousing_type: 단독주택\nmarriage:\n  status: 배우자있음\n  marriage_year: 1977\n  spouse_death_year: null\n  divorce_year: null\nchildren:\n- name: 신민지\n  age: 44\n  sex: 여자\n  living_with: false\npreferences:\n  food: 된장찌개\n  food_source: random\n  hobby: 꽃꽂이\n  hobby_source: random\n  culture: 임영웅 노래\n  culture_source: random\nhealth:\n  conditions:\n  - 전립선비대\n  - 관절염\n  medications:\n  - 탐스로신\n  - 아세트아미노펜\n  - 셀레콕시브\n'],"F, 신춘자 씨는 강원도 홍천군에 살고 있다.",제공된 페르소나 정보 기준 신춘자 씨의 거주지: 강원 홍천군.,1.0,0.8169638217065011,0.9999999999,0.5,2,P019-Q04-F-반대,F-반대,F
신춘자 씨의 최근 가입한 동호회의 이름은 무엇인가요?,['id: P019\nuuid: ea934e3963324a1c895766f1b94cfb43\nname: 신춘자\nbirth_year: 1947\nage: 79\nsex: 여자\nresidence:\n  province: 강원\n  district: 강원-홍천군\n  region_class: 지방\neducation:\n  level: 초등학교\n  field: null\noccupation: 무직\nfamily_type: 배우자와 거주\nhousing_type: 단독주택\nmarriage:\n  status: 배우자있음\n  marriage_year: 1977\n  spouse_death_year: null\n  divorce_year: null\nchildren:\n- name: 신민지\n  age: 44\n  sex: 여자\n  living_with: false\npreferences:\n  food: 된장찌개\n  food_source: random\n  hobby: 꽃꽂이\n  hobby_source: random\n  culture: 임영웅 노래\n  culture_source: random\nhealth:\n  conditions:\n  - 전립선비대\n  - 관절염\n  medications:\n  - 탐스로신\n  - 아세트아미노펜\n  - 셀레콕시브\n'],정보 없음,제공된 페르소나 정보에는 신춘자 씨에 대해 질문한 사실이 없습니다.,1.0,0.0,0.0,0.0,2,P019-Q05-F-비존재,F-비존재,정보 없음
신춘자 씨는 1962년에 결혼했다. (참/거짓),['id: P019\nuuid: ea934e3963324a1c895766f1b94cfb43\nname: 신춘자\nbirth_year: 1947\nage: 79\nsex: 여자\nresidence:\n  province: 강원\n  district: 강원-홍천군\n  region_class: 지방\neducation:\n  level: 초등학교\n  field: null\noccupation: 무직\nfamily_type: 배우자와 거주\nhousing_type: 단독주택\nmarriage:\n  status: 배우자있음\n  marriage_year: 1977\n  spouse_death_year: null\n  divorce_year: null\nchildren:\n- name: 신민지\n  age: 44\n  sex: 여자\n  living_with: false\npreferences:\n  food: 된장찌개\n  food_source: random\n  hobby: 꽃꽂이\n  hobby_source: random\n  culture: 임영웅 노래\n  culture_source: random\nhealth:\n  conditions:\n  - 전립선비대\n  - 관절염\n  medications:\n  - 탐스로신\n  - 아세트아미노펜\n  - 셀레콕시브\n'],"F, 신춘자 씨는 1977년에 결혼했다.",제공된 페르소나 정보 기준 신춘자 씨의 결혼 정보: 1977년에 결혼.,1.0,0.8271265404251515,0.9999999999,1.0,2,P019-Q06-F-시점오류,F-시점오류,F
신춘자 씨는 강원 홍천구에 산다. (참/거짓),['id: P019\nuuid: ea934e3963324a1c895766f1b94cfb43\nname: 신춘자\nbirth_year: 1947\nage: 79\nsex: 여자\nresidence:\n  province: 강원\n  district: 강원-홍천군\n  region_class: 지방\neducation:\n  level: 초등학교\n  field: null\noccupation: 무직\nfamily_type: 배우자와 거주\nhousing_type: 단독주택\nmarriage:\n  status: 배우자있음\n  marriage_year: 1977\n  spouse_death_year: null\n  divorce_year: null\nchildren:\n- name: 신민지\n  age: 44\n  sex: 여자\n  living_with: false\npreferences:\n  food: 된장찌개\n  food_source: random\n  hobby: 꽃꽂이\n  hobby_source: random\n  culture: 임영웅 노래\n  culture_source: random\nhealth:\n  conditions:\n  - 전립선비대\n  - 관절염\n  medications:\n  - 탐스로신\n  - 아세트아미노펜\n  - 셀레콕시브\n'],F. 신춘자 씨는 강원-홍천군에 거주한다.,제공된 페르소나 정보 기준 신춘자 씨의 거주지: 강원 홍천군.,0.5,0.7616991099376222,0.9999999999,1.0,2,P019-Q07-ADV-부분일치,ADV-부분일치,F
신춘자 씨는 1976년에 결혼했다. (참/거짓),['id: P019\nuuid: ea934e3963324a1c895766f1b94cfb43\nname: 신춘자\nbirth_year: 1947\nage: 79\nsex: 여자\nresidence:\n  province: 강원\n  district: 강원-홍천군\n  region_class: 지방\neducation:\n  level: 초등학교\n  field: null\noccupation: 무직\nfamily_type: 배우자와 거주\nhousing_type: 단독주택\nmarriage:\n  status: 배우자있음\n  marriage_year: 1977\n  spouse_death_year: null\n  divorce_year: null\nchildren:\n- name: 신민지\n  age: 44\n  sex: 여자\n  living_with: false\npreferences:\n  food: 된장찌개\n  food_source: random\n  hobby: 꽃꽂이\n  hobby_source: random\n  culture: 임영웅 노래\n  culture_source: random\nhealth:\n  conditions:\n  - 전립선비대\n  - 관절염\n  medications:\n  - 탐스로신\n  - 아세트아미노펜\n  - 셀레콕시브\n'],"F, 신춘자 씨는 1977년에 결혼했다.",제공된 페르소나 정보 기준 신춘자 씨의 결혼 정보: 1977년에 결혼.,1.0,0.8327332925329299,0.9999999999,0.0,2,P019-Q08-ADV-시점근접,ADV-시점근접,F
신춘자 씨의 자녀 이름은 신선영이다. (참/거짓),['id: P019\nuuid: ea934e3963324a1c895766f1b94cfb43\nname: 신춘자\nbirth_year: 1947\nage: 79\nsex: 여자\nresidence:\n  province: 강원\n  district: 강원-홍천군\n  region_class: 지방\neducation:\n  level: 초등학교\n  field: null\noccupation: 무직\nfamily_type: 배우자와 거주\nhousing_type: 단독주택\nmarriage:\n  status: 배우자있음\n  marriage_year: 1977\n  spouse_death_year: null\n  divorce_year: null\nchildren:\n- name: 신민지\n  age: 44\n  sex: 여자\n  living_with: false\npreferences:\n  food: 된장찌개\n  food_source: random\n  hobby: 꽃꽂이\n  hobby_source: random\n  culture: 임영웅 노래\n  culture_source: random\nhealth:\n  conditions:\n  - 전립선비대\n  - 관절염\n  medications:\n  - 탐스로신\n  - 아세트아미노펜\n  - 셀레콕시브\n'],F. 신춘자 씨의 자녀 이름은 신민지이다.,제공된 페르소나 정보 기준 신춘자 씨의 자녀 정보: 자녀 1명(신민지).,1.0,0.7852395111070202,0.0,0.0,2,P019-Q09-ADV-유사인물,ADV-유사인물,F
구영자 씨의 거주지는 어디인가요?,['id: P020\nuuid: a3cf6ff1828e43eab2940bcd2f07ed0e\nname: 구영자\nbirth_year: 1952\nage: 74\nsex: 여자\nresidence:\n  province: 경상남\n  district: 경상남-창원시 성산구\n  region_class: 지방\neducation:\n  level: 중학교\n  field: null\noccupation: 무직\nfamily_type: 배우자와 거주\nhousing_type: 아파트\nmarriage:\n  status: 배우자있음\n  marriage_year: 1982\n  spouse_death_year: null\n  divorce_year: null\nchildren:\n- name: 구수정\n  age: 40\n  sex: 여자\n  living_with: false\n- name: 구영숙\n  age: 38\n  sex: 여자\n  living_with: false\npreferences:\n  food: 비빔밥\n  food_source: text\n  hobby: 산책\n  hobby_source: text\n  culture: 트로트\n  culture_source: text\nhealth:\n  conditions:\n  - 고혈압\n  - 갑상선 저하증\n  - 백내장\n  medications:\n  - 암로디핀\n  - 로사르탄\n  - 레보티록신\n'],구영자 씨의 거주지는 경상남-창원시 성산구입니다.,구영자 씨의 거주지: 경상남 창원시 성산구.,1.0,0.53310613767291,0.9999999999,1.0,2,P020-Q01-T-거주지,T-거주지,경상남 창원시 성산구
구영자 씨의 직업은 무엇인가요?,['id: P020\nuuid: a3cf6ff1828e43eab2940bcd2f07ed0e\nname: 구영자\nbirth_year: 1952\nage: 74\nsex: 여자\nresidence:\n  province: 경상남\n  district: 경상남-창원시 성산구\n  region_class: 지방\neducation:\n  level: 중학교\n  field: null\noccupation: 무직\nfamily_type: 배우자와 거주\nhousing_type: 아파트\nmarriage:\n  status: 배우자있음\n  marriage_year: 1982\n  spouse_death_year: null\n  divorce_year: null\nchildren:\n- name: 구수정\n  age: 40\n  sex: 여자\n  living_with: false\n- name: 구영숙\n  age: 38\n  sex: 여자\n  living_with: false\npreferences:\n  food: 비빔밥\n  food_source: text\n  hobby: 산책\n  hobby_source: text\n  culture: 트로트\n  culture_source: text\nhealth:\n  conditions:\n  - 고혈압\n  - 갑상선 저하증\n  - 백내장\n  medications:\n  - 암로디핀\n  - 로사르탄\n  - 레보티록신\n'],구영자 씨의 직업은 무직입니다.,구영자 씨의 직업: 무직.,1.0,0.6794465794924839,0.9999999999,1.0,2,P020-Q02-T-직업,T-직업,무직
구영자 씨의 최종 학력은 무엇인가요?,['id: P020\nuuid: a3cf6ff1828e43eab2940bcd2f07ed0e\nname: 구영자\nbirth_year: 1952\nage: 74\nsex: 여자\nresidence:\n  province: 경상남\n  district: 경상남-창원시 성산구\n  region_class: 지방\neducation:\n  level: 중학교\n  field: null\noccupation: 무직\nfamily_type: 배우자와 거주\nhousing_type: 아파트\nmarriage:\n  status: 배우자있음\n  marriage_year: 1982\n  spouse_death_year: null\n  divorce_year: null\nchildren:\n- name: 구수정\n  age: 40\n  sex: 여자\n  living_with: false\n- name: 구영숙\n  age: 38\n  sex: 여자\n  living_with: false\npreferences:\n  food: 비빔밥\n  food_source: text\n  hobby: 산책\n  hobby_source: text\n  culture: 트로트\n  culture_source: text\nhealth:\n  conditions:\n  - 고혈압\n  - 갑상선 저하증\n  - 백내장\n  medications:\n  - 암로디핀\n  - 로사르탄\n  - 레보티록신\n'],구영자 씨의 최종 학력은 중학교입니다.,구영자 씨의 최종 학력: 중학교.,1.0,0.8985749803432496,0.9999999999,1.0,2,P020-Q03-T-학력,T-학력,중학교
구영자 씨는 부산에 살고 있다. (참/거짓),['id: P020\nuuid: a3cf6ff1828e43eab2940bcd2f07ed0e\nname: 구영자\nbirth_year: 1952\nage: 74\nsex: 여자\nresidence:\n  province: 경상남\n  district: 경상남-창원시 성산구\n  region_class: 지방\neducation:\n  level: 중학교\n  field: null\noccupation: 무직\nfamily_type: 배우자와 거주\nhousing_type: 아파트\nmarriage:\n  status: 배우자있음\n  marriage_year: 1982\n  spouse_death_year: null\n  divorce_year: null\nchildren:\n- name: 구수정\n  age: 40\n  sex: 여자\n  living_with: false\n- name: 구영숙\n  age: 38\n  sex: 여자\n  living_with: false\npreferences:\n  food: 비빔밥\n  food_source: text\n  hobby: 산책\n  hobby_source: text\n  culture: 트로트\n  culture_source: text\nhealth:\n  conditions:\n  - 고혈압\n  - 갑상선 저하증\n  - 백내장\n  medications:\n  - 암로디핀\n  - 로사르탄\n  - 레보티록신\n'],"F, 구영자 씨는 경상남도 창원시 성산구에 살고 있다.",제공된 페르소나 정보 기준 구영자 씨의 거주지: 경상남 창원시 성산구.,1.0,0.801526960969813,0.9999999999,0.0,2,P020-Q04-F-반대,F-반대,F
구영자 씨의 최근 가입한 동호회의 이름은 무엇인가요?,['id: P020\nuuid: a3cf6ff1828e43eab2940bcd2f07ed0e\nname: 구영자\nbirth_year: 1952\nage: 74\nsex: 여자\nresidence:\n  province: 경상남\n  district: 경상남-창원시 성산구\n  region_class: 지방\neducation:\n  level: 중학교\n  field: null\noccupation: 무직\nfamily_type: 배우자와 거주\nhousing_type: 아파트\nmarriage:\n  status: 배우자있음\n  marriage_year: 1982\n  spouse_death_year: null\n  divorce_year: null\nchildren:\n- name: 구수정\n  age: 40\n  sex: 여자\n  living_with: false\n- name: 구영숙\n  age: 38\n  sex: 여자\n  living_with: false\npreferences:\n  food: 비빔밥\n  food_source: text\n  hobby: 산책\n  hobby_source: text\n  culture: 트로트\n  culture_source: text\nhealth:\n  conditions:\n  - 고혈압\n  - 갑상선 저하증\n  - 백내장\n  medications:\n  - 암로디핀\n  - 로사르탄\n  - 레보티록신\n'],정보 없음,제공된 페르소나 정보에는 구영자 씨에 대해 질문한 사실이 없습니다.,1.0,0.0,0.0,0.0,2,P020-Q05-F-비존재,F-비존재,정보 없음
구영자 씨는 1967년에 결혼했다. (참/거짓),['id: P020\nuuid: a3cf6ff1828e43eab2940bcd2f07ed0e\nname: 구영자\nbirth_year: 1952\nage: 74\nsex: 여자\nresidence:\n  province: 경상남\n  district: 경상남-창원시 성산구\n  region_class: 지방\neducation:\n  level: 중학교\n  field: null\noccupation: 무직\nfamily_type: 배우자와 거주\nhousing_type: 아파트\nmarriage:\n  status: 배우자있음\n  marriage_year: 1982\n  spouse_death_year: null\n  divorce_year: null\nchildren:\n- name: 구수정\n  age: 40\n  sex: 여자\n  living_with: false\n- name: 구영숙\n  age: 38\n  sex: 여자\n  living_with: false\npreferences:\n  food: 비빔밥\n  food_source: text\n  hobby: 산책\n  hobby_source: text\n  culture: 트로트\n  culture_source: text\nhealth:\n  conditions:\n  - 고혈압\n  - 갑상선 저하증\n  - 백내장\n  medications:\n  - 암로디핀\n  - 로사르탄\n  - 레보티록신\n'],F. 구영자 씨는 1982년에 결혼했다.,제공된 페르소나 정보 기준 구영자 씨의 결혼 정보: 1982년에 결혼.,1.0,0.5413007200533874,0.9999999999,1.0,2,P020-Q06-F-시점오류,F-시점오류,F
구영자 씨는 경상남 창원시 성산시에 산다. (참/거짓),['id: P020\nuuid: a3cf6ff1828e43eab2940bcd2f07ed0e\nname: 구영자\nbirth_year: 1952\nage: 74\nsex: 여자\nresidence:\n  province: 경상남\n  district: 경상남-창원시 성산구\n  region_class: 지방\neducation:\n  level: 중학교\n  field: null\noccupation: 무직\nfamily_type: 배우자와 거주\nhousing_type: 아파트\nmarriage:\n  status: 배우자있음\n  marriage_year: 1982\n  spouse_death_year: null\n  divorce_year: null\nchildren:\n- name: 구수정\n  age: 40\n  sex: 여자\n  living_with: false\n- name: 구영숙\n  age: 38\n  sex: 여자\n  living_with: false\npreferences:\n  food: 비빔밥\n  food_source: text\n  hobby: 산책\n  hobby_source: text\n  culture: 트로트\n  culture_source: text\nhealth:\n  conditions:\n  - 고혈압\n  - 갑상선 저하증\n  - 백내장\n  medications:\n  - 암로디핀\n  - 로사르탄\n  - 레보티록신\n'],"F, 구영자 씨는 경상남 창원시 성산구에 산다.",제공된 페르소나 정보 기준 구영자 씨의 거주지: 경상남 창원시 성산구.,1.0,0.6656268768655363,0.9999999999,1.0,2,P020-Q07-ADV-부분일치,ADV-부분일치,F
구영자 씨는 1983년에 결혼했다. (참/거짓),['id: P020\nuuid: a3cf6ff1828e43eab2940bcd2f07ed0e\nname: 구영자\nbirth_year: 1952\nage: 74\nsex: 여자\nresidence:\n  province: 경상남\n  district: 경상남-창원시 성산구\n  region_class: 지방\neducation:\n  level: 중학교\n  field: null\noccupation: 무직\nfamily_type: 배우자와 거주\nhousing_type: 아파트\nmarriage:\n  status: 배우자있음\n  marriage_year: 1982\n  spouse_death_year: null\n  divorce_year: null\nchildren:\n- name: 구수정\n  age: 40\n  sex: 여자\n  living_with: false\n- name: 구영숙\n  age: 38\n  sex: 여자\n  living_with: false\npreferences:\n  food: 비빔밥\n  food_source: text\n  hobby: 산책\n  hobby_source: text\n  culture: 트로트\n  culture_source: text\nhealth:\n  conditions:\n  - 고혈압\n  - 갑상선 저하증\n  - 백내장\n  medications:\n  - 암로디핀\n  - 로사르탄\n  - 레보티록신\n'],F. 구영자 씨는 1982년에 결혼했다.,제공된 페르소나 정보 기준 구영자 씨의 결혼 정보: 1982년에 결혼.,1.0,0.5450282756330725,0.9999999999,0.0,2,P020-Q08-ADV-시점근접,ADV-시점근접,F
구영자 씨의 자녀 이름은 구혜영이다. (참/거짓),['id: P020\nuuid: a3cf6ff1828e43eab2940bcd2f07ed0e\nname: 구영자\nbirth_year: 1952\nage: 74\nsex: 여자\nresidence:\n  province: 경상남\n  district: 경상남-창원시 성산구\n  region_class: 지방\neducation:\n  level: 중학교\n  field: null\noccupation: 무직\nfamily_type: 배우자와 거주\nhousing_type: 아파트\nmarriage:\n  status: 배우자있음\n  marriage_year: 1982\n  spouse_death_year: null\n  divorce_year: null\nchildren:\n- name: 구수정\n  age: 40\n  sex: 여자\n  living_with: false\n- name: 구영숙\n  age: 38\n  sex: 여자\n  living_with: false\npreferences:\n  food: 비빔밥\n  food_source: text\n  hobby: 산책\n  hobby_source: text\n  culture: 트로트\n  culture_source: text\nhealth:\n  conditions:\n  - 고혈압\n  - 갑상선 저하증\n  - 백내장\n  medications:\n  - 암로디핀\n  - 로사르탄\n  - 레보티록신\n'],"F. 구영자 씨의 자녀 이름은 구수정, 구영숙이다.","제공된 페르소나 정보 기준 구영자 씨의 자녀 정보: 자녀 2명(구수정, 구영숙).",1.0,0.7016546462620248,0.0,0.0,2,P020-Q09-ADV-유사인물,ADV-유사인물,F
조만복 씨의 거주지는 어디인가요?,['id: P021\nuuid: 9a9b34e74d6041fcabe453480d6e5d7a\nname: 조만복\nbirth_year: 1944\nage: 82\nsex: 남자\nresidence:\n  province: 충청남\n  district: 충청남-태안군\n  region_class: 지방\neducation:\n  level: 중학교\n  field: null\noccupation: 하역 및 적재 관련 단순 종사원\nfamily_type: 배우자와 거주\nhousing_type: 단독주택\nmarriage:\n  status: 배우자있음\n  marriage_year: 1972\n  spouse_death_year: null\n  divorce_year: null\nchildren:\n- name: 조지훈\n  age: 50\n  sex: 남자\n  living_with: false\n- name: 조혜진\n  age: 47\n  sex: 여자\n  living_with: false\npreferences:\n  food: 김밥\n  food_source: text\n  hobby: 산책\n  hobby_source: random\n  culture: 가요무대\n  culture_source: random\nhealth:\n  conditions:\n  - 관절염\n  - 갑상선 저하증\n  medications:\n  - 아세트아미노펜\n  - 셀레콕시브\n  - 레보티록신\n'],조만복 씨의 거주지는 충청남-태안군입니다.,조만복 씨의 거주지: 충청남 태안군.,1.0,0.6057482382669055,0.9999999999,1.0,2,P021-Q01-T-거주지,T-거주지,충청남 태안군
조만복 씨의 직업은 무엇인가요?,['id: P021\nuuid: 9a9b34e74d6041fcabe453480d6e5d7a\nname: 조만복\nbirth_year: 1944\nage: 82\nsex: 남자\nresidence:\n  province: 충청남\n  district: 충청남-태안군\n  region_class: 지방\neducation:\n  level: 중학교\n  field: null\noccupation: 하역 및 적재 관련 단순 종사원\nfamily_type: 배우자와 거주\nhousing_type: 단독주택\nmarriage:\n  status: 배우자있음\n  marriage_year: 1972\n  spouse_death_year: null\n  divorce_year: null\nchildren:\n- name: 조지훈\n  age: 50\n  sex: 남자\n  living_with: false\n- name: 조혜진\n  age: 47\n  sex: 여자\n  living_with: false\npreferences:\n  food: 김밥\n  food_source: text\n  hobby: 산책\n  hobby_source: random\n  culture: 가요무대\n  culture_source: random\nhealth:\n  conditions:\n  - 관절염\n  - 갑상선 저하증\n  medications:\n  - 아세트아미노펜\n  - 셀레콕시브\n  - 레보티록신\n'],조만복 씨의 직업은 하역 및 적재 관련 단순 종사원입니다.,조만복 씨의 직업: 하역 및 적재 관련 단순 종사원.,1.0,0.8146051644405953,0.9999999999,1.0,2,P021-Q02-T-직업,T-직업,하역 및 적재 관련 단순 종사원
조만복 씨의 최종 학력은 무엇인가요?,['id: P021\nuuid: 9a9b34e74d6041fcabe453480d6e5d7a\nname: 조만복\nbirth_year: 1944\nage: 82\nsex: 남자\nresidence:\n  province: 충청남\n  district: 충청남-태안군\n  region_class: 지방\neducation:\n  level: 중학교\n  field: null\noccupation: 하역 및 적재 관련 단순 종사원\nfamily_type: 배우자와 거주\nhousing_type: 단독주택\nmarriage:\n  status: 배우자있음\n  marriage_year: 1972\n  spouse_death_year: null\n  divorce_year: null\nchildren:\n- name: 조지훈\n  age: 50\n  sex: 남자\n  living_with: false\n- name: 조혜진\n  age: 47\n  sex: 여자\n  living_with: false\npreferences:\n  food: 김밥\n  food_source: text\n  hobby: 산책\n  hobby_source: random\n  culture: 가요무대\n  culture_source: random\nhealth:\n  conditions:\n  - 관절염\n  - 갑상선 저하증\n  medications:\n  - 아세트아미노펜\n  - 셀레콕시브\n  - 레보티록신\n'],조만복 씨의 최종 학력은 중학교입니다.,조만복 씨의 최종 학력: 중학교.,1.0,0.8675087975673758,0.9999999999,1.0,2,P021-Q03-T-학력,T-학력,중학교
조만복 씨는 부산에 살고 있다. (참/거짓),['id: P021\nuuid: 9a9b34e74d6041fcabe453480d6e5d7a\nname: 조만복\nbirth_year: 1944\nage: 82\nsex: 남자\nresidence:\n  province: 충청남\n  district: 충청남-태안군\n  region_class: 지방\neducation:\n  level: 중학교\n  field: null\noccupation: 하역 및 적재 관련 단순 종사원\nfamily_type: 배우자와 거주\nhousing_type: 단독주택\nmarriage:\n  status: 배우자있음\n  marriage_year: 1972\n  spouse_death_year: null\n  divorce_year: null\nchildren:\n- name: 조지훈\n  age: 50\n  sex: 남자\n  living_with: false\n- name: 조혜진\n  age: 47\n  sex: 여자\n  living_with: false\npreferences:\n  food: 김밥\n  food_source: text\n  hobby: 산책\n  hobby_source: random\n  culture: 가요무대\n  culture_source: random\nhealth:\n  conditions:\n  - 관절염\n  - 갑상선 저하증\n  medications:\n  - 아세트아미노펜\n  - 셀레콕시브\n  - 레보티록신\n'],F. 조만복 씨는 충청남-태안군에 살고 있다.,제공된 페르소나 정보 기준 조만복 씨의 거주지: 충청남 태안군.,1.0,0.5379637607275568,0.9999999999,0.0,2,P021-Q04-F-반대,F-반대,F
조만복 씨의 최근 가입한 동호회의 이름은 무엇인가요?,['id: P021\nuuid: 9a9b34e74d6041fcabe453480d6e5d7a\nname: 조만복\nbirth_year: 1944\nage: 82\nsex: 남자\nresidence:\n  province: 충청남\n  district: 충청남-태안군\n  region_class: 지방\neducation:\n  level: 중학교\n  field: null\noccupation: 하역 및 적재 관련 단순 종사원\nfamily_type: 배우자와 거주\nhousing_type: 단독주택\nmarriage:\n  status: 배우자있음\n  marriage_year: 1972\n  spouse_death_year: null\n  divorce_year: null\nchildren:\n- name: 조지훈\n  age: 50\n  sex: 남자\n  living_with: false\n- name: 조혜진\n  age: 47\n  sex: 여자\n  living_with: false\npreferences:\n  food: 김밥\n  food_source: text\n  hobby: 산책\n  hobby_source: random\n  culture: 가요무대\n  culture_source: random\nhealth:\n  conditions:\n  - 관절염\n  - 갑상선 저하증\n  medications:\n  - 아세트아미노펜\n  - 셀레콕시브\n  - 레보티록신\n'],정보 없음,제공된 페르소나 정보에는 조만복 씨에 대해 질문한 사실이 없습니다.,1.0,0.0,0.0,0.0,2,P021-Q05-F-비존재,F-비존재,정보 없음
조만복 씨는 1987년에 결혼했다. (참/거짓),['id: P021\nuuid: 9a9b34e74d6041fcabe453480d6e5d7a\nname: 조만복\nbirth_year: 1944\nage: 82\nsex: 남자\nresidence:\n  province: 충청남\n  district: 충청남-태안군\n  region_class: 지방\neducation:\n  level: 중학교\n  field: null\noccupation: 하역 및 적재 관련 단순 종사원\nfamily_type: 배우자와 거주\nhousing_type: 단독주택\nmarriage:\n  status: 배우자있음\n  marriage_year: 1972\n  spouse_death_year: null\n  divorce_year: null\nchildren:\n- name: 조지훈\n  age: 50\n  sex: 남자\n  living_with: false\n- name: 조혜진\n  age: 47\n  sex: 여자\n  living_with: false\npreferences:\n  food: 김밥\n  food_source: text\n  hobby: 산책\n  hobby_source: random\n  culture: 가요무대\n  culture_source: random\nhealth:\n  conditions:\n  - 관절염\n  - 갑상선 저하증\n  medications:\n  - 아세트아미노펜\n  - 셀레콕시브\n  - 레보티록신\n'],F. 조만복 씨는 1972년에 결혼했다.,제공된 페르소나 정보 기준 조만복 씨의 결혼 정보: 1972년에 결혼.,1.0,0.5684427698416314,0.0,1.0,2,P021-Q06-F-시점오류,F-시점오류,F
조만복 씨의 직업은 물류 창고 관리원이다. (참/거짓),['id: P021\nuuid: 9a9b34e74d6041fcabe453480d6e5d7a\nname: 조만복\nbirth_year: 1944\nage: 82\nsex: 남자\nresidence:\n  province: 충청남\n  district: 충청남-태안군\n  region_class: 지방\neducation:\n  level: 중학교\n  field: null\noccupation: 하역 및 적재 관련 단순 종사원\nfamily_type: 배우자와 거주\nhousing_type: 단독주택\nmarriage:\n  status: 배우자있음\n  marriage_year: 1972\n  spouse_death_year: null\n  divorce_year: null\nchildren:\n- name: 조지훈\n  age: 50\n  sex: 남자\n  living_with: false\n- name: 조혜진\n  age: 47\n  sex: 여자\n  living_with: false\npreferences:\n  food: 김밥\n  food_source: text\n  hobby: 산책\n  hobby_source: random\n  culture: 가요무대\n  culture_source: random\nhealth:\n  conditions:\n  - 관절염\n  - 갑상선 저하증\n  medications:\n  - 아세트아미노펜\n  - 셀레콕시브\n  - 레보티록신\n'],F. 조만복 씨의 직업은 하역 및 적재 관련 단순 종사원이다.,제공된 페르소나 정보 기준 조만복 씨의 직업: 하역 및 적재 관련 단순 종사원.,1.0,0.4753733723936026,0.0,1.0,2,P021-Q07-ADV-부분일치,ADV-부분일치,F
조만복 씨는 1971년에 결혼했다. (참/거짓),['id: P021\nuuid: 9a9b34e74d6041fcabe453480d6e5d7a\nname: 조만복\nbirth_year: 1944\nage: 82\nsex: 남자\nresidence:\n  province: 충청남\n  district: 충청남-태안군\n  region_class: 지방\neducation:\n  level: 중학교\n  field: null\noccupation: 하역 및 적재 관련 단순 종사원\nfamily_type: 배우자와 거주\nhousing_type: 단독주택\nmarriage:\n  status: 배우자있음\n  marriage_year: 1972\n  spouse_death_year: null\n  divorce_year: null\nchildren:\n- name: 조지훈\n  age: 50\n  sex: 남자\n  living_with: false\n- name: 조혜진\n  age: 47\n  sex: 여자\n  living_with: false\npreferences:\n  food: 김밥\n  food_source: text\n  hobby: 산책\n  hobby_source: random\n  culture: 가요무대\n  culture_source: random\nhealth:\n  conditions:\n  - 관절염\n  - 갑상선 저하증\n  medications:\n  - 아세트아미노펜\n  - 셀레콕시브\n  - 레보티록신\n'],F. 조만복 씨는 1972년에 결혼했다.,제공된 페르소나 정보 기준 조만복 씨의 결혼 정보: 1972년에 결혼.,1.0,0.5706721854494795,0.9999999999,0.0,2,P021-Q08-ADV-시점근접,ADV-시점근접,F
조만복 씨의 자녀 이름은 조현주이다. (참/거짓),['id: P021\nuuid: 9a9b34e74d6041fcabe453480d6e5d7a\nname: 조만복\nbirth_year: 1944\nage: 82\nsex: 남자\nresidence:\n  province: 충청남\n  district: 충청남-태안군\n  region_class: 지방\neducation:\n  level: 중학교\n  field: null\noccupation: 하역 및 적재 관련 단순 종사원\nfamily_type: 배우자와 거주\nhousing_type: 단독주택\nmarriage:\n  status: 배우자있음\n  marriage_year: 1972\n  spouse_death_year: null\n  divorce_year: null\nchildren:\n- name: 조지훈\n  age: 50\n  sex: 남자\n  living_with: false\n- name: 조혜진\n  age: 47\n  sex: 여자\n  living_with: false\npreferences:\n  food: 김밥\n  food_source: text\n  hobby: 산책\n  hobby_source: random\n  culture: 가요무대\n  culture_source: random\nhealth:\n  conditions:\n  - 관절염\n  - 갑상선 저하증\n  medications:\n  - 아세트아미노펜\n  - 셀레콕시브\n  - 레보티록신\n'],F. 조만복 씨의 자녀 이름은 조지훈과 조혜진이다.,"제공된 페르소나 정보 기준 조만복 씨의 자녀 정보: 자녀 2명(조지훈, 조혜진).",1.0,0.4876629433458865,0.0,0.0,2,P021-Q09-ADV-유사인물,ADV-유사인물,F
신중희 씨의 거주지는 어디인가요?,['id: P022\nuuid: 3ff00c91c44340c4877d0cbebe9d3df4\nname: 신중희\nbirth_year: 1946\nage: 80\nsex: 남자\nresidence:\n  province: 경기\n  district: 경기-성남시 수정구\n  region_class: 수도권\neducation:\n  level: 초등학교\n  field: null\noccupation: 무직\nfamily_type: 친인척과 거주\nhousing_type: 다세대주택\nmarriage:\n  status: 배우자있음\n  marriage_year: 1969\n  spouse_death_year: null\n  divorce_year: null\nchildren:\n- name: 신혜영\n  age: 54\n  sex: 여자\n  living_with: false\npreferences:\n  food: 떡볶이\n  food_source: text\n  hobby: 꽃꽂이\n  hobby_source: random\n  culture: 주말 드라마\n  culture_source: random\nhealth:\n  conditions:\n  - 관절염\n  - 협심증\n  - 당뇨\n  - 고혈압\n  medications:\n  - 셀레콕시브\n  - 니트로글리세린\n  - 메트포르민\n  - 글리메피리드\n'],신중희 씨의 거주지는 경기 성남시 수정구입니다.,신중희 씨의 거주지: 경기 성남시 수정구.,1.0,0.9367961563748148,0.9999999999,1.0,2,P022-Q01-T-거주지,T-거주지,경기 성남시 수정구
신중희 씨의 직업은 무엇인가요?,['id: P022\nuuid: 3ff00c91c44340c4877d0cbebe9d3df4\nname: 신중희\nbirth_year: 1946\nage: 80\nsex: 남자\nresidence:\n  province: 경기\n  district: 경기-성남시 수정구\n  region_class: 수도권\neducation:\n  level: 초등학교\n  field: null\noccupation: 무직\nfamily_type: 친인척과 거주\nhousing_type: 다세대주택\nmarriage:\n  status: 배우자있음\n  marriage_year: 1969\n  spouse_death_year: null\n  divorce_year: null\nchildren:\n- name: 신혜영\n  age: 54\n  sex: 여자\n  living_with: false\npreferences:\n  food: 떡볶이\n  food_source: text\n  hobby: 꽃꽂이\n  hobby_source: random\n  culture: 주말 드라마\n  culture_source: random\nhealth:\n  conditions:\n  - 관절염\n  - 협심증\n  - 당뇨\n  - 고혈압\n  medications:\n  - 셀레콕시브\n  - 니트로글리세린\n  - 메트포르민\n  - 글리메피리드\n'],무직입니다.,신중희 씨의 직업: 무직.,1.0,0.434190525401448,0.9999999999,1.0,2,P022-Q02-T-직업,T-직업,무직
신중희 씨의 최종 학력은 무엇인가요?,['id: P022\nuuid: 3ff00c91c44340c4877d0cbebe9d3df4\nname: 신중희\nbirth_year: 1946\nage: 80\nsex: 남자\nresidence:\n  province: 경기\n  district: 경기-성남시 수정구\n  region_class: 수도권\neducation:\n  level: 초등학교\n  field: null\noccupation: 무직\nfamily_type: 친인척과 거주\nhousing_type: 다세대주택\nmarriage:\n  status: 배우자있음\n  marriage_year: 1969\n  spouse_death_year: null\n  divorce_year: null\nchildren:\n- name: 신혜영\n  age: 54\n  sex: 여자\n  living_with: false\npreferences:\n  food: 떡볶이\n  food_source: text\n  hobby: 꽃꽂이\n  hobby_source: random\n  culture: 주말 드라마\n  culture_source: random\nhealth:\n  conditions:\n  - 관절염\n  - 협심증\n  - 당뇨\n  - 고혈압\n  medications:\n  - 셀레콕시브\n  - 니트로글리세린\n  - 메트포르민\n  - 글리메피리드\n'],신중희 씨의 최종 학력은 초등학교입니다.,신중희 씨의 최종 학력: 초등학교.,1.0,0.9026928621954424,0.9999999999,1.0,2,P022-Q03-T-학력,T-학력,초등학교
신중희 씨는 강원에 살고 있다. (참/거짓),['id: P022\nuuid: 3ff00c91c44340c4877d0cbebe9d3df4\nname: 신중희\nbirth_year: 1946\nage: 80\nsex: 남자\nresidence:\n  province: 경기\n  district: 경기-성남시 수정구\n  region_class: 수도권\neducation:\n  level: 초등학교\n  field: null\noccupation: 무직\nfamily_type: 친인척과 거주\nhousing_type: 다세대주택\nmarriage:\n  status: 배우자있음\n  marriage_year: 1969\n  spouse_death_year: null\n  divorce_year: null\nchildren:\n- name: 신혜영\n  age: 54\n  sex: 여자\n  living_with: false\npreferences:\n  food: 떡볶이\n  food_source: text\n  hobby: 꽃꽂이\n  hobby_source: random\n  culture: 주말 드라마\n  culture_source: random\nhealth:\n  conditions:\n  - 관절염\n  - 협심증\n  - 당뇨\n  - 고혈압\n  medications:\n  - 셀레콕시브\n  - 니트로글리세린\n  - 메트포르민\n  - 글리메피리드\n'],F. 신중희 씨는 경기도 성남시 수정구에 살고 있습니다.,제공된 페르소나 정보 기준 신중희 씨의 거주지: 경기 성남시 수정구.,1.0,0.7552179108462861,0.9999999999,0.0,2,P022-Q04-F-반대,F-반대,F
신중희 씨의 현재 운영 중인 사업자명은 무엇인가요?,['id: P022\nuuid: 3ff00c91c44340c4877d0cbebe9d3df4\nname: 신중희\nbirth_year: 1946\nage: 80\nsex: 남자\nresidence:\n  province: 경기\n  district: 경기-성남시 수정구\n  region_class: 수도권\neducation:\n  level: 초등학교\n  field: null\noccupation: 무직\nfamily_type: 친인척과 거주\nhousing_type: 다세대주택\nmarriage:\n  status: 배우자있음\n  marriage_year: 1969\n  spouse_death_year: null\n  divorce_year: null\nchildren:\n- name: 신혜영\n  age: 54\n  sex: 여자\n  living_with: false\npreferences:\n  food: 떡볶이\n  food_source: text\n  hobby: 꽃꽂이\n  hobby_source: random\n  culture: 주말 드라마\n  culture_source: random\nhealth:\n  conditions:\n  - 관절염\n  - 협심증\n  - 당뇨\n  - 고혈압\n  medications:\n  - 셀레콕시브\n  - 니트로글리세린\n  - 메트포르민\n  - 글리메피리드\n'],정보 없음,제공된 페르소나 정보에는 신중희 씨에 대해 질문한 사실이 없습니다.,1.0,0.0,0.0,0.0,2,P022-Q05-F-비존재,F-비존재,정보 없음
신중희 씨는 1954년에 결혼했다. (참/거짓),['id: P022\nuuid: 3ff00c91c44340c4877d0cbebe9d3df4\nname: 신중희\nbirth_year: 1946\nage: 80\nsex: 남자\nresidence:\n  province: 경기\n  district: 경기-성남시 수정구\n  region_class: 수도권\neducation:\n  level: 초등학교\n  field: null\noccupation: 무직\nfamily_type: 친인척과 거주\nhousing_type: 다세대주택\nmarriage:\n  status: 배우자있음\n  marriage_year: 1969\n  spouse_death_year: null\n  divorce_year: null\nchildren:\n- name: 신혜영\n  age: 54\n  sex: 여자\n  living_with: false\npreferences:\n  food: 떡볶이\n  food_source: text\n  hobby: 꽃꽂이\n  hobby_source: random\n  culture: 주말 드라마\n  culture_source: random\nhealth:\n  conditions:\n  - 관절염\n  - 협심증\n  - 당뇨\n  - 고혈압\n  medications:\n  - 셀레콕시브\n  - 니트로글리세린\n  - 메트포르민\n  - 글리메피리드\n'],F. 신중희 씨는 1969년에 결혼했다.,제공된 페르소나 정보 기준 신중희 씨의 결혼 정보: 1969년에 결혼.,1.0,0.8075927225887284,0.9999999999,1.0,2,P022-Q06-F-시점오류,F-시점오류,F
신중희 씨는 경기 성남시 수정시에 산다. (참/거짓),['id: P022\nuuid: 3ff00c91c44340c4877d0cbebe9d3df4\nname: 신중희\nbirth_year: 1946\nage: 80\nsex: 남자\nresidence:\n  province: 경기\n  district: 경기-성남시 수정구\n  region_class: 수도권\neducation:\n  level: 초등학교\n  field: null\noccupation: 무직\nfamily_type: 친인척과 거주\nhousing_type: 다세대주택\nmarriage:\n  status: 배우자있음\n  marriage_year: 1969\n  spouse_death_year: null\n  divorce_year: null\nchildren:\n- name: 신혜영\n  age: 54\n  sex: 여자\n  living_with: false\npreferences:\n  food: 떡볶이\n  food_source: text\n  hobby: 꽃꽂이\n  hobby_source: random\n  culture: 주말 드라마\n  culture_source: random\nhealth:\n  conditions:\n  - 관절염\n  - 협심증\n  - 당뇨\n  - 고혈압\n  medications:\n  - 셀레콕시브\n  - 니트로글리세린\n  - 메트포르민\n  - 글리메피리드\n'],F. 신중희 씨는 경기 성남시 수정구에 산다.,제공된 페르소나 정보 기준 신중희 씨의 거주지: 경기 성남시 수정구.,0.5,0.7091832807472436,0.9999999999,1.0,2,P022-Q07-ADV-부분일치,ADV-부분일치,F
신중희 씨는 1968년에 결혼했다. (참/거짓),['id: P022\nuuid: 3ff00c91c44340c4877d0cbebe9d3df4\nname: 신중희\nbirth_year: 1946\nage: 80\nsex: 남자\nresidence:\n  province: 경기\n  district: 경기-성남시 수정구\n  region_class: 수도권\neducation:\n  level: 초등학교\n  field: null\noccupation: 무직\nfamily_type: 친인척과 거주\nhousing_type: 다세대주택\nmarriage:\n  status: 배우자있음\n  marriage_year: 1969\n  spouse_death_year: null\n  divorce_year: null\nchildren:\n- name: 신혜영\n  age: 54\n  sex: 여자\n  living_with: false\npreferences:\n  food: 떡볶이\n  food_source: text\n  hobby: 꽃꽂이\n  hobby_source: random\n  culture: 주말 드라마\n  culture_source: random\nhealth:\n  conditions:\n  - 관절염\n  - 협심증\n  - 당뇨\n  - 고혈압\n  medications:\n  - 셀레콕시브\n  - 니트로글리세린\n  - 메트포르민\n  - 글리메피리드\n'],F. 신중희 씨는 1969년에 결혼했다.,제공된 페르소나 정보 기준 신중희 씨의 결혼 정보: 1969년에 결혼.,1.0,0.819077344983271,0.9999999999,0.0,2,P022-Q08-ADV-시점근접,ADV-시점근접,F
신중희 씨의 자녀 이름은 신수정이다. (참/거짓),['id: P022\nuuid: 3ff00c91c44340c4877d0cbebe9d3df4\nname: 신중희\nbirth_year: 1946\nage: 80\nsex: 남자\nresidence:\n  province: 경기\n  district: 경기-성남시 수정구\n  region_class: 수도권\neducation:\n  level: 초등학교\n  field: null\noccupation: 무직\nfamily_type: 친인척과 거주\nhousing_type: 다세대주택\nmarriage:\n  status: 배우자있음\n  marriage_year: 1969\n  spouse_death_year: null\n  divorce_year: null\nchildren:\n- name: 신혜영\n  age: 54\n  sex: 여자\n  living_with: false\npreferences:\n  food: 떡볶이\n  food_source: text\n  hobby: 꽃꽂이\n  hobby_source: random\n  culture: 주말 드라마\n  culture_source: random\nhealth:\n  conditions:\n  - 관절염\n  - 협심증\n  - 당뇨\n  - 고혈압\n  medications:\n  - 셀레콕시브\n  - 니트로글리세린\n  - 메트포르민\n  - 글리메피리드\n'],F. 신중희 씨의 자녀 이름은 신혜영이다.,제공된 페르소나 정보 기준 신중희 씨의 자녀 정보: 자녀 1명(신혜영).,1.0,0.7233969784995736,0.0,0.5,2,P022-Q09-ADV-유사인물,ADV-유사인물,F
김고문 씨의 거주지는 어디인가요?,['id: P023\nuuid: 2d26a70aeedd4584a4bca29458e87898\nname: 김고문\nbirth_year: 1943\nage: 83\nsex: 남자\nresidence:\n  province: 경기\n  district: 경기-김포시\n  region_class: 수도권\neducation:\n  level: 고등학교\n  field: null\noccupation: 산불 감시원\nfamily_type: 친인척과 거주\nhousing_type: 아파트\nmarriage:\n  status: 배우자있음\n  marriage_year: 1976\n  spouse_death_year: null\n  divorce_year: null\nchildren:\n- name: 김준호\n  age: 48\n  sex: 남자\n  living_with: false\npreferences:\n  food: 갈비찜\n  food_source: random\n  hobby: 서예\n  hobby_source: random\n  culture: 9시 뉴스\n  culture_source: random\nhealth:\n  conditions:\n  - 갑상선 저하증\n  - 협심증\n  - 고지혈증\n  - 당뇨\n  medications:\n  - 레보티록신\n  - 아스피린\n  - 로수바스타틴\n  - 글리메피리드\n'],김고문 씨의 거주지는 경기 김포시입니다.,김고문 씨의 거주지: 경기 김포시.,1.0,0.6408721158781168,0.9999999999,1.0,2,P023-Q01-T-거주지,T-거주지,경기 김포시
김고문 씨의 직업은 무엇인가요?,['id: P023\nuuid: 2d26a70aeedd4584a4bca29458e87898\nname: 김고문\nbirth_year: 1943\nage: 83\nsex: 남자\nresidence:\n  province: 경기\n  district: 경기-김포시\n  region_class: 수도권\neducation:\n  level: 고등학교\n  field: null\noccupation: 산불 감시원\nfamily_type: 친인척과 거주\nhousing_type: 아파트\nmarriage:\n  status: 배우자있음\n  marriage_year: 1976\n  spouse_death_year: null\n  divorce_year: null\nchildren:\n- name: 김준호\n  age: 48\n  sex: 남자\n  living_with: false\npreferences:\n  food: 갈비찜\n  food_source: random\n  hobby: 서예\n  hobby_source: random\n  culture: 9시 뉴스\n  culture_source: random\nhealth:\n  conditions:\n  - 갑상선 저하증\n  - 협심증\n  - 고지혈증\n  - 당뇨\n  medications:\n  - 레보티록신\n  - 아스피린\n  - 로수바스타틴\n  - 글리메피리드\n'],김고문 씨의 직업은 산불 감시원입니다.,김고문 씨의 직업: 산불 감시원.,1.0,0.949133012973808,0.9999999999,1.0,2,P023-Q02-T-직업,T-직업,산불 감시원
김고문 씨의 최종 학력은 무엇인가요?,['id: P023\nuuid: 2d26a70aeedd4584a4bca29458e87898\nname: 김고문\nbirth_year: 1943\nage: 83\nsex: 남자\nresidence:\n  province: 경기\n  district: 경기-김포시\n  region_class: 수도권\neducation:\n  level: 고등학교\n  field: null\noccupation: 산불 감시원\nfamily_type: 친인척과 거주\nhousing_type: 아파트\nmarriage:\n  status: 배우자있음\n  marriage_year: 1976\n  spouse_death_year: null\n  divorce_year: null\nchildren:\n- name: 김준호\n  age: 48\n  sex: 남자\n  living_with: false\npreferences:\n  food: 갈비찜\n  food_source: random\n  hobby: 서예\n  hobby_source: random\n  culture: 9시 뉴스\n  culture_source: random\nhealth:\n  conditions:\n  - 갑상선 저하증\n  - 협심증\n  - 고지혈증\n  - 당뇨\n  medications:\n  - 레보티록신\n  - 아스피린\n  - 로수바스타틴\n  - 글리메피리드\n'],김고문 씨의 최종 학력은 고등학교입니다.,김고문 씨의 최종 학력: 고등학교.,1.0,0.904717298378365,0.9999999999,1.0,2,P023-Q03-T-학력,T-학력,고등학교
김고문 씨는 강원에 살고 있다. (참/거짓),['id: P023\nuuid: 2d26a70aeedd4584a4bca29458e87898\nname: 김고문\nbirth_year: 1943\nage: 83\nsex: 남자\nresidence:\n  province: 경기\n  district: 경기-김포시\n  region_class: 수도권\neducation:\n  level: 고등학교\n  field: null\noccupation: 산불 감시원\nfamily_type: 친인척과 거주\nhousing_type: 아파트\nmarriage:\n  status: 배우자있음\n  marriage_year: 1976\n  spouse_death_year: null\n  divorce_year: null\nchildren:\n- name: 김준호\n  age: 48\n  sex: 남자\n  living_with: false\npreferences:\n  food: 갈비찜\n  food_source: random\n  hobby: 서예\n  hobby_source: random\n  culture: 9시 뉴스\n  culture_source: random\nhealth:\n  conditions:\n  - 갑상선 저하증\n  - 협심증\n  - 고지혈증\n  - 당뇨\n  medications:\n  - 레보티록신\n  - 아스피린\n  - 로수바스타틴\n  - 글리메피리드\n'],F. 김고문 씨는 경기도 김포시에 살고 있습니다.,제공된 페르소나 정보 기준 김고문 씨의 거주지: 경기 김포시.,1.0,0.5639795238146975,0.9999999999,0.5,2,P023-Q04-F-반대,F-반대,F
김고문 씨의 현재 운영 중인 사업자명은 무엇인가요?,['id: P023\nuuid: 2d26a70aeedd4584a4bca29458e87898\nname: 김고문\nbirth_year: 1943\nage: 83\nsex: 남자\nresidence:\n  province: 경기\n  district: 경기-김포시\n  region_class: 수도권\neducation:\n  level: 고등학교\n  field: null\noccupation: 산불 감시원\nfamily_type: 친인척과 거주\nhousing_type: 아파트\nmarriage:\n  status: 배우자있음\n  marriage_year: 1976\n  spouse_death_year: null\n  divorce_year: null\nchildren:\n- name: 김준호\n  age: 48\n  sex: 남자\n  living_with: false\npreferences:\n  food: 갈비찜\n  food_source: random\n  hobby: 서예\n  hobby_source: random\n  culture: 9시 뉴스\n  culture_source: random\nhealth:\n  conditions:\n  - 갑상선 저하증\n  - 협심증\n  - 고지혈증\n  - 당뇨\n  medications:\n  - 레보티록신\n  - 아스피린\n  - 로수바스타틴\n  - 글리메피리드\n'],정보 없음,제공된 페르소나 정보에는 김고문 씨에 대해 질문한 사실이 없습니다.,1.0,0.0,0.0,0.0,2,P023-Q05-F-비존재,F-비존재,정보 없음
김고문 씨는 1986년에 결혼했다. (참/거짓),['id: P023\nuuid: 2d26a70aeedd4584a4bca29458e87898\nname: 김고문\nbirth_year: 1943\nage: 83\nsex: 남자\nresidence:\n  province: 경기\n  district: 경기-김포시\n  region_class: 수도권\neducation:\n  level: 고등학교\n  field: null\noccupation: 산불 감시원\nfamily_type: 친인척과 거주\nhousing_type: 아파트\nmarriage:\n  status: 배우자있음\n  marriage_year: 1976\n  spouse_death_year: null\n  divorce_year: null\nchildren:\n- name: 김준호\n  age: 48\n  sex: 남자\n  living_with: false\npreferences:\n  food: 갈비찜\n  food_source: random\n  hobby: 서예\n  hobby_source: random\n  culture: 9시 뉴스\n  culture_source: random\nhealth:\n  conditions:\n  - 갑상선 저하증\n  - 협심증\n  - 고지혈증\n  - 당뇨\n  medications:\n  - 레보티록신\n  - 아스피린\n  - 로수바스타틴\n  - 글리메피리드\n'],F. 김고문 씨는 1976년에 결혼했다.,제공된 페르소나 정보 기준 김고문 씨의 결혼 정보: 1976년에 결혼.,1.0,0.6429303906650065,0.9999999999,1.0,2,P023-Q06-F-시점오류,F-시점오류,F
김고문 씨의 직업은 산림 관리원이다. (참/거짓),['id: P023\nuuid: 2d26a70aeedd4584a4bca29458e87898\nname: 김고문\nbirth_year: 1943\nage: 83\nsex: 남자\nresidence:\n  province: 경기\n  district: 경기-김포시\n  region_class: 수도권\neducation:\n  level: 고등학교\n  field: null\noccupation: 산불 감시원\nfamily_type: 친인척과 거주\nhousing_type: 아파트\nmarriage:\n  status: 배우자있음\n  marriage_year: 1976\n  spouse_death_year: null\n  divorce_year: null\nchildren:\n- name: 김준호\n  age: 48\n  sex: 남자\n  living_with: false\npreferences:\n  food: 갈비찜\n  food_source: random\n  hobby: 서예\n  hobby_source: random\n  culture: 9시 뉴스\n  culture_source: random\nhealth:\n  conditions:\n  - 갑상선 저하증\n  - 협심증\n  - 고지혈증\n  - 당뇨\n  medications:\n  - 레보티록신\n  - 아스피린\n  - 로수바스타틴\n  - 글리메피리드\n'],F. 김고문 씨의 직업은 산불 감시원이다.,제공된 페르소나 정보 기준 김고문 씨의 직업: 산불 감시원.,1.0,0.6304942189743108,0.9999999999,1.0,2,P023-Q07-ADV-부분일치,ADV-부분일치,F
김고문 씨는 1975년에 결혼했다. (참/거짓),['id: P023\nuuid: 2d26a70aeedd4584a4bca29458e87898\nname: 김고문\nbirth_year: 1943\nage: 83\nsex: 남자\nresidence:\n  province: 경기\n  district: 경기-김포시\n  region_class: 수도권\neducation:\n  level: 고등학교\n  field: null\noccupation: 산불 감시원\nfamily_type: 친인척과 거주\nhousing_type: 아파트\nmarriage:\n  status: 배우자있음\n  marriage_year: 1976\n  spouse_death_year: null\n  divorce_year: null\nchildren:\n- name: 김준호\n  age: 48\n  sex: 남자\n  living_with: false\npreferences:\n  food: 갈비찜\n  food_source: random\n  hobby: 서예\n  hobby_source: random\n  culture: 9시 뉴스\n  culture_source: random\nhealth:\n  conditions:\n  - 갑상선 저하증\n  - 협심증\n  - 고지혈증\n  - 당뇨\n  medications:\n  - 레보티록신\n  - 아스피린\n  - 로수바스타틴\n  - 글리메피리드\n'],F. 김고문 씨는 1976년에 결혼했다.,제공된 페르소나 정보 기준 김고문 씨의 결혼 정보: 1976년에 결혼.,1.0,0.6330910777019428,0.9999999999,0.0,2,P023-Q08-ADV-시점근접,ADV-시점근접,F
김고문 씨의 자녀 이름은 김철수이다. (참/거짓),['id: P023\nuuid: 2d26a70aeedd4584a4bca29458e87898\nname: 김고문\nbirth_year: 1943\nage: 83\nsex: 남자\nresidence:\n  province: 경기\n  district: 경기-김포시\n  region_class: 수도권\neducation:\n  level: 고등학교\n  field: null\noccupation: 산불 감시원\nfamily_type: 친인척과 거주\nhousing_type: 아파트\nmarriage:\n  status: 배우자있음\n  marriage_year: 1976\n  spouse_death_year: null\n  divorce_year: null\nchildren:\n- name: 김준호\n  age: 48\n  sex: 남자\n  living_with: false\npreferences:\n  food: 갈비찜\n  food_source: random\n  hobby: 서예\n  hobby_source: random\n  culture: 9시 뉴스\n  culture_source: random\nhealth:\n  conditions:\n  - 갑상선 저하증\n  - 협심증\n  - 고지혈증\n  - 당뇨\n  medications:\n  - 레보티록신\n  - 아스피린\n  - 로수바스타틴\n  - 글리메피리드\n'],F. 김고문 씨의 자녀 이름은 김준호이다.,제공된 페르소나 정보 기준 김고문 씨의 자녀 정보: 자녀 1명(김준호).,1.0,0.5481051160012087,0.9999999999,0.5,2,P023-Q09-ADV-유사인물,ADV-유사인물,F
김상신 씨의 거주지는 어디인가요?,['id: P024\nuuid: 59dc1b0ece0a403f91faf9f124797508\nname: 김상신\nbirth_year: 1946\nage: 80\nsex: 남자\nresidence:\n  province: 경상남\n  district: 경상남-합천군\n  region_class: 지방\neducation:\n  level: 무학\n  field: null\noccupation: 무직\nfamily_type: 혼자 거주\nhousing_type: 단독주택\nmarriage:\n  status: 사별\n  marriage_year: 1969\n  spouse_death_year: 2017\n  divorce_year: null\nchildren:\n- name: 김지훈\n  age: 53\n  sex: 남자\n  living_with: false\npreferences:\n  food: 된장찌개\n  food_source: text\n  hobby: 노래 부르기\n  hobby_source: random\n  culture: 이미자 노래\n  culture_source: random\nhealth:\n  conditions:\n  - 백내장\n  - 관절염\n  medications:\n  - 아세트아미노펜\n  - 셀레콕시브\n'],김상신 씨의 거주지는 경상남-합천군입니다.,김상신 씨의 거주지: 경상남 합천군.,1.0,0.9120305111354794,0.9999999999,1.0,2,P024-Q01-T-거주지,T-거주지,경상남 합천군
김상신 씨의 직업은 무엇인가요?,['id: P024\nuuid: 59dc1b0ece0a403f91faf9f124797508\nname: 김상신\nbirth_year: 1946\nage: 80\nsex: 남자\nresidence:\n  province: 경상남\n  district: 경상남-합천군\n  region_class: 지방\neducation:\n  level: 무학\n  field: null\noccupation: 무직\nfamily_type: 혼자 거주\nhousing_type: 단독주택\nmarriage:\n  status: 사별\n  marriage_year: 1969\n  spouse_death_year: 2017\n  divorce_year: null\nchildren:\n- name: 김지훈\n  age: 53\n  sex: 남자\n  living_with: false\npreferences:\n  food: 된장찌개\n  food_source: text\n  hobby: 노래 부르기\n  hobby_source: random\n  culture: 이미자 노래\n  culture_source: random\nhealth:\n  conditions:\n  - 백내장\n  - 관절염\n  medications:\n  - 아세트아미노펜\n  - 셀레콕시브\n'],김상신 씨의 직업은 무직입니다.,김상신 씨의 직업: 무직.,1.0,0.9505490199586468,0.9999999999,1.0,2,P024-Q02-T-직업,T-직업,무직
김상신 씨의 최종 학력은 무엇인가요?,['id: P024\nuuid: 59dc1b0ece0a403f91faf9f124797508\nname: 김상신\nbirth_year: 1946\nage: 80\nsex: 남자\nresidence:\n  province: 경상남\n  district: 경상남-합천군\n  region_class: 지방\neducation:\n  level: 무학\n  field: null\noccupation: 무직\nfamily_type: 혼자 거주\nhousing_type: 단독주택\nmarriage:\n  status: 사별\n  marriage_year: 1969\n  spouse_death_year: 2017\n  divorce_year: null\nchildren:\n- name: 김지훈\n  age: 53\n  sex: 남자\n  living_with: false\npreferences:\n  food: 된장찌개\n  food_source: text\n  hobby: 노래 부르기\n  hobby_source: random\n  culture: 이미자 노래\n  culture_source: random\nhealth:\n  conditions:\n  - 백내장\n  - 관절염\n  medications:\n  - 아세트아미노펜\n  - 셀레콕시브\n'],무학입니다.,김상신 씨의 최종 학력: 무학.,1.0,0.0,0.9999999999,1.0,2,P024-Q03-T-학력,T-학력,무학
김상신 씨는 인천에 살고 있다. (참/거짓),['id: P024\nuuid: 59dc1b0ece0a403f91faf9f124797508\nname: 김상신\nbirth_year: 1946\nage: 80\nsex: 남자\nresidence:\n  province: 경상남\n  district: 경상남-합천군\n  region_class: 지방\neducation:\n  level: 무학\n  field: null\noccupation: 무직\nfamily_type: 혼자 거주\nhousing_type: 단독주택\nmarriage:\n  status: 사별\n  marriage_year: 1969\n  spouse_death_year: 2017\n  divorce_year: null\nchildren:\n- name: 김지훈\n  age: 53\n  sex: 남자\n  living_with: false\npreferences:\n  food: 된장찌개\n  food_source: text\n  hobby: 노래 부르기\n  hobby_source: random\n  culture: 이미자 노래\n  culture_source: random\nhealth:\n  conditions:\n  - 백내장\n  - 관절염\n  medications:\n  - 아세트아미노펜\n  - 셀레콕시브\n'],F. 김상신 씨는 경상남-합천군에 거주하고 있다.,제공된 페르소나 정보 기준 김상신 씨의 거주지: 경상남 합천군.,1.0,0.5622100092032479,0.9999999999,0.0,2,P024-Q04-F-반대,F-반대,F
김상신 씨의 정기 후원하는 단체의 이름은 무엇인가요?,['id: P024\nuuid: 59dc1b0ece0a403f91faf9f124797508\nname: 김상신\nbirth_year: 1946\nage: 80\nsex: 남자\nresidence:\n  province: 경상남\n  district: 경상남-합천군\n  region_class: 지방\neducation:\n  level: 무학\n  field: null\noccupation: 무직\nfamily_type: 혼자 거주\nhousing_type: 단독주택\nmarriage:\n  status: 사별\n  marriage_year: 1969\n  spouse_death_year: 2017\n  divorce_year: null\nchildren:\n- name: 김지훈\n  age: 53\n  sex: 남자\n  living_with: false\npreferences:\n  food: 된장찌개\n  food_source: text\n  hobby: 노래 부르기\n  hobby_source: random\n  culture: 이미자 노래\n  culture_source: random\nhealth:\n  conditions:\n  - 백내장\n  - 관절염\n  medications:\n  - 아세트아미노펜\n  - 셀레콕시브\n'],정보 없음,제공된 페르소나 정보에는 김상신 씨에 대해 질문한 사실이 없습니다.,1.0,0.0,0.0,0.0,2,P024-Q05-F-비존재,F-비존재,정보 없음
김상신 씨는 1979년에 결혼했다. (참/거짓),['id: P024\nuuid: 59dc1b0ece0a403f91faf9f124797508\nname: 김상신\nbirth_year: 1946\nage: 80\nsex: 남자\nresidence:\n  province: 경상남\n  district: 경상남-합천군\n  region_class: 지방\neducation:\n  level: 무학\n  field: null\noccupation: 무직\nfamily_type: 혼자 거주\nhousing_type: 단독주택\nmarriage:\n  status: 사별\n  marriage_year: 1969\n  spouse_death_year: 2017\n  divorce_year: null\nchildren:\n- name: 김지훈\n  age: 53\n  sex: 남자\n  living_with: false\npreferences:\n  food: 된장찌개\n  food_source: text\n  hobby: 노래 부르기\n  hobby_source: random\n  culture: 이미자 노래\n  culture_source: random\nhealth:\n  conditions:\n  - 백내장\n  - 관절염\n  medications:\n  - 아세트아미노펜\n  - 셀레콕시브\n'],F. 김상신 씨는 1969년에 결혼했다.,제공된 페르소나 정보 기준 김상신 씨의 결혼 정보: 1969년에 결혼.,0.5,0.620675332490406,0.0,1.0,2,P024-Q06-F-시점오류,F-시점오류,F
김상신 씨는 경상남 합천구에 산다. (참/거짓),['id: P024\nuuid: 59dc1b0ece0a403f91faf9f124797508\nname: 김상신\nbirth_year: 1946\nage: 80\nsex: 남자\nresidence:\n  province: 경상남\n  district: 경상남-합천군\n  region_class: 지방\neducation:\n  level: 무학\n  field: null\noccupation: 무직\nfamily_type: 혼자 거주\nhousing_type: 단독주택\nmarriage:\n  status: 사별\n  marriage_year: 1969\n  spouse_death_year: 2017\n  divorce_year: null\nchildren:\n- name: 김지훈\n  age: 53\n  sex: 남자\n  living_with: false\npreferences:\n  food: 된장찌개\n  food_source: text\n  hobby: 노래 부르기\n  hobby_source: random\n  culture: 이미자 노래\n  culture_source: random\nhealth:\n  conditions:\n  - 백내장\n  - 관절염\n  medications:\n  - 아세트아미노펜\n  - 셀레콕시브\n'],F. 김상신 씨는 경상남 합천군에 산다.,제공된 페르소나 정보 기준 김상신 씨의 거주지: 경상남 합천군.,0.5,0.6562483433174671,0.9999999999,0.0,2,P024-Q07-ADV-부분일치,ADV-부분일치,F
김상신 씨는 1970년에 결혼했다. (참/거짓),['id: P024\nuuid: 59dc1b0ece0a403f91faf9f124797508\nname: 김상신\nbirth_year: 1946\nage: 80\nsex: 남자\nresidence:\n  province: 경상남\n  district: 경상남-합천군\n  region_class: 지방\neducation:\n  level: 무학\n  field: null\noccupation: 무직\nfamily_type: 혼자 거주\nhousing_type: 단독주택\nmarriage:\n  status: 사별\n  marriage_year: 1969\n  spouse_death_year: 2017\n  divorce_year: null\nchildren:\n- name: 김지훈\n  age: 53\n  sex: 남자\n  living_with: false\npreferences:\n  food: 된장찌개\n  food_source: text\n  hobby: 노래 부르기\n  hobby_source: random\n  culture: 이미자 노래\n  culture_source: random\nhealth:\n  conditions:\n  - 백내장\n  - 관절염\n  medications:\n  - 아세트아미노펜\n  - 셀레콕시브\n'],F. 김상신 씨는 1969년에 결혼했다.,제공된 페르소나 정보 기준 김상신 씨의 결혼 정보: 1969년에 결혼.,1.0,0.6087750950009134,0.9999999999,0.0,2,P024-Q08-ADV-시점근접,ADV-시점근접,F
김상신 씨의 자녀 이름은 김상현이다. (참/거짓),['id: P024\nuuid: 59dc1b0ece0a403f91faf9f124797508\nname: 김상신\nbirth_year: 1946\nage: 80\nsex: 남자\nresidence:\n  province: 경상남\n  district: 경상남-합천군\n  region_class: 지방\neducation:\n  level: 무학\n  field: null\noccupation: 무직\nfamily_type: 혼자 거주\nhousing_type: 단독주택\nmarriage:\n  status: 사별\n  marriage_year: 1969\n  spouse_death_year: 2017\n  divorce_year: null\nchildren:\n- name: 김지훈\n  age: 53\n  sex: 남자\n  living_with: false\npreferences:\n  food: 된장찌개\n  food_source: text\n  hobby: 노래 부르기\n  hobby_source: random\n  culture: 이미자 노래\n  culture_source: random\nhealth:\n  conditions:\n  - 백내장\n  - 관절염\n  medications:\n  - 아세트아미노펜\n  - 셀레콕시브\n'],"F, 김상신 씨의 자녀 이름은 김지훈이다.",제공된 페르소나 정보 기준 김상신 씨의 자녀 정보: 자녀 1명(김지훈).,1.0,0.7337610425416669,0.9999999999,0.5,2,P024-Q09-ADV-유사인물,ADV-유사인물,F
조동우 씨의 거주지는 어디인가요?,['id: P025\nuuid: 343ad4ddcd624584b748f98bedba6a2f\nname: 조동우\nbirth_year: 1946\nage: 80\nsex: 남자\nresidence:\n  province: 서울\n  district: 서울-성동구\n  region_class: 수도권\neducation:\n  level: 2~3년제 전문대학\n  field: null\noccupation: 무직\nfamily_type: 배우자와 거주\nhousing_type: 아파트\nmarriage:\n  status: 배우자있음\n  marriage_year: 1979\n  spouse_death_year: null\n  divorce_year: null\nchildren:\n- name: 조광호\n  age: 42\n  sex: 남자\n  living_with: false\npreferences:\n  food: 설렁탕\n  food_source: random\n  hobby: 산책\n  hobby_source: text\n  culture: 트로트\n  culture_source: text\nhealth:\n  conditions:\n  - 당뇨\n  - 백내장\n  - 고지혈증\n  medications:\n  - 메트포르민\n  - 글리메피리드\n  - 아토르바스타틴\n  - 로수바스타틴\n'],조동우 씨의 거주지는 서울 성동구입니다.,조동우 씨의 거주지: 서울 성동구.,1.0,0.6588922543947273,0.9999999999,1.0,2,P025-Q01-T-거주지,T-거주지,서울 성동구
조동우 씨의 직업은 무엇인가요?,['id: P025\nuuid: 343ad4ddcd624584b748f98bedba6a2f\nname: 조동우\nbirth_year: 1946\nage: 80\nsex: 남자\nresidence:\n  province: 서울\n  district: 서울-성동구\n  region_class: 수도권\neducation:\n  level: 2~3년제 전문대학\n  field: null\noccupation: 무직\nfamily_type: 배우자와 거주\nhousing_type: 아파트\nmarriage:\n  status: 배우자있음\n  marriage_year: 1979\n  spouse_death_year: null\n  divorce_year: null\nchildren:\n- name: 조광호\n  age: 42\n  sex: 남자\n  living_with: false\npreferences:\n  food: 설렁탕\n  food_source: random\n  hobby: 산책\n  hobby_source: text\n  culture: 트로트\n  culture_source: text\nhealth:\n  conditions:\n  - 당뇨\n  - 백내장\n  - 고지혈증\n  medications:\n  - 메트포르민\n  - 글리메피리드\n  - 아토르바스타틴\n  - 로수바스타틴\n'],무직입니다.,조동우 씨의 직업: 무직.,1.0,0.4411808306170707,0.9999999999,1.0,2,P025-Q02-T-직업,T-직업,무직
조동우 씨의 최종 학력은 무엇인가요?,['id: P025\nuuid: 343ad4ddcd624584b748f98bedba6a2f\nname: 조동우\nbirth_year: 1946\nage: 80\nsex: 남자\nresidence:\n  province: 서울\n  district: 서울-성동구\n  region_class: 수도권\neducation:\n  level: 2~3년제 전문대학\n  field: null\noccupation: 무직\nfamily_type: 배우자와 거주\nhousing_type: 아파트\nmarriage:\n  status: 배우자있음\n  marriage_year: 1979\n  spouse_death_year: null\n  divorce_year: null\nchildren:\n- name: 조광호\n  age: 42\n  sex: 남자\n  living_with: false\npreferences:\n  food: 설렁탕\n  food_source: random\n  hobby: 산책\n  hobby_source: text\n  culture: 트로트\n  culture_source: text\nhealth:\n  conditions:\n  - 당뇨\n  - 백내장\n  - 고지혈증\n  medications:\n  - 메트포르민\n  - 글리메피리드\n  - 아토르바스타틴\n  - 로수바스타틴\n'],조동우 씨의 최종 학력은 2~3년제 전문대학입니다.,조동우 씨의 최종 학력: 2~3년제 전문대학.,1.0,0.9075096756227988,0.9999999999,1.0,2,P025-Q03-T-학력,T-학력,2~3년제 전문대학
조동우 씨는 경상북에 살고 있다. (참/거짓),['id: P025\nuuid: 343ad4ddcd624584b748f98bedba6a2f\nname: 조동우\nbirth_year: 1946\nage: 80\nsex: 남자\nresidence:\n  province: 서울\n  district: 서울-성동구\n  region_class: 수도권\neducation:\n  level: 2~3년제 전문대학\n  field: null\noccupation: 무직\nfamily_type: 배우자와 거주\nhousing_type: 아파트\nmarriage:\n  status: 배우자있음\n  marriage_year: 1979\n  spouse_death_year: null\n  divorce_year: null\nchildren:\n- name: 조광호\n  age: 42\n  sex: 남자\n  living_with: false\npreferences:\n  food: 설렁탕\n  food_source: random\n  hobby: 산책\n  hobby_source: text\n  culture: 트로트\n  culture_source: text\nhealth:\n  conditions:\n  - 당뇨\n  - 백내장\n  - 고지혈증\n  medications:\n  - 메트포르민\n  - 글리메피리드\n  - 아토르바스타틴\n  - 로수바스타틴\n'],F. 조동우 씨는 서울에 살고 있다.,제공된 페르소나 정보 기준 조동우 씨의 거주지: 서울 성동구.,1.0,0.5773749464912288,0.0,0.5,2,P025-Q04-F-반대,F-반대,F
조동우 씨의 현재 운영 중인 사업자명은 무엇인가요?,['id: P025\nuuid: 343ad4ddcd624584b748f98bedba6a2f\nname: 조동우\nbirth_year: 1946\nage: 80\nsex: 남자\nresidence:\n  province: 서울\n  district: 서울-성동구\n  region_class: 수도권\neducation:\n  level: 2~3년제 전문대학\n  field: null\noccupation: 무직\nfamily_type: 배우자와 거주\nhousing_type: 아파트\nmarriage:\n  status: 배우자있음\n  marriage_year: 1979\n  spouse_death_year: null\n  divorce_year: null\nchildren:\n- name: 조광호\n  age: 42\n  sex: 남자\n  living_with: false\npreferences:\n  food: 설렁탕\n  food_source: random\n  hobby: 산책\n  hobby_source: text\n  culture: 트로트\n  culture_source: text\nhealth:\n  conditions:\n  - 당뇨\n  - 백내장\n  - 고지혈증\n  medications:\n  - 메트포르민\n  - 글리메피리드\n  - 아토르바스타틴\n  - 로수바스타틴\n'],정보 없음,제공된 페르소나 정보에는 조동우 씨에 대해 질문한 사실이 없습니다.,1.0,0.0,0.0,0.0,2,P025-Q05-F-비존재,F-비존재,정보 없음
조동우 씨는 1994년에 결혼했다. (참/거짓),['id: P025\nuuid: 343ad4ddcd624584b748f98bedba6a2f\nname: 조동우\nbirth_year: 1946\nage: 80\nsex: 남자\nresidence:\n  province: 서울\n  district: 서울-성동구\n  region_class: 수도권\neducation:\n  level: 2~3년제 전문대학\n  field: null\noccupation: 무직\nfamily_type: 배우자와 거주\nhousing_type: 아파트\nmarriage:\n  status: 배우자있음\n  marriage_year: 1979\n  spouse_death_year: null\n  divorce_year: null\nchildren:\n- name: 조광호\n  age: 42\n  sex: 남자\n  living_with: false\npreferences:\n  food: 설렁탕\n  food_source: random\n  hobby: 산책\n  hobby_source: text\n  culture: 트로트\n  culture_source: text\nhealth:\n  conditions:\n  - 당뇨\n  - 백내장\n  - 고지혈증\n  medications:\n  - 메트포르민\n  - 글리메피리드\n  - 아토르바스타틴\n  - 로수바스타틴\n'],F. 조동우 씨는 1979년에 결혼했다.,제공된 페르소나 정보 기준 조동우 씨의 결혼 정보: 1979년에 결혼.,1.0,0.6062333942921386,0.9999999999,1.0,2,P025-Q06-F-시점오류,F-시점오류,F
조동우 씨는 서울 성동시에 산다. (참/거짓),['id: P025\nuuid: 343ad4ddcd624584b748f98bedba6a2f\nname: 조동우\nbirth_year: 1946\nage: 80\nsex: 남자\nresidence:\n  province: 서울\n  district: 서울-성동구\n  region_class: 수도권\neducation:\n  level: 2~3년제 전문대학\n  field: null\noccupation: 무직\nfamily_type: 배우자와 거주\nhousing_type: 아파트\nmarriage:\n  status: 배우자있음\n  marriage_year: 1979\n  spouse_death_year: null\n  divorce_year: null\nchildren:\n- name: 조광호\n  age: 42\n  sex: 남자\n  living_with: false\npreferences:\n  food: 설렁탕\n  food_source: random\n  hobby: 산책\n  hobby_source: text\n  culture: 트로트\n  culture_source: text\nhealth:\n  conditions:\n  - 당뇨\n  - 백내장\n  - 고지혈증\n  medications:\n  - 메트포르민\n  - 글리메피리드\n  - 아토르바스타틴\n  - 로수바스타틴\n'],F. 조동우 씨는 서울 성동구에 산다.,제공된 페르소나 정보 기준 조동우 씨의 거주지: 서울 성동구.,0.5,0.5557336074894502,0.9999999999,1.0,2,P025-Q07-ADV-부분일치,ADV-부분일치,F
조동우 씨는 1978년에 결혼했다. (참/거짓),['id: P025\nuuid: 343ad4ddcd624584b748f98bedba6a2f\nname: 조동우\nbirth_year: 1946\nage: 80\nsex: 남자\nresidence:\n  province: 서울\n  district: 서울-성동구\n  region_class: 수도권\neducation:\n  level: 2~3년제 전문대학\n  field: null\noccupation: 무직\nfamily_type: 배우자와 거주\nhousing_type: 아파트\nmarriage:\n  status: 배우자있음\n  marriage_year: 1979\n  spouse_death_year: null\n  divorce_year: null\nchildren:\n- name: 조광호\n  age: 42\n  sex: 남자\n  living_with: false\npreferences:\n  food: 설렁탕\n  food_source: random\n  hobby: 산책\n  hobby_source: text\n  culture: 트로트\n  culture_source: text\nhealth:\n  conditions:\n  - 당뇨\n  - 백내장\n  - 고지혈증\n  medications:\n  - 메트포르민\n  - 글리메피리드\n  - 아토르바스타틴\n  - 로수바스타틴\n'],"F, 조동우 씨는 1979년에 결혼했다.",제공된 페르소나 정보 기준 조동우 씨의 결혼 정보: 1979년에 결혼.,1.0,0.7910775737864283,0.9999999999,0.0,2,P025-Q08-ADV-시점근접,ADV-시점근접,F
조동우 씨의 자녀 이름은 조철수이다. (참/거짓),['id: P025\nuuid: 343ad4ddcd624584b748f98bedba6a2f\nname: 조동우\nbirth_year: 1946\nage: 80\nsex: 남자\nresidence:\n  province: 서울\n  district: 서울-성동구\n  region_class: 수도권\neducation:\n  level: 2~3년제 전문대학\n  field: null\noccupation: 무직\nfamily_type: 배우자와 거주\nhousing_type: 아파트\nmarriage:\n  status: 배우자있음\n  marriage_year: 1979\n  spouse_death_year: null\n  divorce_year: null\nchildren:\n- name: 조광호\n  age: 42\n  sex: 남자\n  living_with: false\npreferences:\n  food: 설렁탕\n  food_source: random\n  hobby: 산책\n  hobby_source: text\n  culture: 트로트\n  culture_source: text\nhealth:\n  conditions:\n  - 당뇨\n  - 백내장\n  - 고지혈증\n  medications:\n  - 메트포르민\n  - 글리메피리드\n  - 아토르바스타틴\n  - 로수바스타틴\n'],"F, 조동우 씨의 자녀 이름은 조광호이다.",제공된 페르소나 정보 기준 조동우 씨의 자녀 정보: 자녀 1명(조광호).,1.0,0.6513696212957346,0.0,0.0,2,P025-Q09-ADV-유사인물,ADV-유사인물,F
이경희 씨의 거주지는 어디인가요?,['id: P026\nuuid: 3bdc29a835a24bff80364eebdd5eeed5\nname: 이경희\nbirth_year: 1943\nage: 83\nsex: 여자\nresidence:\n  province: 대구\n  district: 대구-남구\n  region_class: 광역시\neducation:\n  level: 초등학교\n  field: null\noccupation: 무직\nfamily_type: 친인척과 거주\nhousing_type: 단독주택\nmarriage:\n  status: 사별\n  marriage_year: 1973\n  spouse_death_year: 2007\n  divorce_year: null\nchildren:\n- name: 이민수\n  age: 51\n  sex: 남자\n  living_with: false\npreferences:\n  food: 설렁탕\n  food_source: random\n  hobby: 산책\n  hobby_source: text\n  culture: 옛날 영화\n  culture_source: random\nhealth:\n  conditions:\n  - 전립선비대\n  - 관절염\n  medications:\n  - 탐스로신\n  - 아세트아미노펜\n  - 셀레콕시브\n'],이경희 씨의 거주지는 대구광역시 대구-남구입니다.,이경희 씨의 거주지: 대구 남구.,1.0,0.9464651544433844,0.9999999999,1.0,2,P026-Q01-T-거주지,T-거주지,대구 남구
이경희 씨의 직업은 무엇인가요?,['id: P026\nuuid: 3bdc29a835a24bff80364eebdd5eeed5\nname: 이경희\nbirth_year: 1943\nage: 83\nsex: 여자\nresidence:\n  province: 대구\n  district: 대구-남구\n  region_class: 광역시\neducation:\n  level: 초등학교\n  field: null\noccupation: 무직\nfamily_type: 친인척과 거주\nhousing_type: 단독주택\nmarriage:\n  status: 사별\n  marriage_year: 1973\n  spouse_death_year: 2007\n  divorce_year: null\nchildren:\n- name: 이민수\n  age: 51\n  sex: 남자\n  living_with: false\npreferences:\n  food: 설렁탕\n  food_source: random\n  hobby: 산책\n  hobby_source: text\n  culture: 옛날 영화\n  culture_source: random\nhealth:\n  conditions:\n  - 전립선비대\n  - 관절염\n  medications:\n  - 탐스로신\n  - 아세트아미노펜\n  - 셀레콕시브\n'],이경희 씨의 직업은 무직입니다.,이경희 씨의 직업: 무직.,1.0,0.9738220829369384,0.9999999999,1.0,2,P026-Q02-T-직업,T-직업,무직
이경희 씨의 최종 학력은 무엇인가요?,['id: P026\nuuid: 3bdc29a835a24bff80364eebdd5eeed5\nname: 이경희\nbirth_year: 1943\nage: 83\nsex: 여자\nresidence:\n  province: 대구\n  district: 대구-남구\n  region_class: 광역시\neducation:\n  level: 초등학교\n  field: null\noccupation: 무직\nfamily_type: 친인척과 거주\nhousing_type: 단독주택\nmarriage:\n  status: 사별\n  marriage_year: 1973\n  spouse_death_year: 2007\n  divorce_year: null\nchildren:\n- name: 이민수\n  age: 51\n  sex: 남자\n  living_with: false\npreferences:\n  food: 설렁탕\n  food_source: random\n  hobby: 산책\n  hobby_source: text\n  culture: 옛날 영화\n  culture_source: random\nhealth:\n  conditions:\n  - 전립선비대\n  - 관절염\n  medications:\n  - 탐스로신\n  - 아세트아미노펜\n  - 셀레콕시브\n'],이경희 씨의 최종 학력은 초등학교입니다.,이경희 씨의 최종 학력: 초등학교.,1.0,0.9214659171583184,0.9999999999,1.0,2,P026-Q03-T-학력,T-학력,초등학교
이경희 씨는 충청북에 살고 있다. (참/거짓),['id: P026\nuuid: 3bdc29a835a24bff80364eebdd5eeed5\nname: 이경희\nbirth_year: 1943\nage: 83\nsex: 여자\nresidence:\n  province: 대구\n  district: 대구-남구\n  region_class: 광역시\neducation:\n  level: 초등학교\n  field: null\noccupation: 무직\nfamily_type: 친인척과 거주\nhousing_type: 단독주택\nmarriage:\n  status: 사별\n  marriage_year: 1973\n  spouse_death_year: 2007\n  divorce_year: null\nchildren:\n- name: 이민수\n  age: 51\n  sex: 남자\n  living_with: false\npreferences:\n  food: 설렁탕\n  food_source: random\n  hobby: 산책\n  hobby_source: text\n  culture: 옛날 영화\n  culture_source: random\nhealth:\n  conditions:\n  - 전립선비대\n  - 관절염\n  medications:\n  - 탐스로신\n  - 아세트아미노펜\n  - 셀레콕시브\n'],"F, 이경희 씨는 대구에 살고 있다.",제공된 페르소나 정보 기준 이경희 씨의 거주지: 대구 남구.,1.0,0.7481297702167189,0.9999999999,0.5,2,P026-Q04-F-반대,F-반대,F
이경희 씨의 현재 운영 중인 사업자명은 무엇인가요?,['id: P026\nuuid: 3bdc29a835a24bff80364eebdd5eeed5\nname: 이경희\nbirth_year: 1943\nage: 83\nsex: 여자\nresidence:\n  province: 대구\n  district: 대구-남구\n  region_class: 광역시\neducation:\n  level: 초등학교\n  field: null\noccupation: 무직\nfamily_type: 친인척과 거주\nhousing_type: 단독주택\nmarriage:\n  status: 사별\n  marriage_year: 1973\n  spouse_death_year: 2007\n  divorce_year: null\nchildren:\n- name: 이민수\n  age: 51\n  sex: 남자\n  living_with: false\npreferences:\n  food: 설렁탕\n  food_source: random\n  hobby: 산책\n  hobby_source: text\n  culture: 옛날 영화\n  culture_source: random\nhealth:\n  conditions:\n  - 전립선비대\n  - 관절염\n  medications:\n  - 탐스로신\n  - 아세트아미노펜\n  - 셀레콕시브\n'],정보 없음,제공된 페르소나 정보에는 이경희 씨에 대해 질문한 사실이 없습니다.,1.0,0.0,0.0,0.0,2,P026-Q05-F-비존재,F-비존재,정보 없음
이경희 씨는 1983년에 결혼했다. (참/거짓),['id: P026\nuuid: 3bdc29a835a24bff80364eebdd5eeed5\nname: 이경희\nbirth_year: 1943\nage: 83\nsex: 여자\nresidence:\n  province: 대구\n  district: 대구-남구\n  region_class: 광역시\neducation:\n  level: 초등학교\n  field: null\noccupation: 무직\nfamily_type: 친인척과 거주\nhousing_type: 단독주택\nmarriage:\n  status: 사별\n  marriage_year: 1973\n  spouse_death_year: 2007\n  divorce_year: null\nchildren:\n- name: 이민수\n  age: 51\n  sex: 남자\n  living_with: false\npreferences:\n  food: 설렁탕\n  food_source: random\n  hobby: 산책\n  hobby_source: text\n  culture: 옛날 영화\n  culture_source: random\nhealth:\n  conditions:\n  - 전립선비대\n  - 관절염\n  medications:\n  - 탐스로신\n  - 아세트아미노펜\n  - 셀레콕시브\n'],"F, 이경희 씨는 1973년에 결혼했습니다.",제공된 페르소나 정보 기준 이경희 씨의 결혼 정보: 1973년에 결혼.,0.5,0.8216631835718348,0.9999999999,1.0,2,P026-Q06-F-시점오류,F-시점오류,F
이경희 씨는 대구 남시에 산다. (참/거짓),['id: P026\nuuid: 3bdc29a835a24bff80364eebdd5eeed5\nname: 이경희\nbirth_year: 1943\nage: 83\nsex: 여자\nresidence:\n  province: 대구\n  district: 대구-남구\n  region_class: 광역시\neducation:\n  level: 초등학교\n  field: null\noccupation: 무직\nfamily_type: 친인척과 거주\nhousing_type: 단독주택\nmarriage:\n  status: 사별\n  marriage_year: 1973\n  spouse_death_year: 2007\n  divorce_year: null\nchildren:\n- name: 이민수\n  age: 51\n  sex: 남자\n  living_with: false\npreferences:\n  food: 설렁탕\n  food_source: random\n  hobby: 산책\n  hobby_source: text\n  culture: 옛날 영화\n  culture_source: random\nhealth:\n  conditions:\n  - 전립선비대\n  - 관절염\n  medications:\n  - 탐스로신\n  - 아세트아미노펜\n  - 셀레콕시브\n'],F. 이경희 씨는 대구 남구에 거주한다.,제공된 페르소나 정보 기준 이경희 씨의 거주지: 대구 남구.,0.5,0.7236062634999317,0.9999999999,1.0,2,P026-Q07-ADV-부분일치,ADV-부분일치,F
이경희 씨는 1972년에 결혼했다. (참/거짓),['id: P026\nuuid: 3bdc29a835a24bff80364eebdd5eeed5\nname: 이경희\nbirth_year: 1943\nage: 83\nsex: 여자\nresidence:\n  province: 대구\n  district: 대구-남구\n  region_class: 광역시\neducation:\n  level: 초등학교\n  field: null\noccupation: 무직\nfamily_type: 친인척과 거주\nhousing_type: 단독주택\nmarriage:\n  status: 사별\n  marriage_year: 1973\n  spouse_death_year: 2007\n  divorce_year: null\nchildren:\n- name: 이민수\n  age: 51\n  sex: 남자\n  living_with: false\npreferences:\n  food: 설렁탕\n  food_source: random\n  hobby: 산책\n  hobby_source: text\n  culture: 옛날 영화\n  culture_source: random\nhealth:\n  conditions:\n  - 전립선비대\n  - 관절염\n  medications:\n  - 탐스로신\n  - 아세트아미노펜\n  - 셀레콕시브\n'],F. 이경희 씨는 1973년에 결혼했다.,제공된 페르소나 정보 기준 이경희 씨의 결혼 정보: 1973년에 결혼.,1.0,0.5412375214898871,0.9999999999,0.0,2,P026-Q08-ADV-시점근접,ADV-시점근접,F
이경희 씨의 자녀 이름은 이지훈이다. (참/거짓),['id: P026\nuuid: 3bdc29a835a24bff80364eebdd5eeed5\nname: 이경희\nbirth_year: 1943\nage: 83\nsex: 여자\nresidence:\n  province: 대구\n  district: 대구-남구\n  region_class: 광역시\neducation:\n  level: 초등학교\n  field: null\noccupation: 무직\nfamily_type: 친인척과 거주\nhousing_type: 단독주택\nmarriage:\n  status: 사별\n  marriage_year: 1973\n  spouse_death_year: 2007\n  divorce_year: null\nchildren:\n- name: 이민수\n  age: 51\n  sex: 남자\n  living_with: false\npreferences:\n  food: 설렁탕\n  food_source: random\n  hobby: 산책\n  hobby_source: text\n  culture: 옛날 영화\n  culture_source: random\nhealth:\n  conditions:\n  - 전립선비대\n  - 관절염\n  medications:\n  - 탐스로신\n  - 아세트아미노펜\n  - 셀레콕시브\n'],"F, 이경희 씨의 자녀 이름은 이민수이다.",제공된 페르소나 정보 기준 이경희 씨의 자녀 정보: 자녀 1명(이민수).,1.0,0.4923877223804155,0.0,0.5,2,P026-Q09-ADV-유사인물,ADV-유사인물,F
김송자 씨의 거주지는 어디인가요?,['id: P027\nuuid: e4b8d8a947304239ba708293a6cf2929\nname: 김송자\nbirth_year: 1938\nage: 88\nsex: 여자\nresidence:\n  province: 경기\n  district: 경기-하남시\n  region_class: 수도권\neducation:\n  level: 초등학교\n  field: null\noccupation: 무직\nfamily_type: 친인척과 거주\nhousing_type: 아파트\nmarriage:\n  status: 사별\n  marriage_year: 1968\n  spouse_death_year: 2014\n  divorce_year: null\nchildren:\n- name: 김민수\n  age: 54\n  sex: 남자\n  living_with: false\npreferences:\n  food: 비빔밥\n  food_source: random\n  hobby: 장기\n  hobby_source: random\n  culture: 이미자 노래\n  culture_source: random\nhealth:\n  conditions:\n  - 당뇨\n  - 고혈압\n  - 전립선비대\n  medications:\n  - 탐스로신\n  - 메트포르민\n  - 암로디핀\n  - 로사르탄\n'],김송자 씨의 거주지는 경기-하남시입니다.,김송자 씨의 거주지: 경기 하남시.,1.0,0.7574429938498618,0.9999999999,1.0,2,P027-Q01-T-거주지,T-거주지,경기 하남시
김송자 씨의 직업은 무엇인가요?,['id: P027\nuuid: e4b8d8a947304239ba708293a6cf2929\nname: 김송자\nbirth_year: 1938\nage: 88\nsex: 여자\nresidence:\n  province: 경기\n  district: 경기-하남시\n  region_class: 수도권\neducation:\n  level: 초등학교\n  field: null\noccupation: 무직\nfamily_type: 친인척과 거주\nhousing_type: 아파트\nmarriage:\n  status: 사별\n  marriage_year: 1968\n  spouse_death_year: 2014\n  divorce_year: null\nchildren:\n- name: 김민수\n  age: 54\n  sex: 남자\n  living_with: false\npreferences:\n  food: 비빔밥\n  food_source: random\n  hobby: 장기\n  hobby_source: random\n  culture: 이미자 노래\n  culture_source: random\nhealth:\n  conditions:\n  - 당뇨\n  - 고혈압\n  - 전립선비대\n  medications:\n  - 탐스로신\n  - 메트포르민\n  - 암로디핀\n  - 로사르탄\n'],김송자 씨의 직업은 무직입니다.,김송자 씨의 직업: 무직.,1.0,0.9698940665079444,0.9999999999,1.0,2,P027-Q02-T-직업,T-직업,무직
김송자 씨의 최종 학력은 무엇인가요?,['id: P027\nuuid: e4b8d8a947304239ba708293a6cf2929\nname: 김송자\nbirth_year: 1938\nage: 88\nsex: 여자\nresidence:\n  province: 경기\n  district: 경기-하남시\n  region_class: 수도권\neducation:\n  level: 초등학교\n  field: null\noccupation: 무직\nfamily_type: 친인척과 거주\nhousing_type: 아파트\nmarriage:\n  status: 사별\n  marriage_year: 1968\n  spouse_death_year: 2014\n  divorce_year: null\nchildren:\n- name: 김민수\n  age: 54\n  sex: 남자\n  living_with: false\npreferences:\n  food: 비빔밥\n  food_source: random\n  hobby: 장기\n  hobby_source: random\n  culture: 이미자 노래\n  culture_source: random\nhealth:\n  conditions:\n  - 당뇨\n  - 고혈압\n  - 전립선비대\n  medications:\n  - 탐스로신\n  - 메트포르민\n  - 암로디핀\n  - 로사르탄\n'],김송자 씨의 최종 학력은 초등학교입니다.,김송자 씨의 최종 학력: 초등학교.,1.0,0.9164309697068383,0.9999999999,1.0,2,P027-Q03-T-학력,T-학력,초등학교
김송자 씨는 전북에 살고 있다. (참/거짓),['id: P027\nuuid: e4b8d8a947304239ba708293a6cf2929\nname: 김송자\nbirth_year: 1938\nage: 88\nsex: 여자\nresidence:\n  province: 경기\n  district: 경기-하남시\n  region_class: 수도권\neducation:\n  level: 초등학교\n  field: null\noccupation: 무직\nfamily_type: 친인척과 거주\nhousing_type: 아파트\nmarriage:\n  status: 사별\n  marriage_year: 1968\n  spouse_death_year: 2014\n  divorce_year: null\nchildren:\n- name: 김민수\n  age: 54\n  sex: 남자\n  living_with: false\npreferences:\n  food: 비빔밥\n  food_source: random\n  hobby: 장기\n  hobby_source: random\n  culture: 이미자 노래\n  culture_source: random\nhealth:\n  conditions:\n  - 당뇨\n  - 고혈압\n  - 전립선비대\n  medications:\n  - 탐스로신\n  - 메트포르민\n  - 암로디핀\n  - 로사르탄\n'],F. 김송자 씨는 경기-하남시에 살고 있다.,제공된 페르소나 정보 기준 김송자 씨의 거주지: 경기 하남시.,1.0,0.5199647453256719,0.9999999999,0.0,2,P027-Q04-F-반대,F-반대,F
김송자 씨의 반려동물의 이름은 무엇인가요?,['id: P027\nuuid: e4b8d8a947304239ba708293a6cf2929\nname: 김송자\nbirth_year: 1938\nage: 88\nsex: 여자\nresidence:\n  province: 경기\n  district: 경기-하남시\n  region_class: 수도권\neducation:\n  level: 초등학교\n  field: null\noccupation: 무직\nfamily_type: 친인척과 거주\nhousing_type: 아파트\nmarriage:\n  status: 사별\n  marriage_year: 1968\n  spouse_death_year: 2014\n  divorce_year: null\nchildren:\n- name: 김민수\n  age: 54\n  sex: 남자\n  living_with: false\npreferences:\n  food: 비빔밥\n  food_source: random\n  hobby: 장기\n  hobby_source: random\n  culture: 이미자 노래\n  culture_source: random\nhealth:\n  conditions:\n  - 당뇨\n  - 고혈압\n  - 전립선비대\n  medications:\n  - 탐스로신\n  - 메트포르민\n  - 암로디핀\n  - 로사르탄\n'],정보 없음,제공된 페르소나 정보에는 김송자 씨에 대해 질문한 사실이 없습니다.,1.0,0.0,0.0,0.0,2,P027-Q05-F-비존재,F-비존재,정보 없음
김송자 씨는 1978년에 결혼했다. (참/거짓),['id: P027\nuuid: e4b8d8a947304239ba708293a6cf2929\nname: 김송자\nbirth_year: 1938\nage: 88\nsex: 여자\nresidence:\n  province: 경기\n  district: 경기-하남시\n  region_class: 수도권\neducation:\n  level: 초등학교\n  field: null\noccupation: 무직\nfamily_type: 친인척과 거주\nhousing_type: 아파트\nmarriage:\n  status: 사별\n  marriage_year: 1968\n  spouse_death_year: 2014\n  divorce_year: null\nchildren:\n- name: 김민수\n  age: 54\n  sex: 남자\n  living_with: false\npreferences:\n  food: 비빔밥\n  food_source: random\n  hobby: 장기\n  hobby_source: random\n  culture: 이미자 노래\n  culture_source: random\nhealth:\n  conditions:\n  - 당뇨\n  - 고혈압\n  - 전립선비대\n  medications:\n  - 탐스로신\n  - 메트포르민\n  - 암로디핀\n  - 로사르탄\n'],"F, 김송자 씨는 1968년에 결혼했습니다.",제공된 페르소나 정보 기준 김송자 씨의 결혼 정보: 1968년에 결혼.,1.0,0.6360819215352952,0.9999999999,1.0,2,P027-Q06-F-시점오류,F-시점오류,F
김송자 씨는 경기 하남구에 산다. (참/거짓),['id: P027\nuuid: e4b8d8a947304239ba708293a6cf2929\nname: 김송자\nbirth_year: 1938\nage: 88\nsex: 여자\nresidence:\n  province: 경기\n  district: 경기-하남시\n  region_class: 수도권\neducation:\n  level: 초등학교\n  field: null\noccupation: 무직\nfamily_type: 친인척과 거주\nhousing_type: 아파트\nmarriage:\n  status: 사별\n  marriage_year: 1968\n  spouse_death_year: 2014\n  divorce_year: null\nchildren:\n- name: 김민수\n  age: 54\n  sex: 남자\n  living_with: false\npreferences:\n  food: 비빔밥\n  food_source: random\n  hobby: 장기\n  hobby_source: random\n  culture: 이미자 노래\n  culture_source: random\nhealth:\n  conditions:\n  - 당뇨\n  - 고혈압\n  - 전립선비대\n  medications:\n  - 탐스로신\n  - 메트포르민\n  - 암로디핀\n  - 로사르탄\n'],"F, 김송자 씨는 경기 하남시에 산다.",제공된 페르소나 정보 기준 김송자 씨의 거주지: 경기 하남시.,1.0,0.5253254029746744,0.9999999999,0.0,2,P027-Q07-ADV-부분일치,ADV-부분일치,F
김송자 씨는 1969년에 결혼했다. (참/거짓),['id: P027\nuuid: e4b8d8a947304239ba708293a6cf2929\nname: 김송자\nbirth_year: 1938\nage: 88\nsex: 여자\nresidence:\n  province: 경기\n  district: 경기-하남시\n  region_class: 수도권\neducation:\n  level: 초등학교\n  field: null\noccupation: 무직\nfamily_type: 친인척과 거주\nhousing_type: 아파트\nmarriage:\n  status: 사별\n  marriage_year: 1968\n  spouse_death_year: 2014\n  divorce_year: null\nchildren:\n- name: 김민수\n  age: 54\n  sex: 남자\n  living_with: false\npreferences:\n  food: 비빔밥\n  food_source: random\n  hobby: 장기\n  hobby_source: random\n  culture: 이미자 노래\n  culture_source: random\nhealth:\n  conditions:\n  - 당뇨\n  - 고혈압\n  - 전립선비대\n  medications:\n  - 탐스로신\n  - 메트포르민\n  - 암로디핀\n  - 로사르탄\n'],"F, 김송자 씨는 1968년에 결혼했다.",제공된 페르소나 정보 기준 김송자 씨의 결혼 정보: 1968년에 결혼.,1.0,0.6504443098061434,0.9999999999,1.0,2,P027-Q08-ADV-시점근접,ADV-시점근접,F
김송자 씨의 자녀 이름은 김지훈이다. (참/거짓),['id: P027\nuuid: e4b8d8a947304239ba708293a6cf2929\nname: 김송자\nbirth_year: 1938\nage: 88\nsex: 여자\nresidence:\n  province: 경기\n  district: 경기-하남시\n  region_class: 수도권\neducation:\n  level: 초등학교\n  field: null\noccupation: 무직\nfamily_type: 친인척과 거주\nhousing_type: 아파트\nmarriage:\n  status: 사별\n  marriage_year: 1968\n  spouse_death_year: 2014\n  divorce_year: null\nchildren:\n- name: 김민수\n  age: 54\n  sex: 남자\n  living_with: false\npreferences:\n  food: 비빔밥\n  food_source: random\n  hobby: 장기\n  hobby_source: random\n  culture: 이미자 노래\n  culture_source: random\nhealth:\n  conditions:\n  - 당뇨\n  - 고혈압\n  - 전립선비대\n  medications:\n  - 탐스로신\n  - 메트포르민\n  - 암로디핀\n  - 로사르탄\n'],"F, 김송자 씨의 자녀 이름은 김민수이다.",제공된 페르소나 정보 기준 김송자 씨의 자녀 정보: 자녀 1명(김민수).,1.0,0.6947767277084494,0.0,0.5,2,P027-Q09-ADV-유사인물,ADV-유사인물,F
김경태 씨의 거주지는 어디인가요?,['id: P028\nuuid: 19d0ae84486b475d989709b36b8ee4b2\nname: 김경태\nbirth_year: 1943\nage: 83\nsex: 여자\nresidence:\n  province: 대전\n  district: 대전-서구\n  region_class: 광역시\neducation:\n  level: 초등학교\n  field: null\noccupation: 무직\nfamily_type: 혼자 거주\nhousing_type: 아파트\nmarriage:\n  status: 사별\n  marriage_year: 1976\n  spouse_death_year: 2023\n  divorce_year: null\nchildren:\n- name: 김광호\n  age: 46\n  sex: 남자\n  living_with: false\npreferences:\n  food: 설렁탕\n  food_source: random\n  hobby: 독서\n  hobby_source: random\n  culture: 이미자 노래\n  culture_source: random\nhealth:\n  conditions:\n  - 전립선비대\n  - 위염\n  - 고지혈증\n  medications:\n  - 아토르바스타틴\n  - 로수바스타틴\n  - 라베프라졸\n  - 오메프라졸\n'],김경태 씨의 거주지는 대전 대전-서구입니다.,김경태 씨의 거주지: 대전 서구.,1.0,0.9359788405103452,0.9999999999,1.0,2,P028-Q01-T-거주지,T-거주지,대전 서구
김경태 씨의 직업은 무엇인가요?,['id: P028\nuuid: 19d0ae84486b475d989709b36b8ee4b2\nname: 김경태\nbirth_year: 1943\nage: 83\nsex: 여자\nresidence:\n  province: 대전\n  district: 대전-서구\n  region_class: 광역시\neducation:\n  level: 초등학교\n  field: null\noccupation: 무직\nfamily_type: 혼자 거주\nhousing_type: 아파트\nmarriage:\n  status: 사별\n  marriage_year: 1976\n  spouse_death_year: 2023\n  divorce_year: null\nchildren:\n- name: 김광호\n  age: 46\n  sex: 남자\n  living_with: false\npreferences:\n  food: 설렁탕\n  food_source: random\n  hobby: 독서\n  hobby_source: random\n  culture: 이미자 노래\n  culture_source: random\nhealth:\n  conditions:\n  - 전립선비대\n  - 위염\n  - 고지혈증\n  medications:\n  - 아토르바스타틴\n  - 로수바스타틴\n  - 라베프라졸\n  - 오메프라졸\n'],김경태 씨의 직업은 무직입니다.,김경태 씨의 직업: 무직.,1.0,0.9662561417602477,0.9999999999,1.0,2,P028-Q02-T-직업,T-직업,무직
김경태 씨의 최종 학력은 무엇인가요?,['id: P028\nuuid: 19d0ae84486b475d989709b36b8ee4b2\nname: 김경태\nbirth_year: 1943\nage: 83\nsex: 여자\nresidence:\n  province: 대전\n  district: 대전-서구\n  region_class: 광역시\neducation:\n  level: 초등학교\n  field: null\noccupation: 무직\nfamily_type: 혼자 거주\nhousing_type: 아파트\nmarriage:\n  status: 사별\n  marriage_year: 1976\n  spouse_death_year: 2023\n  divorce_year: null\nchildren:\n- name: 김광호\n  age: 46\n  sex: 남자\n  living_with: false\npreferences:\n  food: 설렁탕\n  food_source: random\n  hobby: 독서\n  hobby_source: random\n  culture: 이미자 노래\n  culture_source: random\nhealth:\n  conditions:\n  - 전립선비대\n  - 위염\n  - 고지혈증\n  medications:\n  - 아토르바스타틴\n  - 로수바스타틴\n  - 라베프라졸\n  - 오메프라졸\n'],초등학교입니다.,김경태 씨의 최종 학력: 초등학교.,1.0,0.4440431065151525,0.9999999999,1.0,2,P028-Q03-T-학력,T-학력,초등학교
김경태 씨는 충청남에 살고 있다. (참/거짓),['id: P028\nuuid: 19d0ae84486b475d989709b36b8ee4b2\nname: 김경태\nbirth_year: 1943\nage: 83\nsex: 여자\nresidence:\n  province: 대전\n  district: 대전-서구\n  region_class: 광역시\neducation:\n  level: 초등학교\n  field: null\noccupation: 무직\nfamily_type: 혼자 거주\nhousing_type: 아파트\nmarriage:\n  status: 사별\n  marriage_year: 1976\n  spouse_death_year: 2023\n  divorce_year: null\nchildren:\n- name: 김광호\n  age: 46\n  sex: 남자\n  living_with: false\npreferences:\n  food: 설렁탕\n  food_source: random\n  hobby: 독서\n  hobby_source: random\n  culture: 이미자 노래\n  culture_source: random\nhealth:\n  conditions:\n  - 전립선비대\n  - 위염\n  - 고지혈증\n  medications:\n  - 아토르바스타틴\n  - 로수바스타틴\n  - 라베프라졸\n  - 오메프라졸\n'],F. 김경태 씨는 대전에 살고 있다.,제공된 페르소나 정보 기준 김경태 씨의 거주지: 대전 서구.,1.0,0.6904393056467497,0.0,0.5,2,P028-Q04-F-반대,F-반대,F
김경태 씨의 현재 운영 중인 사업자명은 무엇인가요?,['id: P028\nuuid: 19d0ae84486b475d989709b36b8ee4b2\nname: 김경태\nbirth_year: 1943\nage: 83\nsex: 여자\nresidence:\n  province: 대전\n  district: 대전-서구\n  region_class: 광역시\neducation:\n  level: 초등학교\n  field: null\noccupation: 무직\nfamily_type: 혼자 거주\nhousing_type: 아파트\nmarriage:\n  status: 사별\n  marriage_year: 1976\n  spouse_death_year: 2023\n  divorce_year: null\nchildren:\n- name: 김광호\n  age: 46\n  sex: 남자\n  living_with: false\npreferences:\n  food: 설렁탕\n  food_source: random\n  hobby: 독서\n  hobby_source: random\n  culture: 이미자 노래\n  culture_source: random\nhealth:\n  conditions:\n  - 전립선비대\n  - 위염\n  - 고지혈증\n  medications:\n  - 아토르바스타틴\n  - 로수바스타틴\n  - 라베프라졸\n  - 오메프라졸\n'],정보 없음,제공된 페르소나 정보에는 김경태 씨에 대해 질문한 사실이 없습니다.,1.0,0.0,0.0,0.0,2,P028-Q05-F-비존재,F-비존재,정보 없음
김경태 씨는 1991년에 결혼했다. (참/거짓),['id: P028\nuuid: 19d0ae84486b475d989709b36b8ee4b2\nname: 김경태\nbirth_year: 1943\nage: 83\nsex: 여자\nresidence:\n  province: 대전\n  district: 대전-서구\n  region_class: 광역시\neducation:\n  level: 초등학교\n  field: null\noccupation: 무직\nfamily_type: 혼자 거주\nhousing_type: 아파트\nmarriage:\n  status: 사별\n  marriage_year: 1976\n  spouse_death_year: 2023\n  divorce_year: null\nchildren:\n- name: 김광호\n  age: 46\n  sex: 남자\n  living_with: false\npreferences:\n  food: 설렁탕\n  food_source: random\n  hobby: 독서\n  hobby_source: random\n  culture: 이미자 노래\n  culture_source: random\nhealth:\n  conditions:\n  - 전립선비대\n  - 위염\n  - 고지혈증\n  medications:\n  - 아토르바스타틴\n  - 로수바스타틴\n  - 라베프라졸\n  - 오메프라졸\n'],F. 김경태 씨는 1976년에 결혼했다.,제공된 페르소나 정보 기준 김경태 씨의 결혼 정보: 1976년에 결혼.,1.0,0.5958172368724948,0.9999999999,1.0,2,P028-Q06-F-시점오류,F-시점오류,F
김경태 씨는 대전 서시에 산다. (참/거짓),['id: P028\nuuid: 19d0ae84486b475d989709b36b8ee4b2\nname: 김경태\nbirth_year: 1943\nage: 83\nsex: 여자\nresidence:\n  province: 대전\n  district: 대전-서구\n  region_class: 광역시\neducation:\n  level: 초등학교\n  field: null\noccupation: 무직\nfamily_type: 혼자 거주\nhousing_type: 아파트\nmarriage:\n  status: 사별\n  marriage_year: 1976\n  spouse_death_year: 2023\n  divorce_year: null\nchildren:\n- name: 김광호\n  age: 46\n  sex: 남자\n  living_with: false\npreferences:\n  food: 설렁탕\n  food_source: random\n  hobby: 독서\n  hobby_source: random\n  culture: 이미자 노래\n  culture_source: random\nhealth:\n  conditions:\n  - 전립선비대\n  - 위염\n  - 고지혈증\n  medications:\n  - 아토르바스타틴\n  - 로수바스타틴\n  - 라베프라졸\n  - 오메프라졸\n'],"F, 김경태 씨는 대전 서구에 산다.",제공된 페르소나 정보 기준 김경태 씨의 거주지: 대전 서구.,0.5,0.7060518426607433,0.9999999999,1.0,2,P028-Q07-ADV-부분일치,ADV-부분일치,F
김경태 씨는 1977년에 결혼했다. (참/거짓),['id: P028\nuuid: 19d0ae84486b475d989709b36b8ee4b2\nname: 김경태\nbirth_year: 1943\nage: 83\nsex: 여자\nresidence:\n  province: 대전\n  district: 대전-서구\n  region_class: 광역시\neducation:\n  level: 초등학교\n  field: null\noccupation: 무직\nfamily_type: 혼자 거주\nhousing_type: 아파트\nmarriage:\n  status: 사별\n  marriage_year: 1976\n  spouse_death_year: 2023\n  divorce_year: null\nchildren:\n- name: 김광호\n  age: 46\n  sex: 남자\n  living_with: false\npreferences:\n  food: 설렁탕\n  food_source: random\n  hobby: 독서\n  hobby_source: random\n  culture: 이미자 노래\n  culture_source: random\nhealth:\n  conditions:\n  - 전립선비대\n  - 위염\n  - 고지혈증\n  medications:\n  - 아토르바스타틴\n  - 로수바스타틴\n  - 라베프라졸\n  - 오메프라졸\n'],"F, 김경태 씨는 1976년에 결혼했다.",제공된 페르소나 정보 기준 김경태 씨의 결혼 정보: 1976년에 결혼.,1.0,0.8068343691308725,0.9999999999,0.0,2,P028-Q08-ADV-시점근접,ADV-시점근접,F
김경태 씨의 자녀 이름은 김민수이다. (참/거짓),['id: P028\nuuid: 19d0ae84486b475d989709b36b8ee4b2\nname: 김경태\nbirth_year: 1943\nage: 83\nsex: 여자\nresidence:\n  province: 대전\n  district: 대전-서구\n  region_class: 광역시\neducation:\n  level: 초등학교\n  field: null\noccupation: 무직\nfamily_type: 혼자 거주\nhousing_type: 아파트\nmarriage:\n  status: 사별\n  marriage_year: 1976\n  spouse_death_year: 2023\n  divorce_year: null\nchildren:\n- name: 김광호\n  age: 46\n  sex: 남자\n  living_with: false\npreferences:\n  food: 설렁탕\n  food_source: random\n  hobby: 독서\n  hobby_source: random\n  culture: 이미자 노래\n  culture_source: random\nhealth:\n  conditions:\n  - 전립선비대\n  - 위염\n  - 고지혈증\n  medications:\n  - 아토르바스타틴\n  - 로수바스타틴\n  - 라베프라졸\n  - 오메프라졸\n'],F. 김경태 씨의 자녀 이름은 김광호이다.,제공된 페르소나 정보 기준 김경태 씨의 자녀 정보: 자녀 1명(김광호).,1.0,0.6340593371301774,0.9999999999,0.5,2,P028-Q09-ADV-유사인물,ADV-유사인물,F
홍용주 씨의 거주지는 어디인가요?,['id: P029\nuuid: 4e302ddb2a9148f2aa38936085a5c80e\nname: 홍용주\nbirth_year: 1940\nage: 86\nsex: 여자\nresidence:\n  province: 경기\n  district: 경기-고양시 덕양구\n  region_class: 수도권\neducation:\n  level: 무학\n  field: null\noccupation: 무직\nfamily_type: 친인척과 거주\nhousing_type: 아파트\nmarriage:\n  status: 사별\n  marriage_year: 1973\n  spouse_death_year: 2016\n  divorce_year: null\nchildren:\n- name: 홍영수\n  age: 48\n  sex: 남자\n  living_with: false\n- name: 홍영숙\n  age: 44\n  sex: 여자\n  living_with: false\npreferences:\n  food: 된장찌개\n  food_source: text\n  hobby: 사진 찍기\n  hobby_source: random\n  culture: 임영웅 노래\n  culture_source: random\nhealth:\n  conditions:\n  - 전립선비대\n  - 당뇨\n  medications:\n  - 탐스로신\n  - 메트포르민\n  - 글리메피리드\n'],홍용주 씨의 거주지는 경기-고양시 덕양구입니다.,홍용주 씨의 거주지: 경기 고양시 덕양구.,1.0,0.6867497932453586,0.9999999999,1.0,2,P029-Q01-T-거주지,T-거주지,경기 고양시 덕양구
홍용주 씨의 직업은 무엇인가요?,['id: P029\nuuid: 4e302ddb2a9148f2aa38936085a5c80e\nname: 홍용주\nbirth_year: 1940\nage: 86\nsex: 여자\nresidence:\n  province: 경기\n  district: 경기-고양시 덕양구\n  region_class: 수도권\neducation:\n  level: 무학\n  field: null\noccupation: 무직\nfamily_type: 친인척과 거주\nhousing_type: 아파트\nmarriage:\n  status: 사별\n  marriage_year: 1973\n  spouse_death_year: 2016\n  divorce_year: null\nchildren:\n- name: 홍영수\n  age: 48\n  sex: 남자\n  living_with: false\n- name: 홍영숙\n  age: 44\n  sex: 여자\n  living_with: false\npreferences:\n  food: 된장찌개\n  food_source: text\n  hobby: 사진 찍기\n  hobby_source: random\n  culture: 임영웅 노래\n  culture_source: random\nhealth:\n  conditions:\n  - 전립선비대\n  - 당뇨\n  medications:\n  - 탐스로신\n  - 메트포르민\n  - 글리메피리드\n'],홍용주 씨의 직업은 무직입니다.,홍용주 씨의 직업: 무직.,1.0,0.6768598754478662,0.9999999999,1.0,2,P029-Q02-T-직업,T-직업,무직
홍용주 씨의 최종 학력은 무엇인가요?,['id: P029\nuuid: 4e302ddb2a9148f2aa38936085a5c80e\nname: 홍용주\nbirth_year: 1940\nage: 86\nsex: 여자\nresidence:\n  province: 경기\n  district: 경기-고양시 덕양구\n  region_class: 수도권\neducation:\n  level: 무학\n  field: null\noccupation: 무직\nfamily_type: 친인척과 거주\nhousing_type: 아파트\nmarriage:\n  status: 사별\n  marriage_year: 1973\n  spouse_death_year: 2016\n  divorce_year: null\nchildren:\n- name: 홍영수\n  age: 48\n  sex: 남자\n  living_with: false\n- name: 홍영숙\n  age: 44\n  sex: 여자\n  living_with: false\npreferences:\n  food: 된장찌개\n  food_source: text\n  hobby: 사진 찍기\n  hobby_source: random\n  culture: 임영웅 노래\n  culture_source: random\nhealth:\n  conditions:\n  - 전립선비대\n  - 당뇨\n  medications:\n  - 탐스로신\n  - 메트포르민\n  - 글리메피리드\n'],무학입니다.,홍용주 씨의 최종 학력: 무학.,1.0,0.0,0.9999999999,1.0,2,P029-Q03-T-학력,T-학력,무학
홍용주 씨는 경상북에 살고 있다. (참/거짓),['id: P029\nuuid: 4e302ddb2a9148f2aa38936085a5c80e\nname: 홍용주\nbirth_year: 1940\nage: 86\nsex: 여자\nresidence:\n  province: 경기\n  district: 경기-고양시 덕양구\n  region_class: 수도권\neducation:\n  level: 무학\n  field: null\noccupation: 무직\nfamily_type: 친인척과 거주\nhousing_type: 아파트\nmarriage:\n  status: 사별\n  marriage_year: 1973\n  spouse_death_year: 2016\n  divorce_year: null\nchildren:\n- name: 홍영수\n  age: 48\n  sex: 남자\n  living_with: false\n- name: 홍영숙\n  age: 44\n  sex: 여자\n  living_with: false\npreferences:\n  food: 된장찌개\n  food_source: text\n  hobby: 사진 찍기\n  hobby_source: random\n  culture: 임영웅 노래\n  culture_source: random\nhealth:\n  conditions:\n  - 전립선비대\n  - 당뇨\n  medications:\n  - 탐스로신\n  - 메트포르민\n  - 글리메피리드\n'],F. 홍용주 씨는 경기도에 살고 있다.,제공된 페르소나 정보 기준 홍용주 씨의 거주지: 경기 고양시 덕양구.,1.0,0.6977438155730056,0.9999999999,0.0,2,P029-Q04-F-반대,F-반대,F
홍용주 씨의 현재 운영 중인 사업자명은 무엇인가요?,['id: P029\nuuid: 4e302ddb2a9148f2aa38936085a5c80e\nname: 홍용주\nbirth_year: 1940\nage: 86\nsex: 여자\nresidence:\n  province: 경기\n  district: 경기-고양시 덕양구\n  region_class: 수도권\neducation:\n  level: 무학\n  field: null\noccupation: 무직\nfamily_type: 친인척과 거주\nhousing_type: 아파트\nmarriage:\n  status: 사별\n  marriage_year: 1973\n  spouse_death_year: 2016\n  divorce_year: null\nchildren:\n- name: 홍영수\n  age: 48\n  sex: 남자\n  living_with: false\n- name: 홍영숙\n  age: 44\n  sex: 여자\n  living_with: false\npreferences:\n  food: 된장찌개\n  food_source: text\n  hobby: 사진 찍기\n  hobby_source: random\n  culture: 임영웅 노래\n  culture_source: random\nhealth:\n  conditions:\n  - 전립선비대\n  - 당뇨\n  medications:\n  - 탐스로신\n  - 메트포르민\n  - 글리메피리드\n'],정보 없음,제공된 페르소나 정보에는 홍용주 씨에 대해 질문한 사실이 없습니다.,1.0,0.0,0.0,0.0,2,P029-Q05-F-비존재,F-비존재,정보 없음
홍용주 씨는 1988년에 결혼했다. (참/거짓),['id: P029\nuuid: 4e302ddb2a9148f2aa38936085a5c80e\nname: 홍용주\nbirth_year: 1940\nage: 86\nsex: 여자\nresidence:\n  province: 경기\n  district: 경기-고양시 덕양구\n  region_class: 수도권\neducation:\n  level: 무학\n  field: null\noccupation: 무직\nfamily_type: 친인척과 거주\nhousing_type: 아파트\nmarriage:\n  status: 사별\n  marriage_year: 1973\n  spouse_death_year: 2016\n  divorce_year: null\nchildren:\n- name: 홍영수\n  age: 48\n  sex: 남자\n  living_with: false\n- name: 홍영숙\n  age: 44\n  sex: 여자\n  living_with: false\npreferences:\n  food: 된장찌개\n  food_source: text\n  hobby: 사진 찍기\n  hobby_source: random\n  culture: 임영웅 노래\n  culture_source: random\nhealth:\n  conditions:\n  - 전립선비대\n  - 당뇨\n  medications:\n  - 탐스로신\n  - 메트포르민\n  - 글리메피리드\n'],F. 홍용주 씨는 1973년에 결혼했습니다.,제공된 페르소나 정보 기준 홍용주 씨의 결혼 정보: 1973년에 결혼.,1.0,0.7687237393253925,0.9999999999,1.0,2,P029-Q06-F-시점오류,F-시점오류,F
홍용주 씨는 경기 고양시 덕양시에 산다. (참/거짓),['id: P029\nuuid: 4e302ddb2a9148f2aa38936085a5c80e\nname: 홍용주\nbirth_year: 1940\nage: 86\nsex: 여자\nresidence:\n  province: 경기\n  district: 경기-고양시 덕양구\n  region_class: 수도권\neducation:\n  level: 무학\n  field: null\noccupation: 무직\nfamily_type: 친인척과 거주\nhousing_type: 아파트\nmarriage:\n  status: 사별\n  marriage_year: 1973\n  spouse_death_year: 2016\n  divorce_year: null\nchildren:\n- name: 홍영수\n  age: 48\n  sex: 남자\n  living_with: false\n- name: 홍영숙\n  age: 44\n  sex: 여자\n  living_with: false\npreferences:\n  food: 된장찌개\n  food_source: text\n  hobby: 사진 찍기\n  hobby_source: random\n  culture: 임영웅 노래\n  culture_source: random\nhealth:\n  conditions:\n  - 전립선비대\n  - 당뇨\n  medications:\n  - 탐스로신\n  - 메트포르민\n  - 글리메피리드\n'],T. 홍용주 씨는 경기-고양시 덕양구에 거주합니다.,제공된 페르소나 정보 기준 홍용주 씨의 거주지: 경기 고양시 덕양구.,1.0,0.5396553876869424,0.9999999999,1.0,2,P029-Q07-ADV-부분일치,ADV-부분일치,F
홍용주 씨는 1974년에 결혼했다. (참/거짓),['id: P029\nuuid: 4e302ddb2a9148f2aa38936085a5c80e\nname: 홍용주\nbirth_year: 1940\nage: 86\nsex: 여자\nresidence:\n  province: 경기\n  district: 경기-고양시 덕양구\n  region_class: 수도권\neducation:\n  level: 무학\n  field: null\noccupation: 무직\nfamily_type: 친인척과 거주\nhousing_type: 아파트\nmarriage:\n  status: 사별\n  marriage_year: 1973\n  spouse_death_year: 2016\n  divorce_year: null\nchildren:\n- name: 홍영수\n  age: 48\n  sex: 남자\n  living_with: false\n- name: 홍영숙\n  age: 44\n  sex: 여자\n  living_with: false\npreferences:\n  food: 된장찌개\n  food_source: text\n  hobby: 사진 찍기\n  hobby_source: random\n  culture: 임영웅 노래\n  culture_source: random\nhealth:\n  conditions:\n  - 전립선비대\n  - 당뇨\n  medications:\n  - 탐스로신\n  - 메트포르민\n  - 글리메피리드\n'],"F, 홍용주 씨는 1973년에 결혼했다.",제공된 페르소나 정보 기준 홍용주 씨의 결혼 정보: 1973년에 결혼.,1.0,0.7909377778085614,0.9999999999,0.0,2,P029-Q08-ADV-시점근접,ADV-시점근접,F
홍용주 씨의 자녀 이름은 홍현주이다. (참/거짓),['id: P029\nuuid: 4e302ddb2a9148f2aa38936085a5c80e\nname: 홍용주\nbirth_year: 1940\nage: 86\nsex: 여자\nresidence:\n  province: 경기\n  district: 경기-고양시 덕양구\n  region_class: 수도권\neducation:\n  level: 무학\n  field: null\noccupation: 무직\nfamily_type: 친인척과 거주\nhousing_type: 아파트\nmarriage:\n  status: 사별\n  marriage_year: 1973\n  spouse_death_year: 2016\n  divorce_year: null\nchildren:\n- name: 홍영수\n  age: 48\n  sex: 남자\n  living_with: false\n- name: 홍영숙\n  age: 44\n  sex: 여자\n  living_with: false\npreferences:\n  food: 된장찌개\n  food_source: text\n  hobby: 사진 찍기\n  hobby_source: random\n  culture: 임영웅 노래\n  culture_source: random\nhealth:\n  conditions:\n  - 전립선비대\n  - 당뇨\n  medications:\n  - 탐스로신\n  - 메트포르민\n  - 글리메피리드\n'],"F, 홍용주 씨의 자녀 이름은 홍영수와 홍영숙이다.","제공된 페르소나 정보 기준 홍용주 씨의 자녀 정보: 자녀 2명(홍영수, 홍영숙).",1.0,0.5781575397415271,0.0,0.0,2,P029-Q09-ADV-유사인물,ADV-유사인물,F
이경란 씨의 거주지는 어디인가요?,['id: P030\nuuid: 1bd0f46509854b84bc5ecccc660906df\nname: 이경란\nbirth_year: 1945\nage: 81\nsex: 여자\nresidence:\n  province: 인천\n  district: 인천-남동구\n  region_class: 수도권\neducation:\n  level: 무학\n  field: null\noccupation: 건물 청소원\nfamily_type: 혼자 거주\nhousing_type: 아파트\nmarriage:\n  status: 사별\n  marriage_year: 1975\n  spouse_death_year: 2018\n  divorce_year: null\nchildren:\n- name: 이선영\n  age: 49\n  sex: 여자\n  living_with: false\n- name: 이정우\n  age: 45\n  sex: 남자\n  living_with: false\n- name: 이성민\n  age: 43\n  sex: 남자\n  living_with: false\npreferences:\n  food: 갈비탕\n  food_source: random\n  hobby: 산책\n  hobby_source: text\n  culture: 동물 다큐멘터리\n  culture_source: random\nhealth:\n  conditions:\n  - 관절염\n  - 골다공증\n  - 전립선비대\n  medications:\n  - 아세트아미노펜\n  - 셀레콕시브\n  - 알렌드로네이트\n  - 탐스로신\n'],이경란 씨의 거주지는 인천 남동구입니다.,이경란 씨의 거주지: 인천 남동구.,1.0,0.937346237254764,0.9999999999,1.0,2,P030-Q01-T-거주지,T-거주지,인천 남동구
이경란 씨의 직업은 무엇인가요?,['id: P030\nuuid: 1bd0f46509854b84bc5ecccc660906df\nname: 이경란\nbirth_year: 1945\nage: 81\nsex: 여자\nresidence:\n  province: 인천\n  district: 인천-남동구\n  region_class: 수도권\neducation:\n  level: 무학\n  field: null\noccupation: 건물 청소원\nfamily_type: 혼자 거주\nhousing_type: 아파트\nmarriage:\n  status: 사별\n  marriage_year: 1975\n  spouse_death_year: 2018\n  divorce_year: null\nchildren:\n- name: 이선영\n  age: 49\n  sex: 여자\n  living_with: false\n- name: 이정우\n  age: 45\n  sex: 남자\n  living_with: false\n- name: 이성민\n  age: 43\n  sex: 남자\n  living_with: false\npreferences:\n  food: 갈비탕\n  food_source: random\n  hobby: 산책\n  hobby_source: text\n  culture: 동물 다큐멘터리\n  culture_source: random\nhealth:\n  conditions:\n  - 관절염\n  - 골다공증\n  - 전립선비대\n  medications:\n  - 아세트아미노펜\n  - 셀레콕시브\n  - 알렌드로네이트\n  - 탐스로신\n'],건물 청소원입니다.,이경란 씨의 직업: 건물 청소원.,1.0,0.4752926161276909,0.9999999999,1.0,2,P030-Q02-T-직업,T-직업,건물 청소원
이경란 씨의 최종 학력은 무엇인가요?,['id: P030\nuuid: 1bd0f46509854b84bc5ecccc660906df\nname: 이경란\nbirth_year: 1945\nage: 81\nsex: 여자\nresidence:\n  province: 인천\n  district: 인천-남동구\n  region_class: 수도권\neducation:\n  level: 무학\n  field: null\noccupation: 건물 청소원\nfamily_type: 혼자 거주\nhousing_type: 아파트\nmarriage:\n  status: 사별\n  marriage_year: 1975\n  spouse_death_year: 2018\n  divorce_year: null\nchildren:\n- name: 이선영\n  age: 49\n  sex: 여자\n  living_with: false\n- name: 이정우\n  age: 45\n  sex: 남자\n  living_with: false\n- name: 이성민\n  age: 43\n  sex: 남자\n  living_with: false\npreferences:\n  food: 갈비탕\n  food_source: random\n  hobby: 산책\n  hobby_source: text\n  culture: 동물 다큐멘터리\n  culture_source: random\nhealth:\n  conditions:\n  - 관절염\n  - 골다공증\n  - 전립선비대\n  medications:\n  - 아세트아미노펜\n  - 셀레콕시브\n  - 알렌드로네이트\n  - 탐스로신\n'],무학입니다.,이경란 씨의 최종 학력: 무학.,1.0,0.0,0.9999999999,1.0,2,P030-Q03-T-학력,T-학력,무학
이경란 씨는 전라남에 살고 있다. (참/거짓),['id: P030\nuuid: 1bd0f46509854b84bc5ecccc660906df\nname: 이경란\nbirth_year: 1945\nage: 81\nsex: 여자\nresidence:\n  province: 인천\n  district: 인천-남동구\n  region_class: 수도권\neducation:\n  level: 무학\n  field: null\noccupation: 건물 청소원\nfamily_type: 혼자 거주\nhousing_type: 아파트\nmarriage:\n  status: 사별\n  marriage_year: 1975\n  spouse_death_year: 2018\n  divorce_year: null\nchildren:\n- name: 이선영\n  age: 49\n  sex: 여자\n  living_with: false\n- name: 이정우\n  age: 45\n  sex: 남자\n  living_with: false\n- name: 이성민\n  age: 43\n  sex: 남자\n  living_with: false\npreferences:\n  food: 갈비탕\n  food_source: random\n  hobby: 산책\n  hobby_source: text\n  culture: 동물 다큐멘터리\n  culture_source: random\nhealth:\n  conditions:\n  - 관절염\n  - 골다공증\n  - 전립선비대\n  medications:\n  - 아세트아미노펜\n  - 셀레콕시브\n  - 알렌드로네이트\n  - 탐스로신\n'],"F, 이경란 씨는 인천에 살고 있다.",제공된 페르소나 정보 기준 이경란 씨의 거주지: 인천 남동구.,1.0,0.7659594504404709,0.9999999999,0.0,2,P030-Q04-F-반대,F-반대,F
이경란 씨의 정기 후원하는 단체의 이름은 무엇인가요?,['id: P030\nuuid: 1bd0f46509854b84bc5ecccc660906df\nname: 이경란\nbirth_year: 1945\nage: 81\nsex: 여자\nresidence:\n  province: 인천\n  district: 인천-남동구\n  region_class: 수도권\neducation:\n  level: 무학\n  field: null\noccupation: 건물 청소원\nfamily_type: 혼자 거주\nhousing_type: 아파트\nmarriage:\n  status: 사별\n  marriage_year: 1975\n  spouse_death_year: 2018\n  divorce_year: null\nchildren:\n- name: 이선영\n  age: 49\n  sex: 여자\n  living_with: false\n- name: 이정우\n  age: 45\n  sex: 남자\n  living_with: false\n- name: 이성민\n  age: 43\n  sex: 남자\n  living_with: false\npreferences:\n  food: 갈비탕\n  food_source: random\n  hobby: 산책\n  hobby_source: text\n  culture: 동물 다큐멘터리\n  culture_source: random\nhealth:\n  conditions:\n  - 관절염\n  - 골다공증\n  - 전립선비대\n  medications:\n  - 아세트아미노펜\n  - 셀레콕시브\n  - 알렌드로네이트\n  - 탐스로신\n'],정보 없음,제공된 페르소나 정보에는 이경란 씨에 대해 질문한 사실이 없습니다.,1.0,0.0,0.0,0.0,2,P030-Q05-F-비존재,F-비존재,정보 없음
이경란 씨는 1985년에 결혼했다. (참/거짓),['id: P030\nuuid: 1bd0f46509854b84bc5ecccc660906df\nname: 이경란\nbirth_year: 1945\nage: 81\nsex: 여자\nresidence:\n  province: 인천\n  district: 인천-남동구\n  region_class: 수도권\neducation:\n  level: 무학\n  field: null\noccupation: 건물 청소원\nfamily_type: 혼자 거주\nhousing_type: 아파트\nmarriage:\n  status: 사별\n  marriage_year: 1975\n  spouse_death_year: 2018\n  divorce_year: null\nchildren:\n- name: 이선영\n  age: 49\n  sex: 여자\n  living_with: false\n- name: 이정우\n  age: 45\n  sex: 남자\n  living_with: false\n- name: 이성민\n  age: 43\n  sex: 남자\n  living_with: false\npreferences:\n  food: 갈비탕\n  food_source: random\n  hobby: 산책\n  hobby_source: text\n  culture: 동물 다큐멘터리\n  culture_source: random\nhealth:\n  conditions:\n  - 관절염\n  - 골다공증\n  - 전립선비대\n  medications:\n  - 아세트아미노펜\n  - 셀레콕시브\n  - 알렌드로네이트\n  - 탐스로신\n'],F. 이경란 씨는 1975년에 결혼했다.,제공된 페르소나 정보 기준 이경란 씨의 결혼 정보: 1975년에 결혼.,1.0,0.7088682062431229,0.9999999999,1.0,2,P030-Q06-F-시점오류,F-시점오류,F
이경란 씨의 직업은 건물 관리인이다. (참/거짓),['id: P030\nuuid: 1bd0f46509854b84bc5ecccc660906df\nname: 이경란\nbirth_year: 1945\nage: 81\nsex: 여자\nresidence:\n  province: 인천\n  district: 인천-남동구\n  region_class: 수도권\neducation:\n  level: 무학\n  field: null\noccupation: 건물 청소원\nfamily_type: 혼자 거주\nhousing_type: 아파트\nmarriage:\n  status: 사별\n  marriage_year: 1975\n  spouse_death_year: 2018\n  divorce_year: null\nchildren:\n- name: 이선영\n  age: 49\n  sex: 여자\n  living_with: false\n- name: 이정우\n  age: 45\n  sex: 남자\n  living_with: false\n- name: 이성민\n  age: 43\n  sex: 남자\n  living_with: false\npreferences:\n  food: 갈비탕\n  food_source: random\n  hobby: 산책\n  hobby_source: text\n  culture: 동물 다큐멘터리\n  culture_source: random\nhealth:\n  conditions:\n  - 관절염\n  - 골다공증\n  - 전립선비대\n  medications:\n  - 아세트아미노펜\n  - 셀레콕시브\n  - 알렌드로네이트\n  - 탐스로신\n'],F. 이경란 씨의 직업은 건물 청소원이다.,제공된 페르소나 정보 기준 이경란 씨의 직업: 건물 청소원.,1.0,0.7070913853231943,0.9999999999,1.0,2,P030-Q07-ADV-부분일치,ADV-부분일치,F
이경란 씨는 1974년에 결혼했다. (참/거짓),['id: P030\nuuid: 1bd0f46509854b84bc5ecccc660906df\nname: 이경란\nbirth_year: 1945\nage: 81\nsex: 여자\nresidence:\n  province: 인천\n  district: 인천-남동구\n  region_class: 수도권\neducation:\n  level: 무학\n  field: null\noccupation: 건물 청소원\nfamily_type: 혼자 거주\nhousing_type: 아파트\nmarriage:\n  status: 사별\n  marriage_year: 1975\n  spouse_death_year: 2018\n  divorce_year: null\nchildren:\n- name: 이선영\n  age: 49\n  sex: 여자\n  living_with: false\n- name: 이정우\n  age: 45\n  sex: 남자\n  living_with: false\n- name: 이성민\n  age: 43\n  sex: 남자\n  living_with: false\npreferences:\n  food: 갈비탕\n  food_source: random\n  hobby: 산책\n  hobby_source: text\n  culture: 동물 다큐멘터리\n  culture_source: random\nhealth:\n  conditions:\n  - 관절염\n  - 골다공증\n  - 전립선비대\n  medications:\n  - 아세트아미노펜\n  - 셀레콕시브\n  - 알렌드로네이트\n  - 탐스로신\n'],"F, 이경란 씨는 1975년에 결혼했다.",제공된 페르소나 정보 기준 이경란 씨의 결혼 정보: 1975년에 결혼.,1.0,0.5549612289378755,0.9999999999,0.0,2,P030-Q08-ADV-시점근접,ADV-시점근접,F
이경란 씨의 자녀 이름은 이영수이다. (참/거짓),['id: P030\nuuid: 1bd0f46509854b84bc5ecccc660906df\nname: 이경란\nbirth_year: 1945\nage: 81\nsex: 여자\nresidence:\n  province: 인천\n  district: 인천-남동구\n  region_class: 수도권\neducation:\n  level: 무학\n  field: null\noccupation: 건물 청소원\nfamily_type: 혼자 거주\nhousing_type: 아파트\nmarriage:\n  status: 사별\n  marriage_year: 1975\n  spouse_death_year: 2018\n  divorce_year: null\nchildren:\n- name: 이선영\n  age: 49\n  sex: 여자\n  living_with: false\n- name: 이정우\n  age: 45\n  sex: 남자\n  living_with: false\n- name: 이성민\n  age: 43\n  sex: 남자\n  living_with: false\npreferences:\n  food: 갈비탕\n  food_source: random\n  hobby: 산책\n  hobby_source: text\n  culture: 동물 다큐멘터리\n  culture_source: random\nhealth:\n  conditions:\n  - 관절염\n  - 골다공증\n  - 전립선비대\n  medications:\n  - 아세트아미노펜\n  - 셀레콕시브\n  - 알렌드로네이트\n  - 탐스로신\n'],"F. 이경란 씨의 자녀 이름은 이선영, 이정우, 이성민이다.","제공된 페르소나 정보 기준 이경란 씨의 자녀 정보: 자녀 3명(이선영, 이정우, 이성민).",1.0,0.7251270778917321,0.0,0.0,2,P030-Q09-ADV-유사인물,ADV-유사인물,F
김원규 씨의 거주지는 어디인가요?,"['김원규 씨는 1991년에 결혼했습니다.', '김원규 씨는 부평에서 성실하게 근무하는 경비원이자, 가족을 위해 헌신하며 건강과 일상의 소소한 행복 사이에서 균형을 잡으려 노력하는 60대 가장입니다.', '김원규 씨는 65세 남자이며, 인천 인천-부평구에 거주합니다. 최종 학력은 고등학교이고, 직업은 건물 경비원입니다.', '김원규 씨는 무뚝뚝한 표현 방식 때문에 서툴 때가 많지만, 퇴근길에 아내가 좋아하는 과일을 사 들고 오는 것으로 마음을 전하는 전형적인 한국의 아버지입니다. 자녀들이 성인이 된 후에도 함께 살며 그들의 고민을 묵묵히 들어주고, 주말이면 가족 모두를 이끌고 강화도 바다로 나가는 든든한 버팀목 역할을 합니다.', '김원규 씨가 즐겨먹는 음식은 보리밥, 취미는 산책, 좋아하는 문화는 트로트입니다.']",인천 부평구에 거주합니다.,김원규 씨의 거주지: 인천 부평구.,1.0,0.5370925079285245,0.5833333333041666,1.0,3,P001-Q01-T-거주지,T-거주지,인천 부평구
김원규 씨의 직업은 무엇인가요?,"['김원규 씨는 1991년에 결혼했습니다.', '김원규 씨는 65세 남자이며, 인천 인천-부평구에 거주합니다. 최종 학력은 고등학교이고, 직업은 건물 경비원입니다.', '김원규 씨는 부평에서 성실하게 근무하는 경비원이자, 가족을 위해 헌신하며 건강과 일상의 소소한 행복 사이에서 균형을 잡으려 노력하는 60대 가장입니다.', '김원규 씨는 무뚝뚝한 표현 방식 때문에 서툴 때가 많지만, 퇴근길에 아내가 좋아하는 과일을 사 들고 오는 것으로 마음을 전하는 전형적인 한국의 아버지입니다. 자녀들이 성인이 된 후에도 함께 살며 그들의 고민을 묵묵히 들어주고, 주말이면 가족 모두를 이끌고 강화도 바다로 나가는 든든한 버팀목 역할을 합니다.', '김원규 씨가 즐겨먹는 음식은 보리밥, 취미는 산책, 좋아하는 문화는 트로트입니다.']",김원규 씨의 직업은 건물 경비원입니다.,김원규 씨의 직업: 건물 경비원.,1.0,0.9724562943267576,0.5833333333041666,1.0,3,P001-Q02-T-직업,T-직업,건물 경비원
김원규 씨의 최종 학력은 무엇인가요?,"['김원규 씨는 1991년에 결혼했습니다.', '김원규 씨는 65세 남자이며, 인천 인천-부평구에 거주합니다. 최종 학력은 고등학교이고, 직업은 건물 경비원입니다.', '김원규 씨는 무뚝뚝한 표현 방식 때문에 서툴 때가 많지만, 퇴근길에 아내가 좋아하는 과일을 사 들고 오는 것으로 마음을 전하는 전형적인 한국의 아버지입니다. 자녀들이 성인이 된 후에도 함께 살며 그들의 고민을 묵묵히 들어주고, 주말이면 가족 모두를 이끌고 강화도 바다로 나가는 든든한 버팀목 역할을 합니다.', '김원규 씨의 주요 질환은 고혈압, 당뇨이고, 복용 약물은 암로디핀, 로사르탄, 메트포르민, 글리메피리드입니다.', '김원규 씨가 즐겨먹는 음식은 보리밥, 취미는 산책, 좋아하는 문화는 트로트입니다.']",김원규 씨의 최종 학력은 고등학교입니다.,김원규 씨의 최종 학력: 고등학교.,1.0,0.9234117100295424,0.49999999995,1.0,3,P001-Q03-T-학력,T-학력,고등학교
김원규 씨는 전라남에 살고 있다. (참/거짓),"['김원규 씨는 1991년에 결혼했습니다.', '김원규 씨는 부평에서 성실하게 근무하는 경비원이자, 가족을 위해 헌신하며 건강과 일상의 소소한 행복 사이에서 균형을 잡으려 노력하는 60대 가장입니다.', '김원규 씨는 65세 남자이며, 인천 인천-부평구에 거주합니다. 최종 학력은 고등학교이고, 직업은 건물 경비원입니다.', '김원규 씨가 즐겨먹는 음식은 보리밥, 취미는 산책, 좋아하는 문화는 트로트입니다.', '김원규 씨는 무뚝뚝한 표현 방식 때문에 서툴 때가 많지만, 퇴근길에 아내가 좋아하는 과일을 사 들고 오는 것으로 마음을 전하는 전형적인 한국의 아버지입니다. 자녀들이 성인이 된 후에도 함께 살며 그들의 고민을 묵묵히 들어주고, 주말이면 가족 모두를 이끌고 강화도 바다로 나가는 든든한 버팀목 역할을 합니다.']",F. 김원규 씨는 인천 부평구에 거주합니다.,제공된 페르소나 정보 기준 김원규 씨의 거주지: 인천 부평구.,1.0,0.6178469004257944,0.5833333333041666,0.5,3,P001-Q04-F-반대,F-반대,F
김원규 씨의 최근 가입한 동호회의 이름은 무엇인가요?,"['김원규 씨는 1991년에 결혼했습니다.', '김원규 씨가 즐겨먹는 음식은 보리밥, 취미는 산책, 좋아하는 문화는 트로트입니다.', '김원규 씨는 부평에서 성실하게 근무하는 경비원이자, 가족을 위해 헌신하며 건강과 일상의 소소한 행복 사이에서 균형을 잡으려 노력하는 60대 가장입니다.', '김원규 씨는 65세 남자이며, 인천 인천-부평구에 거주합니다. 최종 학력은 고등학교이고, 직업은 건물 경비원입니다.', '김원규 씨는 무뚝뚝한 표현 방식 때문에 서툴 때가 많지만, 퇴근길에 아내가 좋아하는 과일을 사 들고 오는 것으로 마음을 전하는 전형적인 한국의 아버지입니다. 자녀들이 성인이 된 후에도 함께 살며 그들의 고민을 묵묵히 들어주고, 주말이면 가족 모두를 이끌고 강화도 바다로 나가는 든든한 버팀목 역할을 합니다.']",정보 없음,제공된 페르소나 정보에는 김원규 씨에 대해 질문한 사실이 없습니다.,1.0,0.0,0.0,0.0,3,P001-Q05-F-비존재,F-비존재,정보 없음
김원규 씨는 2001년에 결혼했다. (참/거짓),"['김원규 씨는 1991년에 결혼했습니다.', '김원규 씨의 자녀는 2명: 김혜진(32세 여자), 김재영(30세 남자).', '김원규 씨는 65세 남자이며, 인천 인천-부평구에 거주합니다. 최종 학력은 고등학교이고, 직업은 건물 경비원입니다.', '김원규 씨는 무뚝뚝한 표현 방식 때문에 서툴 때가 많지만, 퇴근길에 아내가 좋아하는 과일을 사 들고 오는 것으로 마음을 전하는 전형적인 한국의 아버지입니다. 자녀들이 성인이 된 후에도 함께 살며 그들의 고민을 묵묵히 들어주고, 주말이면 가족 모두를 이끌고 강화도 바다로 나가는 든든한 버팀목 역할을 합니다.', '김원규 씨는 부평에서 성실하게 근무하는 경비원이자, 가족을 위해 헌신하며 건강과 일상의 소소한 행복 사이에서 균형을 잡으려 노력하는 60대 가장입니다.']",F. 김원규 씨는 1991년에 결혼했습니다.,제공된 페르소나 정보 기준 김원규 씨의 결혼 정보: 1991년에 결혼.,1.0,0.61060010564408,0.9999999999,0.5,3,P001-Q06-F-시점오류,F-시점오류,F
김원규 씨의 직업은 산업 경비원이다. (참/거짓),"['김원규 씨는 65세 남자이며, 인천 인천-부평구에 거주합니다. 최종 학력은 고등학교이고, 직업은 건물 경비원입니다.', '김원규 씨는 부평에서 성실하게 근무하는 경비원이자, 가족을 위해 헌신하며 건강과 일상의 소소한 행복 사이에서 균형을 잡으려 노력하는 60대 가장입니다.', '김원규 씨는 1991년에 결혼했습니다.', '김원규 씨가 즐겨먹는 음식은 보리밥, 취미는 산책, 좋아하는 문화는 트로트입니다.', '김원규 씨는 무뚝뚝한 표현 방식 때문에 서툴 때가 많지만, 퇴근길에 아내가 좋아하는 과일을 사 들고 오는 것으로 마음을 전하는 전형적인 한국의 아버지입니다. 자녀들이 성인이 된 후에도 함께 살며 그들의 고민을 묵묵히 들어주고, 주말이면 가족 모두를 이끌고 강화도 바다로 나가는 든든한 버팀목 역할을 합니다.']",F. 김원규 씨의 직업은 건물 경비원입니다.,제공된 페르소나 정보 기준 김원규 씨의 직업: 건물 경비원.,1.0,0.6689125255505841,0.9999999999,0.0,3,P001-Q07-ADV-부분일치,ADV-부분일치,F
김원규 씨는 1990년에 결혼했다. (참/거짓),"['김원규 씨는 1991년에 결혼했습니다.', '김원규 씨의 자녀는 2명: 김혜진(32세 여자), 김재영(30세 남자).', '김원규 씨는 무뚝뚝한 표현 방식 때문에 서툴 때가 많지만, 퇴근길에 아내가 좋아하는 과일을 사 들고 오는 것으로 마음을 전하는 전형적인 한국의 아버지입니다. 자녀들이 성인이 된 후에도 함께 살며 그들의 고민을 묵묵히 들어주고, 주말이면 가족 모두를 이끌고 강화도 바다로 나가는 든든한 버팀목 역할을 합니다.', '김원규 씨는 65세 남자이며, 인천 인천-부평구에 거주합니다. 최종 학력은 고등학교이고, 직업은 건물 경비원입니다.', '김원규 씨는 부평에서 성실하게 근무하는 경비원이자, 가족을 위해 헌신하며 건강과 일상의 소소한 행복 사이에서 균형을 잡으려 노력하는 60대 가장입니다.']",F. 김원규 씨는 1991년에 결혼했습니다.,제공된 페르소나 정보 기준 김원규 씨의 결혼 정보: 1991년에 결혼.,1.0,0.6028767855542213,0.9999999999,0.0,3,P001-Q08-ADV-시점근접,ADV-시점근접,F
김원규 씨의 자녀 이름은 김민지이다. (참/거짓),"['김원규 씨의 자녀는 2명: 김혜진(32세 여자), 김재영(30세 남자).', '김원규 씨는 1991년에 결혼했습니다.', '김원규 씨는 무뚝뚝한 표현 방식 때문에 서툴 때가 많지만, 퇴근길에 아내가 좋아하는 과일을 사 들고 오는 것으로 마음을 전하는 전형적인 한국의 아버지입니다. 자녀들이 성인이 된 후에도 함께 살며 그들의 고민을 묵묵히 들어주고, 주말이면 가족 모두를 이끌고 강화도 바다로 나가는 든든한 버팀목 역할을 합니다.', '김원규 씨의 주요 질환은 고혈압, 당뇨이고, 복용 약물은 암로디핀, 로사르탄, 메트포르민, 글리메피리드입니다.', '김원규 씨는 65세 남자이며, 인천 인천-부평구에 거주합니다. 최종 학력은 고등학교이고, 직업은 건물 경비원입니다.']",F. 김원규 씨의 자녀는 김혜진과 김재영입니다.,"제공된 페르소나 정보 기준 김원규 씨의 자녀 정보: 자녀 2명(김혜진, 김재영).",1.0,0.7174029896992229,0.0,0.5,3,P001-Q09-ADV-유사인물,ADV-유사인물,F
이재환 씨의 거주지는 어디인가요?,"['이재환 씨는 순천에 거주하며 인문학적 소양과 꼼꼼한 계획성을 바탕으로 문화관광해설사를 꿈꾸는, 정적인 삶과 지적 탐구를 지향하는 60대 남성입니다.', '이재환 씨는 자녀가 없습니다.', '이재환 씨는 61세 남자이며, 전라남 전라남-순천시에 거주합니다. 최종 학력은 4년제 대학교, 전공은 예술·인문이고, 직업은 무직입니다.', '이재환 씨는 1988년에 결혼했습니다.', '이재환 씨의 주요 질환은 관절염이고, 복용 약물은 아세트아미노펜, 셀레콕시브입니다.']",전라남도 순천시에 거주합니다.,이재환 씨의 거주지: 전라남 순천시.,1.0,0.5709136368913098,0.8333333332916666,1.0,3,P002-Q01-T-거주지,T-거주지,전라남 순천시
이재환 씨의 직업은 무엇인가요?,"['이재환 씨는 순천에 거주하며 인문학적 소양과 꼼꼼한 계획성을 바탕으로 문화관광해설사를 꿈꾸는, 정적인 삶과 지적 탐구를 지향하는 60대 남성입니다.', '이재환 씨는 61세 남자이며, 전라남 전라남-순천시에 거주합니다. 최종 학력은 4년제 대학교, 전공은 예술·인문이고, 직업은 무직입니다.', '이재환 씨는 1988년에 결혼했습니다.', '이재환 씨는 자녀가 없습니다.', '이재환 씨가 즐겨먹는 음식은 설렁탕, 취미는 화투, 좋아하는 문화는 임영웅 노래입니다.']",이재환 씨의 직업은 무직입니다.,이재환 씨의 직업: 무직.,1.0,0.826019600006707,0.49999999995,1.0,3,P002-Q02-T-직업,T-직업,무직
이재환 씨의 최종 학력은 무엇인가요?,"['이재환 씨는 61세 남자이며, 전라남 전라남-순천시에 거주합니다. 최종 학력은 4년제 대학교, 전공은 예술·인문이고, 직업은 무직입니다.', '이재환 씨는 1988년에 결혼했습니다.', '이재환 씨는 자녀가 없습니다.', '이재환 씨는 순천에 거주하며 인문학적 소양과 꼼꼼한 계획성을 바탕으로 문화관광해설사를 꿈꾸는, 정적인 삶과 지적 탐구를 지향하는 60대 남성입니다.', '이재환 씨의 주요 질환은 관절염이고, 복용 약물은 아세트아미노펜, 셀레콕시브입니다.']",이재환 씨의 최종 학력은 4년제 대학교입니다.,이재환 씨의 최종 학력: 4년제 대학교(예술·인문).,1.0,0.921371540482658,0.9999999999,1.0,3,P002-Q03-T-학력,T-학력,4년제 대학교
이재환 씨는 부산에 살고 있다. (참/거짓),"['이재환 씨는 61세 남자이며, 전라남 전라남-순천시에 거주합니다. 최종 학력은 4년제 대학교, 전공은 예술·인문이고, 직업은 무직입니다.', '이재환 씨는 순천에 거주하며 인문학적 소양과 꼼꼼한 계획성을 바탕으로 문화관광해설사를 꿈꾸는, 정적인 삶과 지적 탐구를 지향하는 60대 남성입니다.', '이재환 씨는 자녀가 없습니다.', '이재환 씨는 1988년에 결혼했습니다.', '이재환 씨는 2주에 한 번 시내의 오래된 중식당을 찾아 아내와 함께 탕수육과 짬뽕을 나누어 먹는 소소한 외식 시간을 손꼽아 기다립니다. 고기 중심의 식단보다는 정갈한 나물 위주의 한식을 즐기며, 배달 앱을 사용하는 법은 알지만 굳이 쓰지 않고 직접 식당을 방문하는 정성을 들입니다.']",F. 전라남-순천시에 거주합니다.,제공된 페르소나 정보 기준 이재환 씨의 거주지: 전라남 순천시.,1.0,0.4797865815429765,0.99999999995,0.5,3,P002-Q04-F-반대,F-반대,F
이재환 씨의 현재 운영 중인 사업자명은 무엇인가요?,"['이재환 씨는 자녀가 없습니다.', '이재환 씨는 1988년에 결혼했습니다.', '이재환 씨는 순천에 거주하며 인문학적 소양과 꼼꼼한 계획성을 바탕으로 문화관광해설사를 꿈꾸는, 정적인 삶과 지적 탐구를 지향하는 60대 남성입니다.', '이재환 씨는 61세 남자이며, 전라남 전라남-순천시에 거주합니다. 최종 학력은 4년제 대학교, 전공은 예술·인문이고, 직업은 무직입니다.', '이재환 씨의 주요 질환은 관절염이고, 복용 약물은 아세트아미노펜, 셀레콕시브입니다.']",정보 없음,제공된 페르소나 정보에는 이재환 씨에 대해 질문한 사실이 없습니다.,1.0,0.0,0.0,0.0,3,P002-Q05-F-비존재,F-비존재,정보 없음
이재환 씨는 1998년에 결혼했다. (참/거짓),"['이재환 씨는 1988년에 결혼했습니다.', '이재환 씨는 자녀가 없습니다.', '이재환 씨는 61세 남자이며, 전라남 전라남-순천시에 거주합니다. 최종 학력은 4년제 대학교, 전공은 예술·인문이고, 직업은 무직입니다.', '이재환 씨는 순천에 거주하며 인문학적 소양과 꼼꼼한 계획성을 바탕으로 문화관광해설사를 꿈꾸는, 정적인 삶과 지적 탐구를 지향하는 60대 남성입니다.', '이재환 씨는 아내와 함께 SUV를 타고 드라이브를 떠나는 시간을 통해 부부 사이의 돈독한 정을 확인하며 평온한 노후를 보냅니다. 상대의 감정을 세밀하게 살피는 성격 덕분에 아내와 큰 갈등 없이 조화로운 관계를 유지하며, 서로의 취향을 존중하는 차분한 대화를 나눕니다.']",F. 이재환 씨는 1988년에 결혼했습니다.,제공된 페르소나 정보 기준 이재환 씨의 결혼 정보: 1988년에 결혼.,1.0,0.5720988895579049,0.9999999999,0.5,3,P002-Q06-F-시점오류,F-시점오류,F
이재환 씨는 전라남 순천구에 산다. (참/거짓),"['이재환 씨는 61세 남자이며, 전라남 전라남-순천시에 거주합니다. 최종 학력은 4년제 대학교, 전공은 예술·인문이고, 직업은 무직입니다.', '이재환 씨는 순천에 거주하며 인문학적 소양과 꼼꼼한 계획성을 바탕으로 문화관광해설사를 꿈꾸는, 정적인 삶과 지적 탐구를 지향하는 60대 남성입니다.', '이재환 씨는 자녀가 없습니다.', '이재환 씨는 1988년에 결혼했습니다.', '이재환 씨의 주요 질환은 관절염이고, 복용 약물은 아세트아미노펜, 셀레콕시브입니다.']",F. 전라남 순천시에 거주합니다.,제공된 페르소나 정보 기준 이재환 씨의 거주지: 전라남 순천시.,1.0,0.4311853633522151,0.99999999995,0.5,3,P002-Q07-ADV-부분일치,ADV-부분일치,F
이재환 씨는 1989년에 결혼했다. (참/거짓),"['이재환 씨는 1988년에 결혼했습니다.', '이재환 씨는 자녀가 없습니다.', '이재환 씨는 61세 남자이며, 전라남 전라남-순천시에 거주합니다. 최종 학력은 4년제 대학교, 전공은 예술·인문이고, 직업은 무직입니다.', '이재환 씨는 순천에 거주하며 인문학적 소양과 꼼꼼한 계획성을 바탕으로 문화관광해설사를 꿈꾸는, 정적인 삶과 지적 탐구를 지향하는 60대 남성입니다.', '이재환 씨는 아내와 함께 SUV를 타고 드라이브를 떠나는 시간을 통해 부부 사이의 돈독한 정을 확인하며 평온한 노후를 보냅니다. 상대의 감정을 세밀하게 살피는 성격 덕분에 아내와 큰 갈등 없이 조화로운 관계를 유지하며, 서로의 취향을 존중하는 차분한 대화를 나눕니다.']",F. 이재환 씨는 1988년에 결혼했습니다.,제공된 페르소나 정보 기준 이재환 씨의 결혼 정보: 1988년에 결혼.,1.0,0.5773368388708556,0.9999999999,0.0,3,P002-Q08-ADV-시점근접,ADV-시점근접,F
이 사람의 이름은 이성호이다. (참/거짓),"['이재환 씨는 순천에 거주하며 인문학적 소양과 꼼꼼한 계획성을 바탕으로 문화관광해설사를 꿈꾸는, 정적인 삶과 지적 탐구를 지향하는 60대 남성입니다.', '이재환 씨는 61세 남자이며, 전라남 전라남-순천시에 거주합니다. 최종 학력은 4년제 대학교, 전공은 예술·인문이고, 직업은 무직입니다.', '이재환 씨의 주요 질환은 관절염이고, 복용 약물은 아세트아미노펜, 셀레콕시브입니다.', '이재환 씨는 자녀가 없습니다.', '이재환 씨가 즐겨먹는 음식은 설렁탕, 취미는 화투, 좋아하는 문화는 임영웅 노래입니다.']",F. 이 사람의 이름은 이재환입니다.,제공된 페르소나 정보 기준 이재환 씨의 이름: 이재환.,1.0,0.6508054037680034,0.0,0.0,3,P002-Q09-ADV-유사인물,ADV-유사인물,F
유영실 씨의 거주지는 어디인가요?,"['유영실 씨는 1988년에 결혼했습니다.', '유영실 씨는 68세 남자이며, 서울 서울-강서구에 거주합니다. 최종 학력은 고등학교이고, 직업은 전화 상담원입니다.', '유영실 씨는 섬세한 공감 능력으로 사람을 대하는 노련한 상담원이자, 예술적 감수성과 절제된 생활 습관을 지닌 강서구의 다정한 가장입니다.', '유영실 씨의 자녀는 1명: 유준호(34세 남자).', '유영실 씨가 즐겨먹는 음식은 보리밥, 취미는 라디오 듣기, 좋아하는 문화는 전국노래자랑입니다.']",서울 강서구에 거주합니다.,유영실 씨의 거주지: 서울 강서구.,1.0,0.5423702128972246,0.5833333333041666,1.0,3,P003-Q01-T-거주지,T-거주지,서울 강서구
유영실 씨의 직업은 무엇인가요?,"['유영실 씨는 1988년에 결혼했습니다.', '유영실 씨는 68세 남자이며, 서울 서울-강서구에 거주합니다. 최종 학력은 고등학교이고, 직업은 전화 상담원입니다.', '유영실 씨는 섬세한 공감 능력으로 사람을 대하는 노련한 상담원이자, 예술적 감수성과 절제된 생활 습관을 지닌 강서구의 다정한 가장입니다.', '유영실 씨는 집안의 중심을 잡는 든든한 아버지이자 남편으로, 자녀들의 고민 섞인 말 한마디에도 귀를 기울이며 따뜻한 조언을 건네는 다정한 성격입니다. 가끔은 세대 차이로 인해 대화가 끊길 때면 씁쓸함을 느끼지만, 묵묵히 과일을 깎아 내어놓으며 가족 간의 화목을 유지하려 노력합니다.', '유영실 씨가 즐겨먹는 음식은 보리밥, 취미는 라디오 듣기, 좋아하는 문화는 전국노래자랑입니다.']",유영실 씨의 직업은 전화 상담원입니다.,유영실 씨의 직업: 전화 상담원.,1.0,0.971834530445602,0.5833333333041666,1.0,3,P003-Q02-T-직업,T-직업,전화 상담원
유영실 씨의 최종 학력은 무엇인가요?,"['유영실 씨는 68세 남자이며, 서울 서울-강서구에 거주합니다. 최종 학력은 고등학교이고, 직업은 전화 상담원입니다.', '유영실 씨는 1988년에 결혼했습니다.', '유영실 씨는 섬세한 공감 능력으로 사람을 대하는 노련한 상담원이자, 예술적 감수성과 절제된 생활 습관을 지닌 강서구의 다정한 가장입니다.', '유영실 씨가 즐겨먹는 음식은 보리밥, 취미는 라디오 듣기, 좋아하는 문화는 전국노래자랑입니다.', '유영실 씨의 자녀는 1명: 유준호(34세 남자).']",유영실 씨의 최종 학력은 고등학교입니다.,유영실 씨의 최종 학력: 고등학교.,1.0,0.9205532495158072,0.9999999999,1.0,3,P003-Q03-T-학력,T-학력,고등학교
유영실 씨는 강원에 살고 있다. (참/거짓),"['유영실 씨는 1988년에 결혼했습니다.', '유영실 씨는 68세 남자이며, 서울 서울-강서구에 거주합니다. 최종 학력은 고등학교이고, 직업은 전화 상담원입니다.', '유영실 씨는 섬세한 공감 능력으로 사람을 대하는 노련한 상담원이자, 예술적 감수성과 절제된 생활 습관을 지닌 강서구의 다정한 가장입니다.', '유영실 씨의 자녀는 1명: 유준호(34세 남자).', '유영실 씨가 즐겨먹는 음식은 보리밥, 취미는 라디오 듣기, 좋아하는 문화는 전국노래자랑입니다.']",F. 유영실 씨는 서울 강서구에 거주합니다.,제공된 페르소나 정보 기준 유영실 씨의 거주지: 서울 강서구.,1.0,0.7821978699437638,0.49999999995,0.5,3,P003-Q04-F-반대,F-반대,F
유영실 씨의 현재 운영 중인 사업자명은 무엇인가요?,"['유영실 씨는 1988년에 결혼했습니다.', '유영실 씨는 68세 남자이며, 서울 서울-강서구에 거주합니다. 최종 학력은 고등학교이고, 직업은 전화 상담원입니다.', '유영실 씨의 자녀는 1명: 유준호(34세 남자).', '유영실 씨는 섬세한 공감 능력으로 사람을 대하는 노련한 상담원이자, 예술적 감수성과 절제된 생활 습관을 지닌 강서구의 다정한 가장입니다.', '유영실 씨가 즐겨먹는 음식은 보리밥, 취미는 라디오 듣기, 좋아하는 문화는 전국노래자랑입니다.']",정보 없음,제공된 페르소나 정보에는 유영실 씨에 대해 질문한 사실이 없습니다.,1.0,0.0,0.0,0.0,3,P003-Q05-F-비존재,F-비존재,정보 없음
유영실 씨는 1973년에 결혼했다. (참/거짓),"['유영실 씨는 1988년에 결혼했습니다.', '유영실 씨의 자녀는 1명: 유준호(34세 남자).', '유영실 씨는 68세 남자이며, 서울 서울-강서구에 거주합니다. 최종 학력은 고등학교이고, 직업은 전화 상담원입니다.', '유영실 씨는 집안의 중심을 잡는 든든한 아버지이자 남편으로, 자녀들의 고민 섞인 말 한마디에도 귀를 기울이며 따뜻한 조언을 건네는 다정한 성격입니다. 가끔은 세대 차이로 인해 대화가 끊길 때면 씁쓸함을 느끼지만, 묵묵히 과일을 깎아 내어놓으며 가족 간의 화목을 유지하려 노력합니다.', '유영실 씨는 섬세한 공감 능력으로 사람을 대하는 노련한 상담원이자, 예술적 감수성과 절제된 생활 습관을 지닌 강서구의 다정한 가장입니다.']",F. 유영실 씨는 1988년에 결혼했습니다.,제공된 페르소나 정보 기준 유영실 씨의 결혼 정보: 1988년에 결혼.,1.0,0.8506452399284478,0.9999999999,0.5,3,P003-Q06-F-시점오류,F-시점오류,F
유영실 씨의 직업은 전화 영업원이다. (참/거짓),"['유영실 씨는 68세 남자이며, 서울 서울-강서구에 거주합니다. 최종 학력은 고등학교이고, 직업은 전화 상담원입니다.', '유영실 씨는 1988년에 결혼했습니다.', '유영실 씨는 섬세한 공감 능력으로 사람을 대하는 노련한 상담원이자, 예술적 감수성과 절제된 생활 습관을 지닌 강서구의 다정한 가장입니다.', '유영실 씨는 집안의 중심을 잡는 든든한 아버지이자 남편으로, 자녀들의 고민 섞인 말 한마디에도 귀를 기울이며 따뜻한 조언을 건네는 다정한 성격입니다. 가끔은 세대 차이로 인해 대화가 끊길 때면 씁쓸함을 느끼지만, 묵묵히 과일을 깎아 내어놓으며 가족 간의 화목을 유지하려 노력합니다.', '유영실 씨의 자녀는 1명: 유준호(34세 남자).']",F. 유영실 씨의 직업은 전화 상담원입니다.,제공된 페르소나 정보 기준 유영실 씨의 직업: 전화 상담원.,1.0,0.7584952777635391,0.9999999999,1.0,3,P003-Q07-ADV-부분일치,ADV-부분일치,F
유영실 씨는 1989년에 결혼했다. (참/거짓),"['유영실 씨는 1988년에 결혼했습니다.', '유영실 씨의 자녀는 1명: 유준호(34세 남자).', '유영실 씨는 68세 남자이며, 서울 서울-강서구에 거주합니다. 최종 학력은 고등학교이고, 직업은 전화 상담원입니다.', '유영실 씨는 섬세한 공감 능력으로 사람을 대하는 노련한 상담원이자, 예술적 감수성과 절제된 생활 습관을 지닌 강서구의 다정한 가장입니다.', '유영실 씨는 집안의 중심을 잡는 든든한 아버지이자 남편으로, 자녀들의 고민 섞인 말 한마디에도 귀를 기울이며 따뜻한 조언을 건네는 다정한 성격입니다. 가끔은 세대 차이로 인해 대화가 끊길 때면 씁쓸함을 느끼지만, 묵묵히 과일을 깎아 내어놓으며 가족 간의 화목을 유지하려 노력합니다.']",F. 유영실 씨는 1988년에 결혼했습니다.,제공된 페르소나 정보 기준 유영실 씨의 결혼 정보: 1988년에 결혼.,1.0,0.8453967764818778,0.9999999999,0.0,3,P003-Q08-ADV-시점근접,ADV-시점근접,F
유영실 씨의 자녀 이름은 유재영이다. (참/거짓),"['유영실 씨의 자녀는 1명: 유준호(34세 남자).', '유영실 씨는 1988년에 결혼했습니다.', '유영실 씨는 68세 남자이며, 서울 서울-강서구에 거주합니다. 최종 학력은 고등학교이고, 직업은 전화 상담원입니다.', '유영실 씨는 집안의 중심을 잡는 든든한 아버지이자 남편으로, 자녀들의 고민 섞인 말 한마디에도 귀를 기울이며 따뜻한 조언을 건네는 다정한 성격입니다. 가끔은 세대 차이로 인해 대화가 끊길 때면 씁쓸함을 느끼지만, 묵묵히 과일을 깎아 내어놓으며 가족 간의 화목을 유지하려 노력합니다.', '유영실 씨는 섬세한 공감 능력으로 사람을 대하는 노련한 상담원이자, 예술적 감수성과 절제된 생활 습관을 지닌 강서구의 다정한 가장입니다.']",F. 유영실 씨의 자녀는 유준호입니다.,제공된 페르소나 정보 기준 유영실 씨의 자녀 정보: 자녀 1명(유준호).,1.0,0.7575523562211662,0.9999999999,0.0,3,P003-Q09-ADV-유사인물,ADV-유사인물,F
기경수 씨의 거주지는 어디인가요?,"['기경수 씨는 1997년에 결혼했습니다.', '기경수 씨는 62세 남자이며, 전북 전북-전주시 완산구에 거주합니다. 최종 학력은 4년제 대학교, 전공은 서비스이고, 직업은 무직입니다.', '기경수 씨는 배우자와 함께 전주 아파트에서 거주하며 예의와 격식을 중시하는 가풍을 유지하려 노력합니다. 기경수 씨는 가족들에게 정중한 말투를 사용하지만, 집안의 물건 배치나 청소 상태가 자신의 기준에서 벗어나면 날카로운 지적을 쏟아내어 집안 분위기를 순식간에 얼어붙게 만듭니다.', '기경수 씨가 즐겨먹는 음식은 떡볶이, 취미는 산책, 좋아하는 문화는 임영웅 노래입니다.', '기경수 씨는 2주에 한 번 정도 단골 식당을 찾아 뜨끈한 콩나물국밥 한 그릇으로 식사를 해결하며 소박한 만족감을 느낍니다. 기경수 씨는 한 달에 한 번 배달 음식을 시켜 먹을 때면 주로 간단한 김밥이나 떡볶이 같은 분식류를 선택해 천천히 맛을 음미합니다.']",전북 전주시 완산구에 거주합니다.,기경수 씨의 거주지: 전북 전주시 완산구.,1.0,0.5247384616428253,0.5833333333041666,1.0,3,P004-Q01-T-거주지,T-거주지,전북 전주시 완산구
기경수 씨의 직업은 무엇인가요?,"['기경수 씨는 1997년에 결혼했습니다.', '기경수 씨는 62세 남자이며, 전북 전북-전주시 완산구에 거주합니다. 최종 학력은 4년제 대학교, 전공은 서비스이고, 직업은 무직입니다.', '기경수 씨가 즐겨먹는 음식은 떡볶이, 취미는 산책, 좋아하는 문화는 임영웅 노래입니다.', '기경수 씨는 서비스업의 노련함과 당뇨라는 건강상의 제약을 동시에 가진 채, 전주의 고즈넉한 일상 속에서 질서 정연한 은퇴 생활을 영위하는 고집 센 신사입니다.', '기경수 씨는 2주에 한 번 정도 단골 식당을 찾아 뜨끈한 콩나물국밥 한 그릇으로 식사를 해결하며 소박한 만족감을 느낍니다. 기경수 씨는 한 달에 한 번 배달 음식을 시켜 먹을 때면 주로 간단한 김밥이나 떡볶이 같은 분식류를 선택해 천천히 맛을 음미합니다.']",기경수 씨의 직업은 무직입니다.,기경수 씨의 직업: 무직.,1.0,0.9685702161202618,0.49999999995,1.0,3,P004-Q02-T-직업,T-직업,무직
기경수 씨의 최종 학력은 무엇인가요?,"['기경수 씨는 1997년에 결혼했습니다.', '기경수 씨는 62세 남자이며, 전북 전북-전주시 완산구에 거주합니다. 최종 학력은 4년제 대학교, 전공은 서비스이고, 직업은 무직입니다.', '기경수 씨가 즐겨먹는 음식은 떡볶이, 취미는 산책, 좋아하는 문화는 임영웅 노래입니다.', '기경수 씨의 주요 질환은 관절염이고, 복용 약물은 아세트아미노펜, 셀레콕시브입니다.', '기경수 씨의 자녀는 2명: 기지훈(26세 남자), 기준호(23세 남자).']",기경수 씨의 최종 학력은 4년제 대학교입니다.,기경수 씨의 최종 학력: 4년제 대학교(서비스).,1.0,0.9059275219232276,0.49999999995,1.0,3,P004-Q03-T-학력,T-학력,4년제 대학교
기경수 씨는 인천에 살고 있다. (참/거짓),"['기경수 씨는 1997년에 결혼했습니다.', '기경수 씨는 62세 남자이며, 전북 전북-전주시 완산구에 거주합니다. 최종 학력은 4년제 대학교, 전공은 서비스이고, 직업은 무직입니다.', '기경수 씨는 배우자와 함께 전주 아파트에서 거주하며 예의와 격식을 중시하는 가풍을 유지하려 노력합니다. 기경수 씨는 가족들에게 정중한 말투를 사용하지만, 집안의 물건 배치나 청소 상태가 자신의 기준에서 벗어나면 날카로운 지적을 쏟아내어 집안 분위기를 순식간에 얼어붙게 만듭니다.', '기경수 씨가 즐겨먹는 음식은 떡볶이, 취미는 산책, 좋아하는 문화는 임영웅 노래입니다.', '기경수 씨는 2주에 한 번 정도 단골 식당을 찾아 뜨끈한 콩나물국밥 한 그릇으로 식사를 해결하며 소박한 만족감을 느낍니다. 기경수 씨는 한 달에 한 번 배달 음식을 시켜 먹을 때면 주로 간단한 김밥이나 떡볶이 같은 분식류를 선택해 천천히 맛을 음미합니다.']",F. 전북 전주시 완산구에 거주합니다.,제공된 페르소나 정보 기준 기경수 씨의 거주지: 전북 전주시 완산구.,1.0,0.4871184848681899,0.5833333333041666,0.0,3,P004-Q04-F-반대,F-반대,F
기경수 씨의 최근 가입한 동호회의 이름은 무엇인가요?,"['기경수 씨는 1997년에 결혼했습니다.', '기경수 씨는 62세 남자이며, 전북 전북-전주시 완산구에 거주합니다. 최종 학력은 4년제 대학교, 전공은 서비스이고, 직업은 무직입니다.', '기경수 씨가 즐겨먹는 음식은 떡볶이, 취미는 산책, 좋아하는 문화는 임영웅 노래입니다.', '기경수 씨는 2주에 한 번 정도 단골 식당을 찾아 뜨끈한 콩나물국밥 한 그릇으로 식사를 해결하며 소박한 만족감을 느낍니다. 기경수 씨는 한 달에 한 번 배달 음식을 시켜 먹을 때면 주로 간단한 김밥이나 떡볶이 같은 분식류를 선택해 천천히 맛을 음미합니다.', '기경수 씨는 배우자와 함께 전주 아파트에서 거주하며 예의와 격식을 중시하는 가풍을 유지하려 노력합니다. 기경수 씨는 가족들에게 정중한 말투를 사용하지만, 집안의 물건 배치나 청소 상태가 자신의 기준에서 벗어나면 날카로운 지적을 쏟아내어 집안 분위기를 순식간에 얼어붙게 만듭니다.']",정보 없음,제공된 페르소나 정보에는 기경수 씨에 대해 질문한 사실이 없습니다.,1.0,0.0,0.0,0.0,3,P004-Q05-F-비존재,F-비존재,정보 없음
기경수 씨는 1982년에 결혼했다. (참/거짓),"['기경수 씨는 1997년에 결혼했습니다.', '기경수 씨는 62세 남자이며, 전북 전북-전주시 완산구에 거주합니다. 최종 학력은 4년제 대학교, 전공은 서비스이고, 직업은 무직입니다.', '기경수 씨의 자녀는 2명: 기지훈(26세 남자), 기준호(23세 남자).', '기경수 씨는 배우자와 함께 전주 아파트에서 거주하며 예의와 격식을 중시하는 가풍을 유지하려 노력합니다. 기경수 씨는 가족들에게 정중한 말투를 사용하지만, 집안의 물건 배치나 청소 상태가 자신의 기준에서 벗어나면 날카로운 지적을 쏟아내어 집안 분위기를 순식간에 얼어붙게 만듭니다.', '기경수 씨가 즐겨먹는 음식은 떡볶이, 취미는 산책, 좋아하는 문화는 임영웅 노래입니다.']",F. 기경수 씨는 1997년에 결혼했습니다.,제공된 페르소나 정보 기준 기경수 씨의 결혼 정보: 1997년에 결혼.,1.0,0.583430871895604,0.9999999999,0.5,3,P004-Q06-F-시점오류,F-시점오류,F
기경수 씨는 전북 전주시 완산시에 산다. (참/거짓),"['기경수 씨는 62세 남자이며, 전북 전북-전주시 완산구에 거주합니다. 최종 학력은 4년제 대학교, 전공은 서비스이고, 직업은 무직입니다.', '기경수 씨는 배우자와 함께 전주 아파트에서 거주하며 예의와 격식을 중시하는 가풍을 유지하려 노력합니다. 기경수 씨는 가족들에게 정중한 말투를 사용하지만, 집안의 물건 배치나 청소 상태가 자신의 기준에서 벗어나면 날카로운 지적을 쏟아내어 집안 분위기를 순식간에 얼어붙게 만듭니다.', '기경수 씨는 1997년에 결혼했습니다.', '기경수 씨가 즐겨먹는 음식은 떡볶이, 취미는 산책, 좋아하는 문화는 임영웅 노래입니다.', '전주 완산구의 고즈넉한 분위기와 한옥마을 인근의 정취 속에서 생활하며, 예의와 격식을 중시하는 전북 지역 특유의 정서가 깊게 배어 있습니다. 대학에서 서비스 전공을 하며 익힌 정중함이 몸에 배어 있으나, 내면에는 자신만의 뚜렷한 기준과 고집이 공존하는 세대적 특성을 보입니다.']",T. 기경수 씨는 전북 전주시 완산구에 거주합니다.,제공된 페르소나 정보 기준 기경수 씨의 거주지: 전북 전주시 완산구.,1.0,0.4501671551831606,0.699999999965,1.0,3,P004-Q07-ADV-부분일치,ADV-부분일치,F
기경수 씨는 1996년에 결혼했다. (참/거짓),"['기경수 씨는 1997년에 결혼했습니다.', '기경수 씨의 자녀는 2명: 기지훈(26세 남자), 기준호(23세 남자).', '기경수 씨는 62세 남자이며, 전북 전북-전주시 완산구에 거주합니다. 최종 학력은 4년제 대학교, 전공은 서비스이고, 직업은 무직입니다.', '기경수 씨는 배우자와 함께 전주 아파트에서 거주하며 예의와 격식을 중시하는 가풍을 유지하려 노력합니다. 기경수 씨는 가족들에게 정중한 말투를 사용하지만, 집안의 물건 배치나 청소 상태가 자신의 기준에서 벗어나면 날카로운 지적을 쏟아내어 집안 분위기를 순식간에 얼어붙게 만듭니다.', '기경수 씨가 즐겨먹는 음식은 떡볶이, 취미는 산책, 좋아하는 문화는 임영웅 노래입니다.']",F. 기경수 씨는 1997년에 결혼했습니다.,제공된 페르소나 정보 기준 기경수 씨의 결혼 정보: 1997년에 결혼.,1.0,0.5926064681175705,0.9999999999,0.0,3,P004-Q08-ADV-시점근접,ADV-시점근접,F
기경수 씨의 자녀 이름은 기민수이다. (참/거짓),"['기경수 씨는 1997년에 결혼했습니다.', '기경수 씨의 자녀는 2명: 기지훈(26세 남자), 기준호(23세 남자).', '기경수 씨는 62세 남자이며, 전북 전북-전주시 완산구에 거주합니다. 최종 학력은 4년제 대학교, 전공은 서비스이고, 직업은 무직입니다.', '기경수 씨가 즐겨먹는 음식은 떡볶이, 취미는 산책, 좋아하는 문화는 임영웅 노래입니다.', '기경수 씨의 주요 질환은 관절염이고, 복용 약물은 아세트아미노펜, 셀레콕시브입니다.']",F. 자녀는 기지훈과 기준호입니다.,"제공된 페르소나 정보 기준 기경수 씨의 자녀 정보: 자녀 2명(기지훈, 기준호).",1.0,0.5394523375823798,0.0,1.0,3,P004-Q09-ADV-유사인물,ADV-유사인물,F
이강철 씨의 거주지는 어디인가요?,"['이강철 씨는 1989년에 결혼했습니다.', '이강철 씨는 67세 남자이며, 서울 서울-서초구에 거주합니다. 최종 학력은 고등학교이고, 직업은 전화 상담원입니다.', '이강철 씨는 서초구에서 성실하게 근무하는 전기·가스 상담원이자, 철저한 자기관리와 실속 있는 삶을 지향하는 60대 가장입니다.', '이강철 씨는 아내와 함께 서초구의 전세 아파트에서 서로의 일상을 공유하며, 함께 수목원을 여행하는 것으로 부부간의 정을 확인합니다. 이강철 씨는 겉으로는 무뚝뚝하고 단호한 성격이지만, 아내가 좋아하는 꽃이 핀 수목원 정보를 미리 알아보고 예약하는 세심한 면모를 보입니다.', '이강철 씨가 즐겨먹는 음식은 잡채, 취미는 바둑, 좋아하는 문화는 이미자 노래입니다.']",서울 서초구에 거주합니다.,이강철 씨의 거주지: 서울 서초구.,1.0,0.5668077006423776,0.6388888888675925,1.0,3,P005-Q01-T-거주지,T-거주지,서울 서초구
이강철 씨의 직업은 무엇인가요?,"['이강철 씨는 1989년에 결혼했습니다.', '이강철 씨는 67세 남자이며, 서울 서울-서초구에 거주합니다. 최종 학력은 고등학교이고, 직업은 전화 상담원입니다.', '이강철 씨는 서초구에서 성실하게 근무하는 전기·가스 상담원이자, 철저한 자기관리와 실속 있는 삶을 지향하는 60대 가장입니다.', '이강철 씨가 즐겨먹는 음식은 잡채, 취미는 바둑, 좋아하는 문화는 이미자 노래입니다.', '이강철 씨의 주요 질환은 협심증이고, 복용 약물은 니트로글리세린, 아스피린입니다.']",이강철 씨의 직업은 전화 상담원(전기·가스 상담원)입니다.,이강철 씨의 직업: 전화 상담원.,0.5,0.4425128266220685,0.5833333333041666,1.0,3,P005-Q02-T-직업,T-직업,전화 상담원
이강철 씨의 최종 학력은 무엇인가요?,"['이강철 씨는 67세 남자이며, 서울 서울-서초구에 거주합니다. 최종 학력은 고등학교이고, 직업은 전화 상담원입니다.', '이강철 씨는 1989년에 결혼했습니다.', '이강철 씨의 주요 질환은 협심증이고, 복용 약물은 니트로글리세린, 아스피린입니다.', '이강철 씨가 즐겨먹는 음식은 잡채, 취미는 바둑, 좋아하는 문화는 이미자 노래입니다.', '이강철 씨는 서초구에서 성실하게 근무하는 전기·가스 상담원이자, 철저한 자기관리와 실속 있는 삶을 지향하는 60대 가장입니다.']",이강철 씨의 최종 학력은 고등학교입니다.,이강철 씨의 최종 학력: 고등학교.,1.0,0.9116046100257272,0.9999999999,1.0,3,P005-Q03-T-학력,T-학력,고등학교
이강철 씨는 전북에 살고 있다. (참/거짓),"['이강철 씨는 1989년에 결혼했습니다.', '이강철 씨는 67세 남자이며, 서울 서울-서초구에 거주합니다. 최종 학력은 고등학교이고, 직업은 전화 상담원입니다.', '이강철 씨는 서초구에서 성실하게 근무하는 전기·가스 상담원이자, 철저한 자기관리와 실속 있는 삶을 지향하는 60대 가장입니다.', '이강철 씨가 즐겨먹는 음식은 잡채, 취미는 바둑, 좋아하는 문화는 이미자 노래입니다.', '이강철 씨는 아내와 함께 서초구의 전세 아파트에서 서로의 일상을 공유하며, 함께 수목원을 여행하는 것으로 부부간의 정을 확인합니다. 이강철 씨는 겉으로는 무뚝뚝하고 단호한 성격이지만, 아내가 좋아하는 꽃이 핀 수목원 정보를 미리 알아보고 예약하는 세심한 면모를 보입니다.']",F. 이강철 씨는 서울 서울-서초구에 거주합니다.,제공된 페르소나 정보 기준 이강철 씨의 거주지: 서울 서초구.,1.0,0.3964117734806778,0.5888888888692593,0.5,3,P005-Q04-F-반대,F-반대,F
이강철 씨의 정기 후원하는 단체의 이름은 무엇인가요?,"['이강철 씨는 1989년에 결혼했습니다.', '이강철 씨는 서초구에서 성실하게 근무하는 전기·가스 상담원이자, 철저한 자기관리와 실속 있는 삶을 지향하는 60대 가장입니다.', '이강철 씨의 주요 질환은 협심증이고, 복용 약물은 니트로글리세린, 아스피린입니다.', '이강철 씨는 67세 남자이며, 서울 서울-서초구에 거주합니다. 최종 학력은 고등학교이고, 직업은 전화 상담원입니다.', '이강철 씨가 즐겨먹는 음식은 잡채, 취미는 바둑, 좋아하는 문화는 이미자 노래입니다.']",정보 없음,제공된 페르소나 정보에는 이강철 씨에 대해 질문한 사실이 없습니다.,1.0,0.0,0.0,0.0,3,P005-Q05-F-비존재,F-비존재,정보 없음
이강철 씨는 1979년에 결혼했다. (참/거짓),"['이강철 씨는 1989년에 결혼했습니다.', '이강철 씨는 67세 남자이며, 서울 서울-서초구에 거주합니다. 최종 학력은 고등학교이고, 직업은 전화 상담원입니다.', '이강철 씨의 자녀는 1명: 이기훈(35세 남자).', '이강철 씨는 아내와 함께 서초구의 전세 아파트에서 서로의 일상을 공유하며, 함께 수목원을 여행하는 것으로 부부간의 정을 확인합니다. 이강철 씨는 겉으로는 무뚝뚝하고 단호한 성격이지만, 아내가 좋아하는 꽃이 핀 수목원 정보를 미리 알아보고 예약하는 세심한 면모를 보입니다.', '이강철 씨는 서초구에서 성실하게 근무하는 전기·가스 상담원이자, 철저한 자기관리와 실속 있는 삶을 지향하는 60대 가장입니다.']",F. 이강철 씨는 1989년에 결혼했습니다.,제공된 페르소나 정보 기준 이강철 씨의 결혼 정보: 1989년에 결혼.,1.0,0.4854769409288848,0.9999999999,0.0,3,P005-Q06-F-시점오류,F-시점오류,F
이강철 씨의 직업은 전화 영업원이다. (참/거짓),"['이강철 씨는 67세 남자이며, 서울 서울-서초구에 거주합니다. 최종 학력은 고등학교이고, 직업은 전화 상담원입니다.', '이강철 씨는 서초구에서 성실하게 근무하는 전기·가스 상담원이자, 철저한 자기관리와 실속 있는 삶을 지향하는 60대 가장입니다.', '이강철 씨는 1989년에 결혼했습니다.', '이강철 씨가 즐겨먹는 음식은 잡채, 취미는 바둑, 좋아하는 문화는 이미자 노래입니다.', '이강철 씨의 자녀는 1명: 이기훈(35세 남자).']",F. 이강철 씨의 직업은 전화 상담원입니다.,제공된 페르소나 정보 기준 이강철 씨의 직업: 전화 상담원.,1.0,0.7159085756858818,0.99999999995,1.0,3,P005-Q07-ADV-부분일치,ADV-부분일치,F
이강철 씨는 1988년에 결혼했다. (참/거짓),"['이강철 씨는 1989년에 결혼했습니다.', '이강철 씨의 자녀는 1명: 이기훈(35세 남자).', '이강철 씨는 67세 남자이며, 서울 서울-서초구에 거주합니다. 최종 학력은 고등학교이고, 직업은 전화 상담원입니다.', '이강철 씨는 아내와 함께 서초구의 전세 아파트에서 서로의 일상을 공유하며, 함께 수목원을 여행하는 것으로 부부간의 정을 확인합니다. 이강철 씨는 겉으로는 무뚝뚝하고 단호한 성격이지만, 아내가 좋아하는 꽃이 핀 수목원 정보를 미리 알아보고 예약하는 세심한 면모를 보입니다.', '이강철 씨는 서초구에서 성실하게 근무하는 전기·가스 상담원이자, 철저한 자기관리와 실속 있는 삶을 지향하는 60대 가장입니다.']",F. 이강철 씨는 1989년에 결혼했습니다.,제공된 페르소나 정보 기준 이강철 씨의 결혼 정보: 1989년에 결혼.,1.0,0.5106034397912129,0.9999999999,0.0,3,P005-Q08-ADV-시점근접,ADV-시점근접,F
이강철 씨의 자녀 이름은 이정우이다. (참/거짓),"['이강철 씨의 자녀는 1명: 이기훈(35세 남자).', '이강철 씨는 1989년에 결혼했습니다.', '이강철 씨는 67세 남자이며, 서울 서울-서초구에 거주합니다. 최종 학력은 고등학교이고, 직업은 전화 상담원입니다.', '이강철 씨는 서초구에서 성실하게 근무하는 전기·가스 상담원이자, 철저한 자기관리와 실속 있는 삶을 지향하는 60대 가장입니다.', '이강철 씨의 주요 질환은 협심증이고, 복용 약물은 니트로글리세린, 아스피린입니다.']",F. 이강철 씨의 자녀는 이기훈입니다.,제공된 페르소나 정보 기준 이강철 씨의 자녀 정보: 자녀 1명(이기훈).,1.0,0.7364388019271858,0.9999999999,0.0,3,P005-Q09-ADV-유사인물,ADV-유사인물,F
우동화 씨의 거주지는 어디인가요?,"['우동화 씨는 자녀가 없습니다.', '우동화 씨는 1991년에 결혼했습니다.', '우동화 씨는 65세 여자이며, 경기 경기-수원시 장안구에 거주합니다. 최종 학력은 중학교이고, 직업은 음식 서비스 종사원입니다.', '우동화 씨는 장안구의 오래된 단독주택에서 남편과 함께 서로의 투박한 일상을 공유하며, 가끔은 말다툼을 벌이기도 하지만 결국은 같이 텔레비전 앞에 앉아 과일을 깎아 먹는 평범한 부부의 삶을 삽니다.', '우동화 씨는 수원 장안구에서 학교 급식실 조리원으로 일하며, 소박한 일상의 안정과 친구들과의 수다를 통해 삶의 활력을 얻는 60대 여성입니다.']",경기 수원시 장안구에 거주합니다.,우동화 씨의 거주지: 경기 수원시 장안구.,1.0,0.4884459515941161,0.4777777777618519,1.0,3,P006-Q01-T-거주지,T-거주지,경기 수원시 장안구
우동화 씨의 직업은 무엇인가요?,"['우동화 씨는 1991년에 결혼했습니다.', '우동화 씨는 자녀가 없습니다.', '우동화 씨는 65세 여자이며, 경기 경기-수원시 장안구에 거주합니다. 최종 학력은 중학교이고, 직업은 음식 서비스 종사원입니다.', '우동화 씨는 수원 장안구에서 학교 급식실 조리원으로 일하며, 소박한 일상의 안정과 친구들과의 수다를 통해 삶의 활력을 얻는 60대 여성입니다.', '우동화 씨가 즐겨먹는 음식은 김밥, 취미는 맛집 탐방, 좋아하는 문화는 내셔널 지오그래픽입니다.']",우동화 씨의 직업은 음식 서비스 종사원(학교 급식실 조리원)입니다.,우동화 씨의 직업: 음식 서비스 종사원.,1.0,0.5525731019441388,0.4166666666458333,1.0,3,P006-Q02-T-직업,T-직업,음식 서비스 종사원
우동화 씨의 최종 학력은 무엇인가요?,"['우동화 씨는 1991년에 결혼했습니다.', '우동화 씨는 65세 여자이며, 경기 경기-수원시 장안구에 거주합니다. 최종 학력은 중학교이고, 직업은 음식 서비스 종사원입니다.', '우동화 씨는 자녀가 없습니다.', '우동화 씨는 수원 장안구에서 학교 급식실 조리원으로 일하며, 소박한 일상의 안정과 친구들과의 수다를 통해 삶의 활력을 얻는 60대 여성입니다.', '우동화 씨가 즐겨먹는 음식은 김밥, 취미는 맛집 탐방, 좋아하는 문화는 내셔널 지오그래픽입니다.']",우동화 씨의 최종 학력은 중학교입니다.,우동화 씨의 최종 학력: 중학교.,1.0,0.918298773222051,0.49999999995,1.0,3,P006-Q03-T-학력,T-학력,중학교
우동화 씨는 전라남에 살고 있다. (참/거짓),"['우동화 씨는 1991년에 결혼했습니다.', '우동화 씨는 자녀가 없습니다.', '우동화 씨는 일주일에 한 번, 단골 분식집에서 매콤한 떡볶이와 꼬마김밥을 주문해 친구들과 수다를 떨며, 집에서는 고기 없는 깔끔한 나물 반찬 위주의 소박한 식탁을 차립니다.', '우동화 씨는 장안구의 오래된 단독주택에서 남편과 함께 서로의 투박한 일상을 공유하며, 가끔은 말다툼을 벌이기도 하지만 결국은 같이 텔레비전 앞에 앉아 과일을 깎아 먹는 평범한 부부의 삶을 삽니다.', '우동화 씨는 65세 여자이며, 경기 경기-수원시 장안구에 거주합니다. 최종 학력은 중학교이고, 직업은 음식 서비스 종사원입니다.']",F. 우동화 씨는 경기 수원시 장안구에 거주합니다.,제공된 페르소나 정보 기준 우동화 씨의 거주지: 경기 수원시 장안구.,1.0,0.5810565145044223,0.32499999998375,0.5,3,P006-Q04-F-반대,F-반대,F
우동화 씨의 최근 가입한 동호회의 이름은 무엇인가요?,"['우동화 씨는 1991년에 결혼했습니다.', '우동화 씨는 자녀가 없습니다.', '우동화 씨가 즐겨먹는 음식은 김밥, 취미는 맛집 탐방, 좋아하는 문화는 내셔널 지오그래픽입니다.', '우동화 씨는 65세 여자이며, 경기 경기-수원시 장안구에 거주합니다. 최종 학력은 중학교이고, 직업은 음식 서비스 종사원입니다.', '우동화 씨는 일주일에 한 번, 단골 분식집에서 매콤한 떡볶이와 꼬마김밥을 주문해 친구들과 수다를 떨며, 집에서는 고기 없는 깔끔한 나물 반찬 위주의 소박한 식탁을 차립니다.']",정보 없음,제공된 페르소나 정보에는 우동화 씨에 대해 질문한 사실이 없습니다.,1.0,0.0,0.0,0.0,3,P006-Q05-F-비존재,F-비존재,정보 없음
우동화 씨는 1976년에 결혼했다. (참/거짓),"['우동화 씨는 1991년에 결혼했습니다.', '우동화 씨는 자녀가 없습니다.', '우동화 씨는 장안구의 오래된 단독주택에서 남편과 함께 서로의 투박한 일상을 공유하며, 가끔은 말다툼을 벌이기도 하지만 결국은 같이 텔레비전 앞에 앉아 과일을 깎아 먹는 평범한 부부의 삶을 삽니다.', '우동화 씨는 65세 여자이며, 경기 경기-수원시 장안구에 거주합니다. 최종 학력은 중학교이고, 직업은 음식 서비스 종사원입니다.', '우동화 씨는 수원 장안구에서 학교 급식실 조리원으로 일하며, 소박한 일상의 안정과 친구들과의 수다를 통해 삶의 활력을 얻는 60대 여성입니다.']",F. 우동화 씨는 1991년에 결혼했습니다.,제공된 페르소나 정보 기준 우동화 씨의 결혼 정보: 1991년에 결혼.,1.0,0.5534281775437451,0.9999999999,0.0,3,P006-Q06-F-시점오류,F-시점오류,F
우동화 씨의 직업은 주방 보조원이다. (참/거짓),"['우동화 씨는 65세 여자이며, 경기 경기-수원시 장안구에 거주합니다. 최종 학력은 중학교이고, 직업은 음식 서비스 종사원입니다.', '우동화 씨는 수원 장안구에서 학교 급식실 조리원으로 일하며, 소박한 일상의 안정과 친구들과의 수다를 통해 삶의 활력을 얻는 60대 여성입니다.', '우동화 씨는 자녀가 없습니다.', '우동화 씨는 일주일에 한 번, 단골 분식집에서 매콤한 떡볶이와 꼬마김밥을 주문해 친구들과 수다를 떨며, 집에서는 고기 없는 깔끔한 나물 반찬 위주의 소박한 식탁을 차립니다.', '우동화 씨가 즐겨먹는 음식은 김밥, 취미는 맛집 탐방, 좋아하는 문화는 내셔널 지오그래픽입니다.']","F. 우동화 씨의 직업은 음식 서비스 종사원이며, 학교 급식실 조리원으로 일하고 있습니다.",제공된 페르소나 정보 기준 우동화 씨의 직업: 음식 서비스 종사원.,1.0,0.6442671780670559,0.99999999995,0.0,3,P006-Q07-ADV-부분일치,ADV-부분일치,F
우동화 씨는 1992년에 결혼했다. (참/거짓),"['우동화 씨는 1991년에 결혼했습니다.', '우동화 씨는 자녀가 없습니다.', '우동화 씨는 장안구의 오래된 단독주택에서 남편과 함께 서로의 투박한 일상을 공유하며, 가끔은 말다툼을 벌이기도 하지만 결국은 같이 텔레비전 앞에 앉아 과일을 깎아 먹는 평범한 부부의 삶을 삽니다.', '우동화 씨는 65세 여자이며, 경기 경기-수원시 장안구에 거주합니다. 최종 학력은 중학교이고, 직업은 음식 서비스 종사원입니다.', '우동화 씨가 즐겨먹는 음식은 김밥, 취미는 맛집 탐방, 좋아하는 문화는 내셔널 지오그래픽입니다.']",F. 우동화 씨는 1991년에 결혼했습니다.,제공된 페르소나 정보 기준 우동화 씨의 결혼 정보: 1991년에 결혼.,1.0,0.553846758993911,0.9999999999,0.0,3,P006-Q08-ADV-시점근접,ADV-시점근접,F
이 사람의 이름은 우지영이다. (참/거짓),"['우동화 씨는 65세 여자이며, 경기 경기-수원시 장안구에 거주합니다. 최종 학력은 중학교이고, 직업은 음식 서비스 종사원입니다.', '우동화 씨는 수원 장안구에서 학교 급식실 조리원으로 일하며, 소박한 일상의 안정과 친구들과의 수다를 통해 삶의 활력을 얻는 60대 여성입니다.', '우동화 씨는 자녀가 없습니다.', '우동화 씨가 즐겨먹는 음식은 김밥, 취미는 맛집 탐방, 좋아하는 문화는 내셔널 지오그래픽입니다.', '우동화 씨는 장안구의 오래된 단독주택에서 남편과 함께 서로의 투박한 일상을 공유하며, 가끔은 말다툼을 벌이기도 하지만 결국은 같이 텔레비전 앞에 앉아 과일을 깎아 먹는 평범한 부부의 삶을 삽니다.']",F. 이 사람의 이름은 우동화입니다.,제공된 페르소나 정보 기준 우동화 씨의 이름: 우동화.,1.0,0.6341887709143478,0.0,0.0,3,P006-Q09-ADV-유사인물,ADV-유사인물,F
권양희 씨의 거주지는 어디인가요?,"['권양희 씨는 미혼입니다.', '권양희 씨는 자녀가 없습니다.', '권양희 씨는 대구 수성구의 자가 아파트에서 거주하며, 신문 읽기와 원예, 수성못 산책으로 평온한 노후를 보내는 실용적이고 차분한 성격의 60대 미혼 여성입니다.', '권양희 씨는 63세 여자이며, 대구 대구-수성구에 거주합니다. 최종 학력은 고등학교이고, 직업은 무직입니다.', '권양희 씨는 수성구 아파트에서 홀로 거주하며 독립적인 삶을 꾸리고 있지만, 주말마다 찾아오는 가족들을 위해 정성스럽게 음식을 준비하며 깊은 유대감을 나눕니다. 고등학교 시절부터 인연을 맺어온 오랜 친구들과 수시로 전화 통화를 하며 서로의 안부를 묻고 소소한 일상을 공유하는 것으로 적적함을 달랩니다.']",대구 수성구의 자가 아파트에서 거주하고 있습니다.,권양희 씨의 거주지: 대구 수성구.,1.0,0.5059666470560362,0.4777777777618519,1.0,3,P007-Q01-T-거주지,T-거주지,대구 수성구
권양희 씨의 직업은 무엇인가요?,"['권양희 씨는 미혼입니다.', '권양희 씨는 자녀가 없습니다.', '권양희 씨는 63세 여자이며, 대구 대구-수성구에 거주합니다. 최종 학력은 고등학교이고, 직업은 무직입니다.', '권양희 씨는 대구 수성구의 자가 아파트에서 거주하며, 신문 읽기와 원예, 수성못 산책으로 평온한 노후를 보내는 실용적이고 차분한 성격의 60대 미혼 여성입니다.', '권양희 씨가 즐겨먹는 음식은 떡볶이, 취미는 수영, 좋아하는 문화는 옛날 영화입니다.']",권양희 씨의 직업은 무직입니다.,권양희 씨의 직업: 무직.,1.0,0.9693570629721352,0.3333333333,1.0,3,P007-Q02-T-직업,T-직업,무직
권양희 씨의 최종 학력은 무엇인가요?,"['권양희 씨는 미혼입니다.', '권양희 씨는 63세 여자이며, 대구 대구-수성구에 거주합니다. 최종 학력은 고등학교이고, 직업은 무직입니다.', '권양희 씨는 자녀가 없습니다.', '권양희 씨는 대구 수성구의 자가 아파트에서 거주하며, 신문 읽기와 원예, 수성못 산책으로 평온한 노후를 보내는 실용적이고 차분한 성격의 60대 미혼 여성입니다.', '권양희 씨가 즐겨먹는 음식은 떡볶이, 취미는 수영, 좋아하는 문화는 옛날 영화입니다.']",권양희 씨의 최종 학력은 고등학교입니다.,권양희 씨의 최종 학력: 고등학교.,1.0,0.9123388194637078,0.49999999995,1.0,3,P007-Q03-T-학력,T-학력,고등학교
권양희 씨는 경상남에 살고 있다. (참/거짓),"['권양희 씨는 미혼입니다.', '권양희 씨는 63세 여자이며, 대구 대구-수성구에 거주합니다. 최종 학력은 고등학교이고, 직업은 무직입니다.', '권양희 씨는 대구 수성구의 자가 아파트에서 거주하며, 신문 읽기와 원예, 수성못 산책으로 평온한 노후를 보내는 실용적이고 차분한 성격의 60대 미혼 여성입니다.', '권양희 씨는 자녀가 없습니다.', '권양희 씨는 수성구 아파트에서 홀로 거주하며 독립적인 삶을 꾸리고 있지만, 주말마다 찾아오는 가족들을 위해 정성스럽게 음식을 준비하며 깊은 유대감을 나눕니다. 고등학교 시절부터 인연을 맺어온 오랜 친구들과 수시로 전화 통화를 하며 서로의 안부를 묻고 소소한 일상을 공유하는 것으로 적적함을 달랩니다.']",F. 권양희 씨는 대구 대구-수성구에 거주합니다.,제공된 페르소나 정보 기준 권양희 씨의 거주지: 대구 수성구.,1.0,0.4849278900645448,0.5888888888692593,0.5,3,P007-Q04-F-반대,F-반대,F
권양희 씨의 정기 후원하는 단체의 이름은 무엇인가요?,"['권양희 씨는 미혼입니다.', '권양희 씨는 자녀가 없습니다.', '권양희 씨는 63세 여자이며, 대구 대구-수성구에 거주합니다. 최종 학력은 고등학교이고, 직업은 무직입니다.', '권양희 씨가 즐겨먹는 음식은 떡볶이, 취미는 수영, 좋아하는 문화는 옛날 영화입니다.', '권양희 씨는 대구 수성구의 자가 아파트에서 거주하며, 신문 읽기와 원예, 수성못 산책으로 평온한 노후를 보내는 실용적이고 차분한 성격의 60대 미혼 여성입니다.']",정보 없음,제공된 페르소나 정보에는 권양희 씨에 대해 질문한 사실이 없습니다.,1.0,0.0,0.0,0.0,3,P007-Q05-F-비존재,F-비존재,정보 없음
권양희 씨는 1953년에 태어났다. (참/거짓),"['권양희 씨는 미혼입니다.', '권양희 씨는 63세 여자이며, 대구 대구-수성구에 거주합니다. 최종 학력은 고등학교이고, 직업은 무직입니다.', '권양희 씨는 자녀가 없습니다.', '권양희 씨는 대구 수성구의 자가 아파트에서 거주하며, 신문 읽기와 원예, 수성못 산책으로 평온한 노후를 보내는 실용적이고 차분한 성격의 60대 미혼 여성입니다.', '권양희 씨가 즐겨먹는 음식은 떡볶이, 취미는 수영, 좋아하는 문화는 옛날 영화입니다.']",F. 제공된 정보에는 권양희 씨의 구체적인 출생 연도가 명시되어 있지 않습니다.,제공된 페르소나 정보 기준 권양희 씨의 해당 사실: 정보 없음.,1.0,0.0,0.0,0.0,3,P007-Q06-F-시점오류,F-시점오류,F
권양희 씨는 대구 수성시에 산다. (참/거짓),"['권양희 씨는 대구 수성구의 자가 아파트에서 거주하며, 신문 읽기와 원예, 수성못 산책으로 평온한 노후를 보내는 실용적이고 차분한 성격의 60대 미혼 여성입니다.', '권양희 씨는 63세 여자이며, 대구 대구-수성구에 거주합니다. 최종 학력은 고등학교이고, 직업은 무직입니다.', '권양희 씨는 미혼입니다.', '권양희 씨는 수성구 아파트에서 홀로 거주하며 독립적인 삶을 꾸리고 있지만, 주말마다 찾아오는 가족들을 위해 정성스럽게 음식을 준비하며 깊은 유대감을 나눕니다. 고등학교 시절부터 인연을 맺어온 오랜 친구들과 수시로 전화 통화를 하며 서로의 안부를 묻고 소소한 일상을 공유하는 것으로 적적함을 달랩니다.', '권양희 씨는 자녀가 없습니다.']","F. 권양희 씨는 대구 수성구가 아닌 수성시에 거주한다는 정보는 없으며, 대구 수성구에 거주합니다.",제공된 페르소나 정보 기준 권양희 씨의 거주지: 대구 수성구.,1.0,0.0,0.9166666666361112,1.0,3,P007-Q07-ADV-부분일치,ADV-부분일치,F
권양희 씨는 1962년에 태어났다. (참/거짓),"['권양희 씨는 미혼입니다.', '권양희 씨는 자녀가 없습니다.', '권양희 씨는 63세 여자이며, 대구 대구-수성구에 거주합니다. 최종 학력은 고등학교이고, 직업은 무직입니다.', '권양희 씨는 대구 수성구의 자가 아파트에서 거주하며, 신문 읽기와 원예, 수성못 산책으로 평온한 노후를 보내는 실용적이고 차분한 성격의 60대 미혼 여성입니다.', '권양희 씨가 즐겨먹는 음식은 떡볶이, 취미는 수영, 좋아하는 문화는 옛날 영화입니다.']",F. 제공된 정보에는 권양희 씨의 출생 연도가 명시되어 있지 않습니다.,제공된 페르소나 정보 기준 권양희 씨의 해당 사실: 정보 없음.,0.5,0.0,0.0,0.0,3,P007-Q08-ADV-시점근접,ADV-시점근접,F
이 사람의 이름은 권선영이다. (참/거짓),"['권양희 씨는 미혼입니다.', '권양희 씨는 63세 여자이며, 대구 대구-수성구에 거주합니다. 최종 학력은 고등학교이고, 직업은 무직입니다.', '권양희 씨는 대구 수성구의 자가 아파트에서 거주하며, 신문 읽기와 원예, 수성못 산책으로 평온한 노후를 보내는 실용적이고 차분한 성격의 60대 미혼 여성입니다.', '권양희 씨는 자녀가 없습니다.', '권양희 씨는 수성구 아파트에서 홀로 거주하며 독립적인 삶을 꾸리고 있지만, 주말마다 찾아오는 가족들을 위해 정성스럽게 음식을 준비하며 깊은 유대감을 나눕니다. 고등학교 시절부터 인연을 맺어온 오랜 친구들과 수시로 전화 통화를 하며 서로의 안부를 묻고 소소한 일상을 공유하는 것으로 적적함을 달랩니다.']",F. 이 사람의 이름은 권양희입니다.,제공된 페르소나 정보 기준 권양희 씨의 이름: 권양희.,1.0,0.621917265541751,0.0,0.0,3,P007-Q09-ADV-유사인물,ADV-유사인물,F
이미숙 씨의 거주지는 어디인가요?,"['이미숙 씨는 1997년에 결혼했습니다.', '이미숙 씨는 노원구에서 성실하게 가정을 일궈온 60대 주부로, 건강 관리와 가족의 화목을 최우선으로 여기며 소박한 일상의 평화를 찾는 분입니다.', '이미숙 씨는 62세 여자이며, 서울 서울-노원구에 거주합니다. 최종 학력은 중학교이고, 직업은 무직입니다.', '이미숙 씨는 중계동 다세대 주택에서 남편과 자녀들을 위해 헌신해 왔으며, 정해진 규칙을 중요하게 여기면서도 자식들의 간곡한 부탁에는 결국 마음이 약해져 다 들어주고 마는 전형적인 한국의 어머니입니다. 가끔은 자녀들의 무심함에 서운함을 느끼지만, 함께 빵집에서 디저트를 나누어 먹는 짧은 순간에 모든 갈등을 잊고 만족해합니다.', '이미숙 씨가 즐겨먹는 음식은 잡채, 취미는 화투, 좋아하는 문화는 조용필 노래입니다.']",서울 노원구 중계동 다세대 주택에 거주합니다.,이미숙 씨의 거주지: 서울 노원구.,1.0,0.5541700347779304,0.5833333333041666,1.0,3,P008-Q01-T-거주지,T-거주지,서울 노원구
이미숙 씨의 직업은 무엇인가요?,"['이미숙 씨는 1997년에 결혼했습니다.', '이미숙 씨는 62세 여자이며, 서울 서울-노원구에 거주합니다. 최종 학력은 중학교이고, 직업은 무직입니다.', '이미숙 씨는 노원구에서 성실하게 가정을 일궈온 60대 주부로, 건강 관리와 가족의 화목을 최우선으로 여기며 소박한 일상의 평화를 찾는 분입니다.', '이미숙 씨는 중계동 다세대 주택에서 남편과 자녀들을 위해 헌신해 왔으며, 정해진 규칙을 중요하게 여기면서도 자식들의 간곡한 부탁에는 결국 마음이 약해져 다 들어주고 마는 전형적인 한국의 어머니입니다. 가끔은 자녀들의 무심함에 서운함을 느끼지만, 함께 빵집에서 디저트를 나누어 먹는 짧은 순간에 모든 갈등을 잊고 만족해합니다.', '이미숙 씨가 즐겨먹는 음식은 잡채, 취미는 화투, 좋아하는 문화는 조용필 노래입니다.']",이미숙 씨의 직업은 무직입니다.,이미숙 씨의 직업: 무직.,1.0,0.6971193159523069,0.49999999995,1.0,3,P008-Q02-T-직업,T-직업,무직
이미숙 씨의 최종 학력은 무엇인가요?,"['이미숙 씨는 62세 여자이며, 서울 서울-노원구에 거주합니다. 최종 학력은 중학교이고, 직업은 무직입니다.', '이미숙 씨는 1997년에 결혼했습니다.', '이미숙 씨는 노원구에서 성실하게 가정을 일궈온 60대 주부로, 건강 관리와 가족의 화목을 최우선으로 여기며 소박한 일상의 평화를 찾는 분입니다.', '이미숙 씨가 즐겨먹는 음식은 잡채, 취미는 화투, 좋아하는 문화는 조용필 노래입니다.', '이미숙 씨의 주요 질환은 협심증, 고혈압이고, 복용 약물은 니트로글리세린, 아스피린, 암로디핀, 로사르탄입니다.']",이미숙 씨의 최종 학력은 중학교입니다.,이미숙 씨의 최종 학력: 중학교.,1.0,0.6978276941839073,0.9999999999,1.0,3,P008-Q03-T-학력,T-학력,중학교
이미숙 씨는 강원에 살고 있다. (참/거짓),"['이미숙 씨는 62세 여자이며, 서울 서울-노원구에 거주합니다. 최종 학력은 중학교이고, 직업은 무직입니다.', '이미숙 씨는 1997년에 결혼했습니다.', '이미숙 씨는 노원구에서 성실하게 가정을 일궈온 60대 주부로, 건강 관리와 가족의 화목을 최우선으로 여기며 소박한 일상의 평화를 찾는 분입니다.', '이미숙 씨는 중계동 다세대 주택에서 남편과 자녀들을 위해 헌신해 왔으며, 정해진 규칙을 중요하게 여기면서도 자식들의 간곡한 부탁에는 결국 마음이 약해져 다 들어주고 마는 전형적인 한국의 어머니입니다. 가끔은 자녀들의 무심함에 서운함을 느끼지만, 함께 빵집에서 디저트를 나누어 먹는 짧은 순간에 모든 갈등을 잊고 만족해합니다.', '이미숙 씨의 자녀는 1명: 이병철(28세 남자).']",F. 서울 노원구에 거주합니다.,제공된 페르소나 정보 기준 이미숙 씨의 거주지: 서울 노원구.,1.0,0.51297957321019,0.8333333332916666,0.5,3,P008-Q04-F-반대,F-반대,F
이미숙 씨의 반려동물의 이름은 무엇인가요?,"['이미숙 씨는 1997년에 결혼했습니다.', '이미숙 씨는 노원구에서 성실하게 가정을 일궈온 60대 주부로, 건강 관리와 가족의 화목을 최우선으로 여기며 소박한 일상의 평화를 찾는 분입니다.', '이미숙 씨가 즐겨먹는 음식은 잡채, 취미는 화투, 좋아하는 문화는 조용필 노래입니다.', '이미숙 씨의 자녀는 1명: 이병철(28세 남자).', '이미숙 씨는 62세 여자이며, 서울 서울-노원구에 거주합니다. 최종 학력은 중학교이고, 직업은 무직입니다.']",정보 없음,제공된 페르소나 정보에는 이미숙 씨에 대해 질문한 사실이 없습니다.,1.0,0.0,0.0,0.0,3,P008-Q05-F-비존재,F-비존재,정보 없음
이미숙 씨는 2012년에 결혼했다. (참/거짓),"['이미숙 씨는 1997년에 결혼했습니다.', '이미숙 씨는 62세 여자이며, 서울 서울-노원구에 거주합니다. 최종 학력은 중학교이고, 직업은 무직입니다.', '이미숙 씨의 자녀는 1명: 이병철(28세 남자).', '이미숙 씨는 노원구에서 성실하게 가정을 일궈온 60대 주부로, 건강 관리와 가족의 화목을 최우선으로 여기며 소박한 일상의 평화를 찾는 분입니다.', '이미숙 씨는 중계동 다세대 주택에서 남편과 자녀들을 위해 헌신해 왔으며, 정해진 규칙을 중요하게 여기면서도 자식들의 간곡한 부탁에는 결국 마음이 약해져 다 들어주고 마는 전형적인 한국의 어머니입니다. 가끔은 자녀들의 무심함에 서운함을 느끼지만, 함께 빵집에서 디저트를 나누어 먹는 짧은 순간에 모든 갈등을 잊고 만족해합니다.']",F. 이미숙 씨는 1997년에 결혼했습니다.,제공된 페르소나 정보 기준 이미숙 씨의 결혼 정보: 1997년에 결혼.,1.0,0.7790494180469413,0.9999999999,1.0,3,P008-Q06-F-시점오류,F-시점오류,F
이미숙 씨는 서울 노원시에 산다. (참/거짓),"['이미숙 씨는 62세 여자이며, 서울 서울-노원구에 거주합니다. 최종 학력은 중학교이고, 직업은 무직입니다.', '이미숙 씨는 노원구에서 성실하게 가정을 일궈온 60대 주부로, 건강 관리와 가족의 화목을 최우선으로 여기며 소박한 일상의 평화를 찾는 분입니다.', '이미숙 씨는 1997년에 결혼했습니다.', '이미숙 씨는 중계동 다세대 주택에서 남편과 자녀들을 위해 헌신해 왔으며, 정해진 규칙을 중요하게 여기면서도 자식들의 간곡한 부탁에는 결국 마음이 약해져 다 들어주고 마는 전형적인 한국의 어머니입니다. 가끔은 자녀들의 무심함에 서운함을 느끼지만, 함께 빵집에서 디저트를 나누어 먹는 짧은 순간에 모든 갈등을 잊고 만족해합니다.', '이미숙 씨의 자녀는 1명: 이병철(28세 남자).']",F. 서울특별시 노원구에 거주합니다.,제공된 페르소나 정보 기준 이미숙 씨의 거주지: 서울 노원구.,0.5,0.487559393798787,0.99999999995,1.0,3,P008-Q07-ADV-부분일치,ADV-부분일치,F
이미숙 씨는 1996년에 결혼했다. (참/거짓),"['이미숙 씨는 1997년에 결혼했습니다.', '이미숙 씨는 62세 여자이며, 서울 서울-노원구에 거주합니다. 최종 학력은 중학교이고, 직업은 무직입니다.', '이미숙 씨의 자녀는 1명: 이병철(28세 남자).', '이미숙 씨는 노원구에서 성실하게 가정을 일궈온 60대 주부로, 건강 관리와 가족의 화목을 최우선으로 여기며 소박한 일상의 평화를 찾는 분입니다.', '이미숙 씨는 중계동 다세대 주택에서 남편과 자녀들을 위해 헌신해 왔으며, 정해진 규칙을 중요하게 여기면서도 자식들의 간곡한 부탁에는 결국 마음이 약해져 다 들어주고 마는 전형적인 한국의 어머니입니다. 가끔은 자녀들의 무심함에 서운함을 느끼지만, 함께 빵집에서 디저트를 나누어 먹는 짧은 순간에 모든 갈등을 잊고 만족해합니다.']",F. 이미숙 씨는 1997년에 결혼했습니다.,제공된 페르소나 정보 기준 이미숙 씨의 결혼 정보: 1997년에 결혼.,1.0,0.7870495352985168,0.9999999999,0.0,3,P008-Q08-ADV-시점근접,ADV-시점근접,F
이미숙 씨의 자녀 이름은 이준호이다. (참/거짓),"['이미숙 씨의 자녀는 1명: 이병철(28세 남자).', '이미숙 씨는 1997년에 결혼했습니다.', '이미숙 씨는 62세 여자이며, 서울 서울-노원구에 거주합니다. 최종 학력은 중학교이고, 직업은 무직입니다.', '이미숙 씨는 중계동 다세대 주택에서 남편과 자녀들을 위해 헌신해 왔으며, 정해진 규칙을 중요하게 여기면서도 자식들의 간곡한 부탁에는 결국 마음이 약해져 다 들어주고 마는 전형적인 한국의 어머니입니다. 가끔은 자녀들의 무심함에 서운함을 느끼지만, 함께 빵집에서 디저트를 나누어 먹는 짧은 순간에 모든 갈등을 잊고 만족해합니다.', '이미숙 씨는 노원구에서 성실하게 가정을 일궈온 60대 주부로, 건강 관리와 가족의 화목을 최우선으로 여기며 소박한 일상의 평화를 찾는 분입니다.']",F. 이미숙 씨의 자녀는 이병철입니다.,제공된 페르소나 정보 기준 이미숙 씨의 자녀 정보: 자녀 1명(이병철).,1.0,0.7090848779074307,0.9999999999,0.0,3,P008-Q09-ADV-유사인물,ADV-유사인물,F
이진숙 씨의 거주지는 어디인가요?,"['이진숙 씨는 1991년에 결혼했습니다.', '이진숙 씨는 65세 여자이며, 경기 경기-광명시에 거주합니다. 최종 학력은 중학교이고, 직업은 요양 보호사입니다.', '이진숙 씨는 광명시에서 요양 보호사로 일하며 배움의 열정을 놓지 않고 사회복지사를 꿈꾸는, 다정하면서도 섬세한 60대 여성입니다.', '이진숙 씨는 평생을 함께한 남편과 단둘이 거주하며 서로 의지하는 안정적인 관계를 유지하고 있습니다. 이진숙 씨는 남편과 함께하는 외출과 식사를 통해 정서적 충만함을 느끼지만, 때로는 혼자만의 시간이 필요해 방 안에서 조용히 낮잠을 청하며 에너지를 보충합니다.', '이진숙 씨가 즐겨먹는 음식은 비빔밥, 취미는 등산, 좋아하는 문화는 트로트입니다.']",경기 광명시에 거주합니다.,이진숙 씨의 거주지: 경기 광명시.,1.0,0.5554771291015973,0.5833333333041666,1.0,3,P009-Q01-T-거주지,T-거주지,경기 광명시
이진숙 씨의 직업은 무엇인가요?,"['이진숙 씨는 1991년에 결혼했습니다.', '이진숙 씨는 광명시에서 요양 보호사로 일하며 배움의 열정을 놓지 않고 사회복지사를 꿈꾸는, 다정하면서도 섬세한 60대 여성입니다.', '이진숙 씨는 65세 여자이며, 경기 경기-광명시에 거주합니다. 최종 학력은 중학교이고, 직업은 요양 보호사입니다.', '이진숙 씨가 즐겨먹는 음식은 비빔밥, 취미는 등산, 좋아하는 문화는 트로트입니다.', '이진숙 씨의 자녀는 1명: 이수정(32세 여자).']",이진숙 씨의 직업은 요양 보호사입니다.,이진숙 씨의 직업: 요양 보호사.,1.0,0.9672280113972804,0.5833333333041666,1.0,3,P009-Q02-T-직업,T-직업,요양 보호사
이진숙 씨의 최종 학력은 무엇인가요?,"['이진숙 씨는 65세 여자이며, 경기 경기-광명시에 거주합니다. 최종 학력은 중학교이고, 직업은 요양 보호사입니다.', '이진숙 씨는 1991년에 결혼했습니다.', '이진숙 씨는 광명시에서 요양 보호사로 일하며 배움의 열정을 놓지 않고 사회복지사를 꿈꾸는, 다정하면서도 섬세한 60대 여성입니다.', '이진숙 씨의 자녀는 1명: 이수정(32세 여자).', '이진숙 씨가 즐겨먹는 음식은 비빔밥, 취미는 등산, 좋아하는 문화는 트로트입니다.']",이진숙 씨의 최종 학력은 중학교입니다.,이진숙 씨의 최종 학력: 중학교.,1.0,0.9089092464707642,0.9999999999,1.0,3,P009-Q03-T-학력,T-학력,중학교
이진숙 씨는 경상북에 살고 있다. (참/거짓),"['이진숙 씨는 1991년에 결혼했습니다.', '이진숙 씨는 광명시에서 요양 보호사로 일하며 배움의 열정을 놓지 않고 사회복지사를 꿈꾸는, 다정하면서도 섬세한 60대 여성입니다.', '이진숙 씨는 65세 여자이며, 경기 경기-광명시에 거주합니다. 최종 학력은 중학교이고, 직업은 요양 보호사입니다.', '이진숙 씨는 평생을 함께한 남편과 단둘이 거주하며 서로 의지하는 안정적인 관계를 유지하고 있습니다. 이진숙 씨는 남편과 함께하는 외출과 식사를 통해 정서적 충만함을 느끼지만, 때로는 혼자만의 시간이 필요해 방 안에서 조용히 낮잠을 청하며 에너지를 보충합니다.', '이진숙 씨가 즐겨먹는 음식은 비빔밥, 취미는 등산, 좋아하는 문화는 트로트입니다.']",F. 이진숙 씨는 경기-광명시에 거주합니다.,제공된 페르소나 정보 기준 이진숙 씨의 거주지: 경기 광명시.,1.0,0.730519707065032,0.5833333333041666,0.5,3,P009-Q04-F-반대,F-반대,F
이진숙 씨의 반려동물의 이름은 무엇인가요?,"['이진숙 씨는 1991년에 결혼했습니다.', '이진숙 씨가 즐겨먹는 음식은 비빔밥, 취미는 등산, 좋아하는 문화는 트로트입니다.', '이진숙 씨는 평생을 함께한 남편과 단둘이 거주하며 서로 의지하는 안정적인 관계를 유지하고 있습니다. 이진숙 씨는 남편과 함께하는 외출과 식사를 통해 정서적 충만함을 느끼지만, 때로는 혼자만의 시간이 필요해 방 안에서 조용히 낮잠을 청하며 에너지를 보충합니다.', '이진숙 씨의 자녀는 1명: 이수정(32세 여자).', '이진숙 씨는 광명시에서 요양 보호사로 일하며 배움의 열정을 놓지 않고 사회복지사를 꿈꾸는, 다정하면서도 섬세한 60대 여성입니다.']",정보 없음,제공된 페르소나 정보에는 이진숙 씨에 대해 질문한 사실이 없습니다.,1.0,0.0,0.0,0.0,3,P009-Q05-F-비존재,F-비존재,정보 없음
이진숙 씨는 1976년에 결혼했다. (참/거짓),"['이진숙 씨는 1991년에 결혼했습니다.', '이진숙 씨의 자녀는 1명: 이수정(32세 여자).', '이진숙 씨는 평생을 함께한 남편과 단둘이 거주하며 서로 의지하는 안정적인 관계를 유지하고 있습니다. 이진숙 씨는 남편과 함께하는 외출과 식사를 통해 정서적 충만함을 느끼지만, 때로는 혼자만의 시간이 필요해 방 안에서 조용히 낮잠을 청하며 에너지를 보충합니다.', '이진숙 씨는 광명시에서 요양 보호사로 일하며 배움의 열정을 놓지 않고 사회복지사를 꿈꾸는, 다정하면서도 섬세한 60대 여성입니다.', '이진숙 씨는 65세 여자이며, 경기 경기-광명시에 거주합니다. 최종 학력은 중학교이고, 직업은 요양 보호사입니다.']",F. 이진숙 씨는 1991년에 결혼했습니다.,제공된 페르소나 정보 기준 이진숙 씨의 결혼 정보: 1991년에 결혼.,1.0,0.4871514111348791,0.9999999999,0.5,3,P009-Q06-F-시점오류,F-시점오류,F
이진숙 씨의 직업은 요양 시설 청소원이다. (참/거짓),"['이진숙 씨는 65세 여자이며, 경기 경기-광명시에 거주합니다. 최종 학력은 중학교이고, 직업은 요양 보호사입니다.', '이진숙 씨는 광명시에서 요양 보호사로 일하며 배움의 열정을 놓지 않고 사회복지사를 꿈꾸는, 다정하면서도 섬세한 60대 여성입니다.', '이진숙 씨는 1991년에 결혼했습니다.', '이진숙 씨는 평생을 함께한 남편과 단둘이 거주하며 서로 의지하는 안정적인 관계를 유지하고 있습니다. 이진숙 씨는 남편과 함께하는 외출과 식사를 통해 정서적 충만함을 느끼지만, 때로는 혼자만의 시간이 필요해 방 안에서 조용히 낮잠을 청하며 에너지를 보충합니다.', '이진숙 씨의 자녀는 1명: 이수정(32세 여자).']",F. 이진숙 씨의 직업은 요양 보호사입니다.,제공된 페르소나 정보 기준 이진숙 씨의 직업: 요양 보호사.,1.0,0.6818062912396384,0.9999999999,1.0,3,P009-Q07-ADV-부분일치,ADV-부분일치,F
이진숙 씨는 1992년에 결혼했다. (참/거짓),"['이진숙 씨는 1991년에 결혼했습니다.', '이진숙 씨의 자녀는 1명: 이수정(32세 여자).', '이진숙 씨는 평생을 함께한 남편과 단둘이 거주하며 서로 의지하는 안정적인 관계를 유지하고 있습니다. 이진숙 씨는 남편과 함께하는 외출과 식사를 통해 정서적 충만함을 느끼지만, 때로는 혼자만의 시간이 필요해 방 안에서 조용히 낮잠을 청하며 에너지를 보충합니다.', '이진숙 씨는 65세 여자이며, 경기 경기-광명시에 거주합니다. 최종 학력은 중학교이고, 직업은 요양 보호사입니다.', '이진숙 씨는 광명시에서 요양 보호사로 일하며 배움의 열정을 놓지 않고 사회복지사를 꿈꾸는, 다정하면서도 섬세한 60대 여성입니다.']",F. 이진숙 씨는 1991년에 결혼했습니다.,제공된 페르소나 정보 기준 이진숙 씨의 결혼 정보: 1991년에 결혼.,1.0,0.4855188784686969,0.9999999999,0.0,3,P009-Q08-ADV-시점근접,ADV-시점근접,F
이진숙 씨의 자녀 이름은 이은영이다. (참/거짓),"['이진숙 씨의 자녀는 1명: 이수정(32세 여자).', '이진숙 씨는 1991년에 결혼했습니다.', '이진숙 씨는 65세 여자이며, 경기 경기-광명시에 거주합니다. 최종 학력은 중학교이고, 직업은 요양 보호사입니다.', '이진숙 씨는 광명시에서 요양 보호사로 일하며 배움의 열정을 놓지 않고 사회복지사를 꿈꾸는, 다정하면서도 섬세한 60대 여성입니다.', '이진숙 씨가 즐겨먹는 음식은 비빔밥, 취미는 등산, 좋아하는 문화는 트로트입니다.']",F. 이진숙 씨의 자녀는 이수정입니다.,제공된 페르소나 정보 기준 이진숙 씨의 자녀 정보: 자녀 1명(이수정).,1.0,0.7568556309729413,0.9999999999,0.0,3,P009-Q09-ADV-유사인물,ADV-유사인물,F
오양순 씨의 거주지는 어디인가요?,"['오양순 씨는 1992년에 결혼했습니다.', '오양순 씨는 중랑구 망우동에서 강인한 생활력으로 가족을 일궈온 60대 여성으로, 임영웅의 노래와 중랑천 산책, 친구들과의 맛집 여행으로 소소한 행복을 찾는 분입니다.', '오양순 씨는 62세 여자이며, 서울 서울-중랑구에 거주합니다. 최종 학력은 중학교이고, 직업은 무직입니다.', '오양순 님은 중랑구 망우동의 좁은 골목길 정취에 익숙하며, 중학교 졸업 후 빠르게 사회생활을 시작해 가족을 건사해 온 강인함이 몸에 배어 있습니다. 동네 복지관에서 만난 또래들과 정답게 수다를 떨며 삶의 애환을 나누는 시간을 소중히 여기며, 세대 간의 예의를 중요하게 생각합니다.', '오양순 씨는 무뚝뚝한 남편과 다세대주택에서 함께 살며 묵묵히 가정을 건사해 왔고, 이제는 서로의 존재만으로도 안심이 되는 노년의 동반자 관계를 유지하고 있습니다.']",서울 중랑구 망우동에 거주합니다.,오양순 씨의 거주지: 서울 중랑구.,1.0,0.5538910226406085,0.6388888888675925,1.0,3,P010-Q01-T-거주지,T-거주지,서울 중랑구
오양순 씨의 직업은 무엇인가요?,"['오양순 씨는 1992년에 결혼했습니다.', '오양순 씨는 62세 여자이며, 서울 서울-중랑구에 거주합니다. 최종 학력은 중학교이고, 직업은 무직입니다.', '오양순 씨는 중랑구 망우동에서 강인한 생활력으로 가족을 일궈온 60대 여성으로, 임영웅의 노래와 중랑천 산책, 친구들과의 맛집 여행으로 소소한 행복을 찾는 분입니다.', '오양순 님은 중랑구 망우동의 좁은 골목길 정취에 익숙하며, 중학교 졸업 후 빠르게 사회생활을 시작해 가족을 건사해 온 강인함이 몸에 배어 있습니다. 동네 복지관에서 만난 또래들과 정답게 수다를 떨며 삶의 애환을 나누는 시간을 소중히 여기며, 세대 간의 예의를 중요하게 생각합니다.', '오양순 씨가 즐겨먹는 음식은 곰탕, 취미는 산책, 좋아하는 문화는 임영웅 노래입니다.']",오양순 씨의 직업은 무직입니다.,오양순 씨의 직업: 무직.,1.0,0.9659338289393958,0.49999999995,1.0,3,P010-Q02-T-직업,T-직업,무직
오양순 씨의 최종 학력은 무엇인가요?,"['오양순 씨는 62세 여자이며, 서울 서울-중랑구에 거주합니다. 최종 학력은 중학교이고, 직업은 무직입니다.', '오양순 씨는 1992년에 결혼했습니다.', '오양순 님은 중랑구 망우동의 좁은 골목길 정취에 익숙하며, 중학교 졸업 후 빠르게 사회생활을 시작해 가족을 건사해 온 강인함이 몸에 배어 있습니다. 동네 복지관에서 만난 또래들과 정답게 수다를 떨며 삶의 애환을 나누는 시간을 소중히 여기며, 세대 간의 예의를 중요하게 생각합니다.', '오양순 씨의 주요 질환은 백내장이고, 복용 약물은 없음입니다.', '오양순 씨는 중랑구 망우동에서 강인한 생활력으로 가족을 일궈온 60대 여성으로, 임영웅의 노래와 중랑천 산책, 친구들과의 맛집 여행으로 소소한 행복을 찾는 분입니다.']",오양순 씨의 최종 학력은 중학교입니다.,오양순 씨의 최종 학력: 중학교.,1.0,0.9011338358656324,0.8333333332916666,1.0,3,P010-Q03-T-학력,T-학력,중학교
오양순 씨는 전북에 살고 있다. (참/거짓),"['오양순 씨는 1992년에 결혼했습니다.', '오양순 씨는 62세 여자이며, 서울 서울-중랑구에 거주합니다. 최종 학력은 중학교이고, 직업은 무직입니다.', '오양순 씨는 중랑구 망우동에서 강인한 생활력으로 가족을 일궈온 60대 여성으로, 임영웅의 노래와 중랑천 산책, 친구들과의 맛집 여행으로 소소한 행복을 찾는 분입니다.', '오양순 씨는 무뚝뚝한 남편과 다세대주택에서 함께 살며 묵묵히 가정을 건사해 왔고, 이제는 서로의 존재만으로도 안심이 되는 노년의 동반자 관계를 유지하고 있습니다.', '오양순 씨는 제철 나물을 정성껏 무쳐 식탁에 올리는 살림꾼이지만, 일주일에 한 번은 친구들과 동네 주점에 모여 안주를 곁들인 수다 타임을 가지며 삶의 애환을 나눕니다.']",F. 오양순 씨는 서울 중랑구에 거주합니다.,제공된 페르소나 정보 기준 오양순 씨의 거주지: 서울 중랑구.,1.0,0.7117950848496858,0.5833333333041666,0.5,3,P010-Q04-F-반대,F-반대,F
오양순 씨의 최근 가입한 동호회의 이름은 무엇인가요?,"['오양순 씨는 1992년에 결혼했습니다.', '오양순 님은 중랑구 망우동의 좁은 골목길 정취에 익숙하며, 중학교 졸업 후 빠르게 사회생활을 시작해 가족을 건사해 온 강인함이 몸에 배어 있습니다. 동네 복지관에서 만난 또래들과 정답게 수다를 떨며 삶의 애환을 나누는 시간을 소중히 여기며, 세대 간의 예의를 중요하게 생각합니다.', '오양순 씨는 중랑구 망우동에서 강인한 생활력으로 가족을 일궈온 60대 여성으로, 임영웅의 노래와 중랑천 산책, 친구들과의 맛집 여행으로 소소한 행복을 찾는 분입니다.', '오양순 씨는 62세 여자이며, 서울 서울-중랑구에 거주합니다. 최종 학력은 중학교이고, 직업은 무직입니다.', '오양순 씨가 즐겨먹는 음식은 곰탕, 취미는 산책, 좋아하는 문화는 임영웅 노래입니다.']",정보 없음,제공된 페르소나 정보에는 오양순 씨에 대해 질문한 사실이 없습니다.,1.0,0.0,0.0,0.0,3,P010-Q05-F-비존재,F-비존재,정보 없음
오양순 씨는 2002년에 결혼했다. (참/거짓),"['오양순 씨는 1992년에 결혼했습니다.', '오양순 씨는 무뚝뚝한 남편과 다세대주택에서 함께 살며 묵묵히 가정을 건사해 왔고, 이제는 서로의 존재만으로도 안심이 되는 노년의 동반자 관계를 유지하고 있습니다.', '오양순 씨는 62세 여자이며, 서울 서울-중랑구에 거주합니다. 최종 학력은 중학교이고, 직업은 무직입니다.', '오양순 씨의 자녀는 3명: 오은영(33세 여자), 오민수(31세 남자), 오수진(29세 여자).', '오양순 씨는 중랑구 망우동에서 강인한 생활력으로 가족을 일궈온 60대 여성으로, 임영웅의 노래와 중랑천 산책, 친구들과의 맛집 여행으로 소소한 행복을 찾는 분입니다.']",F. 오양순 씨는 1992년에 결혼했습니다.,제공된 페르소나 정보 기준 오양순 씨의 결혼 정보: 1992년에 결혼.,1.0,0.6292522525160483,0.9999999999,1.0,3,P010-Q06-F-시점오류,F-시점오류,F
오양순 씨는 서울 중랑시에 산다. (참/거짓),"['오양순 씨는 중랑구 망우동에서 강인한 생활력으로 가족을 일궈온 60대 여성으로, 임영웅의 노래와 중랑천 산책, 친구들과의 맛집 여행으로 소소한 행복을 찾는 분입니다.', '오양순 씨는 62세 여자이며, 서울 서울-중랑구에 거주합니다. 최종 학력은 중학교이고, 직업은 무직입니다.', '오양순 님은 중랑구 망우동의 좁은 골목길 정취에 익숙하며, 중학교 졸업 후 빠르게 사회생활을 시작해 가족을 건사해 온 강인함이 몸에 배어 있습니다. 동네 복지관에서 만난 또래들과 정답게 수다를 떨며 삶의 애환을 나누는 시간을 소중히 여기며, 세대 간의 예의를 중요하게 생각합니다.', '오양순 씨는 1992년에 결혼했습니다.', '오양순 씨는 무뚝뚝한 남편과 다세대주택에서 함께 살며 묵묵히 가정을 건사해 왔고, 이제는 서로의 존재만으로도 안심이 되는 노년의 동반자 관계를 유지하고 있습니다.']","F. 서울 중랑구가 아니라 중랑시라고 하셨는데, 페르소나 정보에 따르면 서울 중랑구에 거주합니다.",제공된 페르소나 정보 기준 오양순 씨의 거주지: 서울 중랑구.,1.0,0.6494211886095064,0.9999999999666668,1.0,3,P010-Q07-ADV-부분일치,ADV-부분일치,F
오양순 씨는 1993년에 결혼했다. (참/거짓),"['오양순 씨는 1992년에 결혼했습니다.', '오양순 씨는 무뚝뚝한 남편과 다세대주택에서 함께 살며 묵묵히 가정을 건사해 왔고, 이제는 서로의 존재만으로도 안심이 되는 노년의 동반자 관계를 유지하고 있습니다.', '오양순 씨의 자녀는 3명: 오은영(33세 여자), 오민수(31세 남자), 오수진(29세 여자).', '오양순 씨는 62세 여자이며, 서울 서울-중랑구에 거주합니다. 최종 학력은 중학교이고, 직업은 무직입니다.', '오양순 씨는 중랑구 망우동에서 강인한 생활력으로 가족을 일궈온 60대 여성으로, 임영웅의 노래와 중랑천 산책, 친구들과의 맛집 여행으로 소소한 행복을 찾는 분입니다.']",F. 오양순 씨는 1992년에 결혼했습니다.,제공된 페르소나 정보 기준 오양순 씨의 결혼 정보: 1992년에 결혼.,1.0,0.6407018519687689,0.9999999999,1.0,3,P010-Q08-ADV-시점근접,ADV-시점근접,F
오양순 씨의 자녀 이름은 오미경이다. (참/거짓),"['오양순 씨의 자녀는 3명: 오은영(33세 여자), 오민수(31세 남자), 오수진(29세 여자).', '오양순 씨는 1992년에 결혼했습니다.', '오양순 씨는 중랑구 망우동에서 강인한 생활력으로 가족을 일궈온 60대 여성으로, 임영웅의 노래와 중랑천 산책, 친구들과의 맛집 여행으로 소소한 행복을 찾는 분입니다.', '오양순 씨는 62세 여자이며, 서울 서울-중랑구에 거주합니다. 최종 학력은 중학교이고, 직업은 무직입니다.', '오양순 씨는 무뚝뚝한 남편과 다세대주택에서 함께 살며 묵묵히 가정을 건사해 왔고, 이제는 서로의 존재만으로도 안심이 되는 노년의 동반자 관계를 유지하고 있습니다.']","F. 오양순 씨의 자녀는 오은영, 오민수, 오수진입니다.","제공된 페르소나 정보 기준 오양순 씨의 자녀 정보: 자녀 3명(오은영, 오민수, 오수진).",1.0,0.6977215976707473,0.0,0.5,3,P010-Q09-ADV-유사인물,ADV-유사인물,F
김인재 씨의 거주지는 어디인가요?,"['김인재 씨는 1986년에 결혼했습니다.', '김인재 씨는 남양주의 아파트에서 아내와 자녀들과 함께 북적이며 살아가며, 가장으로서의 권위보다는 함께 텔레비전을 보며 낮잠을 청하는 편안한 관계를 지향합니다. 가끔 자녀들과 의견 차이가 생겨도 특유의 유연함으로 허허 웃어넘기며 집안의 평화를 유지합니다.', '김인재 씨는 73세 남자이며, 경기 경기-남양주시에 거주합니다. 최종 학력은 초등학교이고, 직업은 그 외 상점 판매원입니다.', '김인재 씨는 남양주에서 상점을 운영하며 몸으로 배운 삶의 지혜와 소박한 일상의 가치를 소중히 여기는 70대 가장입니다.', '김인재 씨의 주요 질환은 백내장, 전립선비대이고, 복용 약물은 탐스로신입니다.']",경기 남양주시입니다.,김인재 씨의 거주지: 경기 남양주시.,1.0,0.4622681736398142,0.6388888888675925,1.0,3,P011-Q01-T-거주지,T-거주지,경기 남양주시
김인재 씨의 직업은 무엇인가요?,"['김인재 씨는 73세 남자이며, 경기 경기-남양주시에 거주합니다. 최종 학력은 초등학교이고, 직업은 그 외 상점 판매원입니다.', '김인재 씨는 1986년에 결혼했습니다.', '김인재 씨는 남양주에서 상점을 운영하며 몸으로 배운 삶의 지혜와 소박한 일상의 가치를 소중히 여기는 70대 가장입니다.', '김인재 씨의 주요 질환은 백내장, 전립선비대이고, 복용 약물은 탐스로신입니다.', '김인재 씨가 즐겨먹는 음식은 김밥, 취미는 산책, 좋아하는 문화는 이미자 노래입니다.']",김인재 씨의 직업은 그 외 상점 판매원입니다.,김인재 씨의 직업: 그 외 상점 판매원.,1.0,0.964103754804927,0.8333333332916666,1.0,3,P011-Q02-T-직업,T-직업,그 외 상점 판매원
김인재 씨의 최종 학력은 무엇인가요?,"['김인재 씨는 73세 남자이며, 경기 경기-남양주시에 거주합니다. 최종 학력은 초등학교이고, 직업은 그 외 상점 판매원입니다.', '김인재 씨는 1986년에 결혼했습니다.', '김인재 씨의 주요 질환은 백내장, 전립선비대이고, 복용 약물은 탐스로신입니다.', '김인재 씨는 남양주에서 상점을 운영하며 몸으로 배운 삶의 지혜와 소박한 일상의 가치를 소중히 여기는 70대 가장입니다.', '김인재 씨가 즐겨먹는 음식은 김밥, 취미는 산책, 좋아하는 문화는 이미자 노래입니다.']",김인재 씨의 최종 학력은 초등학교입니다.,김인재 씨의 최종 학력: 초등학교.,1.0,0.9132249896051968,0.9999999999,1.0,3,P011-Q03-T-학력,T-학력,초등학교
김인재 씨는 전라남에 살고 있다. (참/거짓),"['김인재 씨는 1986년에 결혼했습니다.', '김인재 씨는 73세 남자이며, 경기 경기-남양주시에 거주합니다. 최종 학력은 초등학교이고, 직업은 그 외 상점 판매원입니다.', '김인재 씨는 남양주의 아파트에서 아내와 자녀들과 함께 북적이며 살아가며, 가장으로서의 권위보다는 함께 텔레비전을 보며 낮잠을 청하는 편안한 관계를 지향합니다. 가끔 자녀들과 의견 차이가 생겨도 특유의 유연함으로 허허 웃어넘기며 집안의 평화를 유지합니다.', '김인재 씨는 남양주에서 상점을 운영하며 몸으로 배운 삶의 지혜와 소박한 일상의 가치를 소중히 여기는 70대 가장입니다.', '김인재 씨의 주요 질환은 백내장, 전립선비대이고, 복용 약물은 탐스로신입니다.']",F. 경기 남양주시에 거주합니다.,제공된 페르소나 정보 기준 김인재 씨의 거주지: 경기 남양주시.,1.0,0.4483986344425805,0.6388888888675925,0.5,3,P011-Q04-F-반대,F-반대,F
김인재 씨의 최근 가입한 동호회의 이름은 무엇인가요?,"['김인재 씨는 1986년에 결혼했습니다.', '김인재 씨는 남양주에서 상점을 운영하며 몸으로 배운 삶의 지혜와 소박한 일상의 가치를 소중히 여기는 70대 가장입니다.', '김인재 씨가 즐겨먹는 음식은 김밥, 취미는 산책, 좋아하는 문화는 이미자 노래입니다.', '김인재 씨는 73세 남자이며, 경기 경기-남양주시에 거주합니다. 최종 학력은 초등학교이고, 직업은 그 외 상점 판매원입니다.', '김인재 씨의 주요 질환은 백내장, 전립선비대이고, 복용 약물은 탐스로신입니다.']",정보 없음,제공된 페르소나 정보에는 김인재 씨에 대해 질문한 사실이 없습니다.,1.0,0.0,0.0,0.0,3,P011-Q05-F-비존재,F-비존재,정보 없음
김인재 씨는 1971년에 결혼했다. (참/거짓),"['김인재 씨는 1986년에 결혼했습니다.', '김인재 씨의 자녀는 2명: 김정우(37세 남자), 김상현(33세 남자).', '김인재 씨는 73세 남자이며, 경기 경기-남양주시에 거주합니다. 최종 학력은 초등학교이고, 직업은 그 외 상점 판매원입니다.', '김인재 씨는 남양주의 아파트에서 아내와 자녀들과 함께 북적이며 살아가며, 가장으로서의 권위보다는 함께 텔레비전을 보며 낮잠을 청하는 편안한 관계를 지향합니다. 가끔 자녀들과 의견 차이가 생겨도 특유의 유연함으로 허허 웃어넘기며 집안의 평화를 유지합니다.', '김인재 씨는 남양주에서 상점을 운영하며 몸으로 배운 삶의 지혜와 소박한 일상의 가치를 소중히 여기는 70대 가장입니다.']",F. 김인재 씨는 1986년에 결혼했습니다.,제공된 페르소나 정보 기준 김인재 씨의 결혼 정보: 1986년에 결혼.,1.0,0.6177157452169709,0.9999999999,0.5,3,P011-Q06-F-시점오류,F-시점오류,F
김인재 씨의 직업은 편의점 판매원이다. (참/거짓),"['김인재 씨는 73세 남자이며, 경기 경기-남양주시에 거주합니다. 최종 학력은 초등학교이고, 직업은 그 외 상점 판매원입니다.', '김인재 씨는 남양주에서 상점을 운영하며 몸으로 배운 삶의 지혜와 소박한 일상의 가치를 소중히 여기는 70대 가장입니다.', '김인재 씨는 1986년에 결혼했습니다.', '김인재 씨가 즐겨먹는 음식은 김밥, 취미는 산책, 좋아하는 문화는 이미자 노래입니다.', '김인재 씨의 주요 질환은 백내장, 전립선비대이고, 복용 약물은 탐스로신입니다.']",F. 직업은 그 외 상점 판매원입니다.,제공된 페르소나 정보 기준 김인재 씨의 직업: 그 외 상점 판매원.,1.0,0.4209551475965821,0.9999999999,0.5,3,P011-Q07-ADV-부분일치,ADV-부분일치,F
김인재 씨는 1985년에 결혼했다. (참/거짓),"['김인재 씨는 1986년에 결혼했습니다.', '김인재 씨의 자녀는 2명: 김정우(37세 남자), 김상현(33세 남자).', '김인재 씨는 73세 남자이며, 경기 경기-남양주시에 거주합니다. 최종 학력은 초등학교이고, 직업은 그 외 상점 판매원입니다.', '김인재 씨는 남양주의 아파트에서 아내와 자녀들과 함께 북적이며 살아가며, 가장으로서의 권위보다는 함께 텔레비전을 보며 낮잠을 청하는 편안한 관계를 지향합니다. 가끔 자녀들과 의견 차이가 생겨도 특유의 유연함으로 허허 웃어넘기며 집안의 평화를 유지합니다.', '김인재 씨의 주요 질환은 백내장, 전립선비대이고, 복용 약물은 탐스로신입니다.']",F. 김인재 씨는 1986년에 결혼했습니다.,제공된 페르소나 정보 기준 김인재 씨의 결혼 정보: 1986년에 결혼.,1.0,0.6244080201786223,0.9999999999,1.0,3,P011-Q08-ADV-시점근접,ADV-시점근접,F
김인재 씨의 자녀 이름은 김준호이다. (참/거짓),"['김인재 씨의 자녀는 2명: 김정우(37세 남자), 김상현(33세 남자).', '김인재 씨는 1986년에 결혼했습니다.', '김인재 씨는 73세 남자이며, 경기 경기-남양주시에 거주합니다. 최종 학력은 초등학교이고, 직업은 그 외 상점 판매원입니다.', '김인재 씨의 주요 질환은 백내장, 전립선비대이고, 복용 약물은 탐스로신입니다.', '김인재 씨는 남양주의 아파트에서 아내와 자녀들과 함께 북적이며 살아가며, 가장으로서의 권위보다는 함께 텔레비전을 보며 낮잠을 청하는 편안한 관계를 지향합니다. 가끔 자녀들과 의견 차이가 생겨도 특유의 유연함으로 허허 웃어넘기며 집안의 평화를 유지합니다.']",F. 김인재 씨의 자녀는 김정우와 김상현입니다.,"제공된 페르소나 정보 기준 김인재 씨의 자녀 정보: 자녀 2명(김정우, 김상현).",1.0,0.7208509478194519,0.0,0.0,3,P011-Q09-ADV-유사인물,ADV-유사인물,F
이종덕 씨의 거주지는 어디인가요?,"['이종덕 씨는 1978년에 결혼했습니다.', '이종덕 씨는 75세 남자이며, 서울 서울-서초구에 거주합니다. 최종 학력은 고등학교이고, 직업은 무직입니다.', '이종덕 씨는 서초구의 변화를 함께한 성실한 삶을 바탕으로, 건강한 일상과 소박한 인간관계를 통해 품격 있는 노년을 꾸려가는 신중한 어르신입니다.', '이종덕 씨가 즐겨먹는 음식은 청국장, 취미는 독서, 좋아하는 문화는 전국노래자랑입니다.', '이종덕 씨의 자녀는 2명: 이은주(47세 여자), 이광호(45세 남자).']",서울 서울-서초구에 거주합니다.,이종덕 씨의 거주지: 서울 서초구.,1.0,0.5279354578251936,0.49999999995,1.0,3,P012-Q01-T-거주지,T-거주지,서울 서초구
이종덕 씨의 직업은 무엇인가요?,"['이종덕 씨는 1978년에 결혼했습니다.', '이종덕 씨는 75세 남자이며, 서울 서울-서초구에 거주합니다. 최종 학력은 고등학교이고, 직업은 무직입니다.', '이종덕 씨가 즐겨먹는 음식은 청국장, 취미는 독서, 좋아하는 문화는 전국노래자랑입니다.', '이종덕 씨는 서초구의 변화를 함께한 성실한 삶을 바탕으로, 건강한 일상과 소박한 인간관계를 통해 품격 있는 노년을 꾸려가는 신중한 어르신입니다.', '이종덕 씨의 자녀는 2명: 이은주(47세 여자), 이광호(45세 남자).']",이종덕 씨의 직업은 무직입니다.,이종덕 씨의 직업: 무직.,1.0,0.9622574347651804,0.49999999995,1.0,3,P012-Q02-T-직업,T-직업,무직
이종덕 씨의 최종 학력은 무엇인가요?,"['이종덕 씨는 75세 남자이며, 서울 서울-서초구에 거주합니다. 최종 학력은 고등학교이고, 직업은 무직입니다.', '이종덕 씨는 1978년에 결혼했습니다.', '이종덕 씨가 즐겨먹는 음식은 청국장, 취미는 독서, 좋아하는 문화는 전국노래자랑입니다.', '이종덕 씨의 주요 질환은 위염, 관절염이고, 복용 약물은 라베프라졸, 오메프라졸, 아세트아미노펜, 셀레콕시브입니다.', '이종덕 씨의 자녀는 2명: 이은주(47세 여자), 이광호(45세 남자).']",이종덕 씨의 최종 학력은 고등학교입니다.,이종덕 씨의 최종 학력: 고등학교.,1.0,0.91361850499069,0.9999999999,1.0,3,P012-Q03-T-학력,T-학력,고등학교
이종덕 씨는 전라남에 살고 있다. (참/거짓),"['이종덕 씨는 75세 남자이며, 서울 서울-서초구에 거주합니다. 최종 학력은 고등학교이고, 직업은 무직입니다.', '이종덕 씨는 1978년에 결혼했습니다.', '이종덕 씨는 서초구의 변화를 함께한 성실한 삶을 바탕으로, 건강한 일상과 소박한 인간관계를 통해 품격 있는 노년을 꾸려가는 신중한 어르신입니다.', '이종덕 씨가 즐겨먹는 음식은 청국장, 취미는 독서, 좋아하는 문화는 전국노래자랑입니다.', '이종덕 씨는 함께 나이 들어가는 배우자와의 일상을 소중히 여기며 자녀들에게 짐이 되지 않는 독립적인 노후를 보내고자 노력합니다. 이종덕 씨는 무뚝뚝한 성격 탓에 다정한 말 표현은 서툴지만 아내의 건강 상태를 세심히 살피는 조용한 배려를 보입니다.']",F. 이종덕 씨는 서울 서울-서초구에 거주합니다.,제공된 페르소나 정보 기준 이종덕 씨의 거주지: 서울 서초구.,1.0,0.4856870280828307,0.9999999999,0.5,3,P012-Q04-F-반대,F-반대,F
이종덕 씨의 반려동물의 이름은 무엇인가요?,"['이종덕 씨는 1978년에 결혼했습니다.', '이종덕 씨가 즐겨먹는 음식은 청국장, 취미는 독서, 좋아하는 문화는 전국노래자랑입니다.', '이종덕 씨는 서초구의 변화를 함께한 성실한 삶을 바탕으로, 건강한 일상과 소박한 인간관계를 통해 품격 있는 노년을 꾸려가는 신중한 어르신입니다.', '이종덕 씨의 자녀는 2명: 이은주(47세 여자), 이광호(45세 남자).', '이종덕 씨는 75세 남자이며, 서울 서울-서초구에 거주합니다. 최종 학력은 고등학교이고, 직업은 무직입니다.']",정보 없음,제공된 페르소나 정보에는 이종덕 씨에 대해 질문한 사실이 없습니다.,1.0,0.0,0.0,0.0,3,P012-Q05-F-비존재,F-비존재,정보 없음
이종덕 씨는 1993년에 결혼했다. (참/거짓),"['이종덕 씨는 1978년에 결혼했습니다.', '이종덕 씨의 자녀는 2명: 이은주(47세 여자), 이광호(45세 남자).', '이종덕 씨는 75세 남자이며, 서울 서울-서초구에 거주합니다. 최종 학력은 고등학교이고, 직업은 무직입니다.', '이종덕 씨는 함께 나이 들어가는 배우자와의 일상을 소중히 여기며 자녀들에게 짐이 되지 않는 독립적인 노후를 보내고자 노력합니다. 이종덕 씨는 무뚝뚝한 성격 탓에 다정한 말 표현은 서툴지만 아내의 건강 상태를 세심히 살피는 조용한 배려를 보입니다.', '이종덕 씨는 서초구의 변화를 함께한 성실한 삶을 바탕으로, 건강한 일상과 소박한 인간관계를 통해 품격 있는 노년을 꾸려가는 신중한 어르신입니다.']",F. 이종덕 씨는 1978년에 결혼했습니다.,제공된 페르소나 정보 기준 이종덕 씨의 결혼 정보: 1978년에 결혼.,1.0,0.5657444905881612,0.9999999999,0.5,3,P012-Q06-F-시점오류,F-시점오류,F
이종덕 씨는 서울 서초시에 산다. (참/거짓),"['이종덕 씨는 75세 남자이며, 서울 서울-서초구에 거주합니다. 최종 학력은 고등학교이고, 직업은 무직입니다.', '이종덕 씨는 서초구의 변화를 함께한 성실한 삶을 바탕으로, 건강한 일상과 소박한 인간관계를 통해 품격 있는 노년을 꾸려가는 신중한 어르신입니다.', '이종덕 씨는 1978년에 결혼했습니다.', '이종덕 씨가 즐겨먹는 음식은 청국장, 취미는 독서, 좋아하는 문화는 전국노래자랑입니다.', '이종덕 씨는 함께 나이 들어가는 배우자와의 일상을 소중히 여기며 자녀들에게 짐이 되지 않는 독립적인 노후를 보내고자 노력합니다. 이종덕 씨는 무뚝뚝한 성격 탓에 다정한 말 표현은 서툴지만 아내의 건강 상태를 세심히 살피는 조용한 배려를 보입니다.']",F. 서울특별시 서초구에 거주합니다.,제공된 페르소나 정보 기준 이종덕 씨의 거주지: 서울 서초구.,0.5,0.4691198932259742,0.99999999995,1.0,3,P012-Q07-ADV-부분일치,ADV-부분일치,F
이종덕 씨는 1977년에 결혼했다. (참/거짓),"['이종덕 씨는 1978년에 결혼했습니다.', '이종덕 씨는 75세 남자이며, 서울 서울-서초구에 거주합니다. 최종 학력은 고등학교이고, 직업은 무직입니다.', '이종덕 씨의 자녀는 2명: 이은주(47세 여자), 이광호(45세 남자).', '이종덕 씨는 서초구의 변화를 함께한 성실한 삶을 바탕으로, 건강한 일상과 소박한 인간관계를 통해 품격 있는 노년을 꾸려가는 신중한 어르신입니다.', '이종덕 씨는 함께 나이 들어가는 배우자와의 일상을 소중히 여기며 자녀들에게 짐이 되지 않는 독립적인 노후를 보내고자 노력합니다. 이종덕 씨는 무뚝뚝한 성격 탓에 다정한 말 표현은 서툴지만 아내의 건강 상태를 세심히 살피는 조용한 배려를 보입니다.']",F. 이종덕 씨는 1978년에 결혼했습니다.,제공된 페르소나 정보 기준 이종덕 씨의 결혼 정보: 1978년에 결혼.,1.0,0.5611184184116972,0.9999999999,0.5,3,P012-Q08-ADV-시점근접,ADV-시점근접,F
이종덕 씨의 자녀 이름은 이지윤이다. (참/거짓),"['이종덕 씨의 자녀는 2명: 이은주(47세 여자), 이광호(45세 남자).', '이종덕 씨는 1978년에 결혼했습니다.', '이종덕 씨는 75세 남자이며, 서울 서울-서초구에 거주합니다. 최종 학력은 고등학교이고, 직업은 무직입니다.', '이종덕 씨의 주요 질환은 위염, 관절염이고, 복용 약물은 라베프라졸, 오메프라졸, 아세트아미노펜, 셀레콕시브입니다.', '이종덕 씨는 서초구의 변화를 함께한 성실한 삶을 바탕으로, 건강한 일상과 소박한 인간관계를 통해 품격 있는 노년을 꾸려가는 신중한 어르신입니다.']",F. 자녀는 이은주와 이광호입니다.,"제공된 페르소나 정보 기준 이종덕 씨의 자녀 정보: 자녀 2명(이은주, 이광호).",1.0,0.4641104807082984,0.9999999999,0.5,3,P012-Q09-ADV-유사인물,ADV-유사인물,F
박헌 씨의 거주지는 어디인가요?,"['박헌 씨는 강릉에 거주하는 70대 후반의 전직 행정 전문가로, 단정한 선비의 풍모와 유연한 사고를 지닌 채 지역 사회에 자신의 지식을 나누며 살아가는 지식인입니다.', '박헌 씨는 1971년에 결혼했습니다.', '박헌 씨는 78세 남자이며, 강원 강원-강릉시에 거주합니다. 최종 학력은 대학원, 전공은 경영·행정·법이고, 직업은 무직입니다.', '박헌 씨는 평생을 함께한 아내와 함께 아파트 거실에서 소소한 일상을 공유하며, 가끔 방문하는 자녀와 손주들에게는 다정한 조력자가 되어주려 노력합니다. 하지만 대화 도중 논리적으로 맞지 않는 부분이 나오면 은근슬쩍 가르치려 드는 직업병 섞인 버릇이 튀어나오곤 합니다.', '박헌 씨가 즐겨먹는 음식은 파전, 취미는 산책, 좋아하는 문화는 임영웅 노래입니다.']",강원 강릉시입니다.,박헌 씨의 거주지: 강원 강릉시.,1.0,0.4591776296168803,0.8333333332916666,1.0,3,P013-Q01-T-거주지,T-거주지,강원 강릉시
박헌 씨의 직업은 무엇인가요?,"['박헌 씨는 78세 남자이며, 강원 강원-강릉시에 거주합니다. 최종 학력은 대학원, 전공은 경영·행정·법이고, 직업은 무직입니다.', '박헌 씨는 강릉에 거주하는 70대 후반의 전직 행정 전문가로, 단정한 선비의 풍모와 유연한 사고를 지닌 채 지역 사회에 자신의 지식을 나누며 살아가는 지식인입니다.', '박헌 씨는 1971년에 결혼했습니다.', '박헌 씨는 평생을 함께한 아내와 함께 아파트 거실에서 소소한 일상을 공유하며, 가끔 방문하는 자녀와 손주들에게는 다정한 조력자가 되어주려 노력합니다. 하지만 대화 도중 논리적으로 맞지 않는 부분이 나오면 은근슬쩍 가르치려 드는 직업병 섞인 버릇이 튀어나오곤 합니다.', '박헌 씨가 즐겨먹는 음식은 파전, 취미는 산책, 좋아하는 문화는 임영웅 노래입니다.']",박헌 씨의 직업은 무직입니다.,박헌 씨의 직업: 무직.,1.0,0.9503133057156437,0.9999999999,1.0,3,P013-Q02-T-직업,T-직업,무직
박헌 씨의 최종 학력은 무엇인가요?,"['박헌 씨는 78세 남자이며, 강원 강원-강릉시에 거주합니다. 최종 학력은 대학원, 전공은 경영·행정·법이고, 직업은 무직입니다.', '박헌 씨는 1971년에 결혼했습니다.', '박헌 씨는 강릉에 거주하는 70대 후반의 전직 행정 전문가로, 단정한 선비의 풍모와 유연한 사고를 지닌 채 지역 사회에 자신의 지식을 나누며 살아가는 지식인입니다.', '박헌 씨의 주요 질환은 골다공증, 관절염이고, 복용 약물은 알렌드로네이트, 아세트아미노펜, 셀레콕시브입니다.', '박헌 씨는 평생을 함께한 아내와 함께 아파트 거실에서 소소한 일상을 공유하며, 가끔 방문하는 자녀와 손주들에게는 다정한 조력자가 되어주려 노력합니다. 하지만 대화 도중 논리적으로 맞지 않는 부분이 나오면 은근슬쩍 가르치려 드는 직업병 섞인 버릇이 튀어나오곤 합니다.']",대학원입니다.,박헌 씨의 최종 학력: 대학원(경영·행정·법).,1.0,0.0,0.9999999999,1.0,3,P013-Q03-T-학력,T-학력,대학원
박헌 씨는 대구에 살고 있다. (참/거짓),"['박헌 씨는 강릉에 거주하는 70대 후반의 전직 행정 전문가로, 단정한 선비의 풍모와 유연한 사고를 지닌 채 지역 사회에 자신의 지식을 나누며 살아가는 지식인입니다.', '박헌 씨는 78세 남자이며, 강원 강원-강릉시에 거주합니다. 최종 학력은 대학원, 전공은 경영·행정·법이고, 직업은 무직입니다.', '박헌 씨는 1971년에 결혼했습니다.', '박헌 씨는 평생을 함께한 아내와 함께 아파트 거실에서 소소한 일상을 공유하며, 가끔 방문하는 자녀와 손주들에게는 다정한 조력자가 되어주려 노력합니다. 하지만 대화 도중 논리적으로 맞지 않는 부분이 나오면 은근슬쩍 가르치려 드는 직업병 섞인 버릇이 튀어나오곤 합니다.', '박헌 씨가 즐겨먹는 음식은 파전, 취미는 산책, 좋아하는 문화는 임영웅 노래입니다.']",F. 강원 강릉시에 거주합니다.,제공된 페르소나 정보 기준 박헌 씨의 거주지: 강원 강릉시.,1.0,0.4265765677312037,0.99999999995,0.0,3,P013-Q04-F-반대,F-반대,F
박헌 씨의 정기 후원하는 단체의 이름은 무엇인가요?,"['박헌 씨는 1971년에 결혼했습니다.', '박헌 씨는 강릉에 거주하는 70대 후반의 전직 행정 전문가로, 단정한 선비의 풍모와 유연한 사고를 지닌 채 지역 사회에 자신의 지식을 나누며 살아가는 지식인입니다.', '박헌 씨는 78세 남자이며, 강원 강원-강릉시에 거주합니다. 최종 학력은 대학원, 전공은 경영·행정·법이고, 직업은 무직입니다.', '박헌 씨의 주요 질환은 골다공증, 관절염이고, 복용 약물은 알렌드로네이트, 아세트아미노펜, 셀레콕시브입니다.', '박헌 씨는 평생을 함께한 아내와 함께 아파트 거실에서 소소한 일상을 공유하며, 가끔 방문하는 자녀와 손주들에게는 다정한 조력자가 되어주려 노력합니다. 하지만 대화 도중 논리적으로 맞지 않는 부분이 나오면 은근슬쩍 가르치려 드는 직업병 섞인 버릇이 튀어나오곤 합니다.']",정보 없음,제공된 페르소나 정보에는 박헌 씨에 대해 질문한 사실이 없습니다.,1.0,0.0,0.0,0.0,3,P013-Q05-F-비존재,F-비존재,정보 없음
박헌 씨는 1986년에 결혼했다. (참/거짓),"['박헌 씨는 1971년에 결혼했습니다.', '박헌 씨의 자녀는 2명: 박지윤(51세 여자), 박광호(48세 남자).', '박헌 씨는 78세 남자이며, 강원 강원-강릉시에 거주합니다. 최종 학력은 대학원, 전공은 경영·행정·법이고, 직업은 무직입니다.', '박헌 씨는 강릉에 거주하는 70대 후반의 전직 행정 전문가로, 단정한 선비의 풍모와 유연한 사고를 지닌 채 지역 사회에 자신의 지식을 나누며 살아가는 지식인입니다.', '박헌 씨는 평생을 함께한 아내와 함께 아파트 거실에서 소소한 일상을 공유하며, 가끔 방문하는 자녀와 손주들에게는 다정한 조력자가 되어주려 노력합니다. 하지만 대화 도중 논리적으로 맞지 않는 부분이 나오면 은근슬쩍 가르치려 드는 직업병 섞인 버릇이 튀어나오곤 합니다.']",F. 박헌 씨는 1971년에 결혼했습니다.,제공된 페르소나 정보 기준 박헌 씨의 결혼 정보: 1971년에 결혼.,1.0,0.5878483272430026,0.9999999999,0.5,3,P013-Q06-F-시점오류,F-시점오류,F
박헌 씨는 강원 강릉구에 산다. (참/거짓),"['박헌 씨는 강릉에 거주하는 70대 후반의 전직 행정 전문가로, 단정한 선비의 풍모와 유연한 사고를 지닌 채 지역 사회에 자신의 지식을 나누며 살아가는 지식인입니다.', '박헌 씨는 78세 남자이며, 강원 강원-강릉시에 거주합니다. 최종 학력은 대학원, 전공은 경영·행정·법이고, 직업은 무직입니다.', '박헌 씨는 1971년에 결혼했습니다.', '박헌 씨는 평생을 함께한 아내와 함께 아파트 거실에서 소소한 일상을 공유하며, 가끔 방문하는 자녀와 손주들에게는 다정한 조력자가 되어주려 노력합니다. 하지만 대화 도중 논리적으로 맞지 않는 부분이 나오면 은근슬쩍 가르치려 드는 직업병 섞인 버릇이 튀어나오곤 합니다.', '박헌 씨가 즐겨먹는 음식은 파전, 취미는 산책, 좋아하는 문화는 임영웅 노래입니다.']",F. 강원 강릉시에 거주합니다.,제공된 페르소나 정보 기준 박헌 씨의 거주지: 강원 강릉시.,1.0,0.3651673797330619,0.99999999995,1.0,3,P013-Q07-ADV-부분일치,ADV-부분일치,F
박헌 씨는 1972년에 결혼했다. (참/거짓),"['박헌 씨는 1971년에 결혼했습니다.', '박헌 씨는 78세 남자이며, 강원 강원-강릉시에 거주합니다. 최종 학력은 대학원, 전공은 경영·행정·법이고, 직업은 무직입니다.', '박헌 씨의 자녀는 2명: 박지윤(51세 여자), 박광호(48세 남자).', '박헌 씨는 강릉에 거주하는 70대 후반의 전직 행정 전문가로, 단정한 선비의 풍모와 유연한 사고를 지닌 채 지역 사회에 자신의 지식을 나누며 살아가는 지식인입니다.', '박헌 씨는 평생을 함께한 아내와 함께 아파트 거실에서 소소한 일상을 공유하며, 가끔 방문하는 자녀와 손주들에게는 다정한 조력자가 되어주려 노력합니다. 하지만 대화 도중 논리적으로 맞지 않는 부분이 나오면 은근슬쩍 가르치려 드는 직업병 섞인 버릇이 튀어나오곤 합니다.']",F. 박헌 씨는 1971년에 결혼했습니다.,제공된 페르소나 정보 기준 박헌 씨의 결혼 정보: 1971년에 결혼.,1.0,0.5760886109209685,0.9999999999,0.0,3,P013-Q08-ADV-시점근접,ADV-시점근접,F
박헌 씨의 자녀 이름은 박민수이다. (참/거짓),"['박헌 씨의 자녀는 2명: 박지윤(51세 여자), 박광호(48세 남자).', '박헌 씨는 1971년에 결혼했습니다.', '박헌 씨는 평생을 함께한 아내와 함께 아파트 거실에서 소소한 일상을 공유하며, 가끔 방문하는 자녀와 손주들에게는 다정한 조력자가 되어주려 노력합니다. 하지만 대화 도중 논리적으로 맞지 않는 부분이 나오면 은근슬쩍 가르치려 드는 직업병 섞인 버릇이 튀어나오곤 합니다.', '박헌 씨는 78세 남자이며, 강원 강원-강릉시에 거주합니다. 최종 학력은 대학원, 전공은 경영·행정·법이고, 직업은 무직입니다.', '박헌 씨의 주요 질환은 골다공증, 관절염이고, 복용 약물은 알렌드로네이트, 아세트아미노펜, 셀레콕시브입니다.']",F. 박헌 씨의 자녀는 박지윤과 박광호입니다.,"제공된 페르소나 정보 기준 박헌 씨의 자녀 정보: 자녀 2명(박지윤, 박광호).",1.0,0.6375623068070078,0.0,0.0,3,P013-Q09-ADV-유사인물,ADV-유사인물,F
정태근 씨의 거주지는 어디인가요?,"['정태근 씨는 1981년에 결혼했습니다.', '정태근 씨는 자녀가 없습니다.', '정태근 씨는 72세 남자이며, 충청남 충청남-천안시 동남구에 거주합니다. 최종 학력은 고등학교이고, 직업은 무직입니다.', '정태근 씨는 천안에 거주하는 72세 어르신으로, 꼼꼼한 성격과 부드러운 소통 방식을 통해 주변의 신뢰를 받으며 당뇨 관리와 건강한 노후를 위해 노력하는 현실적인 성격의 소유자입니다.', '정태근 씨는 평생을 함께한 배우자와 천안의 아파트에서 조용히 여생을 보내며, 무뚝뚝한 충청도 남자지만 아내의 건강 상태를 세심히 살펴 영양제를 챙겨주는 다정함을 가졌습니다. 가끔은 고집스러운 면모로 아내와 말다툼을 벌이기도 하지만, 이내 미안한 마음에 깎아 놓은 사과 접시를 슬그머니 밀어 넣어 화해를 청합니다.']",충청남도 천안시 동남구에 거주합니다.,정태근 씨의 거주지: 충청남 천안시 동남구.,1.0,0.5393848979764923,0.4777777777618519,1.0,3,P014-Q01-T-거주지,T-거주지,충청남 천안시 동남구
정태근 씨의 직업은 무엇인가요?,"['정태근 씨는 1981년에 결혼했습니다.', '정태근 씨는 72세 남자이며, 충청남 충청남-천안시 동남구에 거주합니다. 최종 학력은 고등학교이고, 직업은 무직입니다.', '정태근 씨는 자녀가 없습니다.', '정태근 씨가 즐겨먹는 음식은 비빔밥, 취미는 산책, 좋아하는 문화는 동물 다큐멘터리입니다.', '정태근 씨는 천안에 거주하는 72세 어르신으로, 꼼꼼한 성격과 부드러운 소통 방식을 통해 주변의 신뢰를 받으며 당뇨 관리와 건강한 노후를 위해 노력하는 현실적인 성격의 소유자입니다.']",정태근 씨의 직업은 무직입니다.,정태근 씨의 직업: 무직.,1.0,0.5289306639937966,0.49999999995,1.0,3,P014-Q02-T-직업,T-직업,무직
정태근 씨의 최종 학력은 무엇인가요?,"['정태근 씨는 72세 남자이며, 충청남 충청남-천안시 동남구에 거주합니다. 최종 학력은 고등학교이고, 직업은 무직입니다.', '정태근 씨는 1981년에 결혼했습니다.', '정태근 씨는 자녀가 없습니다.', '정태근 씨가 즐겨먹는 음식은 비빔밥, 취미는 산책, 좋아하는 문화는 동물 다큐멘터리입니다.', '정태근 씨의 주요 질환은 백내장, 고혈압이고, 복용 약물은 암로디핀, 로사르탄입니다.']",정태근 씨의 최종 학력은 고등학교입니다.,정태근 씨의 최종 학력: 고등학교.,1.0,0.649932268204701,0.9999999999,1.0,3,P014-Q03-T-학력,T-학력,고등학교
정태근 씨는 대구에 살고 있다. (참/거짓),"['정태근 씨는 72세 남자이며, 충청남 충청남-천안시 동남구에 거주합니다. 최종 학력은 고등학교이고, 직업은 무직입니다.', '정태근 씨는 1981년에 결혼했습니다.', '정태근 씨는 자녀가 없습니다.', '정태근 씨는 평생을 함께한 배우자와 천안의 아파트에서 조용히 여생을 보내며, 무뚝뚝한 충청도 남자지만 아내의 건강 상태를 세심히 살펴 영양제를 챙겨주는 다정함을 가졌습니다. 가끔은 고집스러운 면모로 아내와 말다툼을 벌이기도 하지만, 이내 미안한 마음에 깎아 놓은 사과 접시를 슬그머니 밀어 넣어 화해를 청합니다.', '정태근 씨는 천안에 거주하는 72세 어르신으로, 꼼꼼한 성격과 부드러운 소통 방식을 통해 주변의 신뢰를 받으며 당뇨 관리와 건강한 노후를 위해 노력하는 현실적인 성격의 소유자입니다.']",F. 충청남도 천안시 동남구에 거주합니다.,제공된 페르소나 정보 기준 정태근 씨의 거주지: 충청남 천안시 동남구.,1.0,0.4887282377071746,0.6999999999766667,0.5,3,P014-Q04-F-반대,F-반대,F
정태근 씨의 반려동물의 이름은 무엇인가요?,"['정태근 씨가 즐겨먹는 음식은 비빔밥, 취미는 산책, 좋아하는 문화는 동물 다큐멘터리입니다.', '정태근 씨는 자녀가 없습니다.', '정태근 씨는 1981년에 결혼했습니다.', '정태근 씨는 천안에 거주하는 72세 어르신으로, 꼼꼼한 성격과 부드러운 소통 방식을 통해 주변의 신뢰를 받으며 당뇨 관리와 건강한 노후를 위해 노력하는 현실적인 성격의 소유자입니다.', '정태근 씨의 주요 질환은 백내장, 고혈압이고, 복용 약물은 암로디핀, 로사르탄입니다.']",정보 없음,제공된 페르소나 정보에는 정태근 씨에 대해 질문한 사실이 없습니다.,1.0,0.0,0.0,0.0,3,P014-Q05-F-비존재,F-비존재,정보 없음
정태근 씨는 1996년에 결혼했다. (참/거짓),"['정태근 씨는 1981년에 결혼했습니다.', '정태근 씨는 자녀가 없습니다.', '정태근 씨는 72세 남자이며, 충청남 충청남-천안시 동남구에 거주합니다. 최종 학력은 고등학교이고, 직업은 무직입니다.', '정태근 씨는 평생을 함께한 배우자와 천안의 아파트에서 조용히 여생을 보내며, 무뚝뚝한 충청도 남자지만 아내의 건강 상태를 세심히 살펴 영양제를 챙겨주는 다정함을 가졌습니다. 가끔은 고집스러운 면모로 아내와 말다툼을 벌이기도 하지만, 이내 미안한 마음에 깎아 놓은 사과 접시를 슬그머니 밀어 넣어 화해를 청합니다.', '정태근 씨는 천안에 거주하는 72세 어르신으로, 꼼꼼한 성격과 부드러운 소통 방식을 통해 주변의 신뢰를 받으며 당뇨 관리와 건강한 노후를 위해 노력하는 현실적인 성격의 소유자입니다.']",F. 정태근 씨는 1981년에 결혼했습니다.,제공된 페르소나 정보 기준 정태근 씨의 결혼 정보: 1981년에 결혼.,1.0,0.5654451537808242,0.9999999999,0.5,3,P014-Q06-F-시점오류,F-시점오류,F
정태근 씨는 충청남 천안시 동남시에 산다. (참/거짓),"['정태근 씨는 72세 남자이며, 충청남 충청남-천안시 동남구에 거주합니다. 최종 학력은 고등학교이고, 직업은 무직입니다.', '정태근 씨는 천안에 거주하는 72세 어르신으로, 꼼꼼한 성격과 부드러운 소통 방식을 통해 주변의 신뢰를 받으며 당뇨 관리와 건강한 노후를 위해 노력하는 현실적인 성격의 소유자입니다.', '정태근 씨는 평생을 함께한 배우자와 천안의 아파트에서 조용히 여생을 보내며, 무뚝뚝한 충청도 남자지만 아내의 건강 상태를 세심히 살펴 영양제를 챙겨주는 다정함을 가졌습니다. 가끔은 고집스러운 면모로 아내와 말다툼을 벌이기도 하지만, 이내 미안한 마음에 깎아 놓은 사과 접시를 슬그머니 밀어 넣어 화해를 청합니다.', '정태근 씨는 1981년에 결혼했습니다.', '정태근 씨는 자녀가 없습니다.']",T. 정태근 씨는 충청남 천안시 동남구에 거주합니다.,제공된 페르소나 정보 기준 정태근 씨의 거주지: 충청남 천안시 동남구.,1.0,0.5830730340794187,0.9999999999,1.0,3,P014-Q07-ADV-부분일치,ADV-부분일치,F
정태근 씨는 1982년에 결혼했다. (참/거짓),"['정태근 씨는 1981년에 결혼했습니다.', '정태근 씨는 자녀가 없습니다.', '정태근 씨는 72세 남자이며, 충청남 충청남-천안시 동남구에 거주합니다. 최종 학력은 고등학교이고, 직업은 무직입니다.', '정태근 씨는 평생을 함께한 배우자와 천안의 아파트에서 조용히 여생을 보내며, 무뚝뚝한 충청도 남자지만 아내의 건강 상태를 세심히 살펴 영양제를 챙겨주는 다정함을 가졌습니다. 가끔은 고집스러운 면모로 아내와 말다툼을 벌이기도 하지만, 이내 미안한 마음에 깎아 놓은 사과 접시를 슬그머니 밀어 넣어 화해를 청합니다.', '정태근 씨는 천안에 거주하는 72세 어르신으로, 꼼꼼한 성격과 부드러운 소통 방식을 통해 주변의 신뢰를 받으며 당뇨 관리와 건강한 노후를 위해 노력하는 현실적인 성격의 소유자입니다.']",F. 정태근 씨는 1981년에 결혼했습니다.,제공된 페르소나 정보 기준 정태근 씨의 결혼 정보: 1981년에 결혼.,1.0,0.5602284519735257,0.9999999999,0.0,3,P014-Q08-ADV-시점근접,ADV-시점근접,F
이 사람의 이름은 정민수이다. (참/거짓),"['정태근 씨는 72세 남자이며, 충청남 충청남-천안시 동남구에 거주합니다. 최종 학력은 고등학교이고, 직업은 무직입니다.', '정태근 씨는 천안에 거주하는 72세 어르신으로, 꼼꼼한 성격과 부드러운 소통 방식을 통해 주변의 신뢰를 받으며 당뇨 관리와 건강한 노후를 위해 노력하는 현실적인 성격의 소유자입니다.', '정태근 씨는 평생을 함께한 배우자와 천안의 아파트에서 조용히 여생을 보내며, 무뚝뚝한 충청도 남자지만 아내의 건강 상태를 세심히 살펴 영양제를 챙겨주는 다정함을 가졌습니다. 가끔은 고집스러운 면모로 아내와 말다툼을 벌이기도 하지만, 이내 미안한 마음에 깎아 놓은 사과 접시를 슬그머니 밀어 넣어 화해를 청합니다.', '정태근 씨는 자녀가 없습니다.', '정태근 씨가 즐겨먹는 음식은 비빔밥, 취미는 산책, 좋아하는 문화는 동물 다큐멘터리입니다.']",F. 이 사람의 이름은 정태근입니다.,제공된 페르소나 정보 기준 정태근 씨의 이름: 정태근.,1.0,0.6468314379843435,0.0,0.0,3,P014-Q09-ADV-유사인물,ADV-유사인물,F
김우준 씨의 거주지는 어디인가요?,"['김우준 씨는 1980년에 결혼했습니다.', '김우준 씨는 73세 남자이며, 광주 광주-남구에 거주합니다. 최종 학력은 고등학교이고, 직업은 무직입니다.', '김우준 씨는 광주 남구의 정과 여유를 간직한 채, 이웃과의 유대와 소박한 일상의 행복을 소중히 여기며 건강하게 늙어가길 바라는 현실적인 어르신입니다.', '김우준 씨가 즐겨먹는 음식은 김치찌개, 취미는 산책, 좋아하는 문화는 내셔널 지오그래픽입니다.', '김우준 씨의 주요 질환은 백내장, 관절염, 당뇨이고, 복용 약물은 아세트아미노펜, 셀레콕시브, 메트포르민, 글리메피리드입니다.']",광주 광주-남구에 거주합니다.,김우준 씨의 거주지: 광주 남구.,1.0,0.5227820261065258,0.5833333333041666,1.0,3,P015-Q01-T-거주지,T-거주지,광주 남구
김우준 씨의 직업은 무엇인가요?,"['김우준 씨는 1980년에 결혼했습니다.', '김우준 씨는 73세 남자이며, 광주 광주-남구에 거주합니다. 최종 학력은 고등학교이고, 직업은 무직입니다.', '김우준 씨가 즐겨먹는 음식은 김치찌개, 취미는 산책, 좋아하는 문화는 내셔널 지오그래픽입니다.', '김우준 씨는 광주 남구의 정과 여유를 간직한 채, 이웃과의 유대와 소박한 일상의 행복을 소중히 여기며 건강하게 늙어가길 바라는 현실적인 어르신입니다.', '김우준 씨의 주요 질환은 백내장, 관절염, 당뇨이고, 복용 약물은 아세트아미노펜, 셀레콕시브, 메트포르민, 글리메피리드입니다.']",김우준 씨의 직업은 무직입니다.,김우준 씨의 직업: 무직.,1.0,0.9686558748495252,0.49999999995,1.0,3,P015-Q02-T-직업,T-직업,무직
김우준 씨의 최종 학력은 무엇인가요?,"['김우준 씨는 73세 남자이며, 광주 광주-남구에 거주합니다. 최종 학력은 고등학교이고, 직업은 무직입니다.', '김우준 씨는 1980년에 결혼했습니다.', '김우준 씨가 즐겨먹는 음식은 김치찌개, 취미는 산책, 좋아하는 문화는 내셔널 지오그래픽입니다.', '김우준 씨의 주요 질환은 백내장, 관절염, 당뇨이고, 복용 약물은 아세트아미노펜, 셀레콕시브, 메트포르민, 글리메피리드입니다.', '김우준 씨의 자녀는 1명: 김광호(44세 남자).']",김우준 씨의 최종 학력은 고등학교입니다.,김우준 씨의 최종 학력: 고등학교.,1.0,0.9148904119073332,0.9999999999,1.0,3,P015-Q03-T-학력,T-학력,고등학교
김우준 씨는 충청남에 살고 있다. (참/거짓),"['김우준 씨는 73세 남자이며, 광주 광주-남구에 거주합니다. 최종 학력은 고등학교이고, 직업은 무직입니다.', '김우준 씨는 1980년에 결혼했습니다.', '김우준 씨는 광주 남구의 정과 여유를 간직한 채, 이웃과의 유대와 소박한 일상의 행복을 소중히 여기며 건강하게 늙어가길 바라는 현실적인 어르신입니다.', '김우준 씨가 즐겨먹는 음식은 김치찌개, 취미는 산책, 좋아하는 문화는 내셔널 지오그래픽입니다.', '김우준 씨의 자녀는 1명: 김광호(44세 남자).']",F. 김우준 씨는 광주 광주-남구에 거주합니다.,제공된 페르소나 정보 기준 김우준 씨의 거주지: 광주 남구.,1.0,0.685300408523446,0.8333333332916666,0.5,3,P015-Q04-F-반대,F-반대,F
김우준 씨의 최근 가입한 동호회의 이름은 무엇인가요?,"['김우준 씨는 1980년에 결혼했습니다.', '김우준 씨가 즐겨먹는 음식은 김치찌개, 취미는 산책, 좋아하는 문화는 내셔널 지오그래픽입니다.', '김우준 씨는 광주 남구의 정과 여유를 간직한 채, 이웃과의 유대와 소박한 일상의 행복을 소중히 여기며 건강하게 늙어가길 바라는 현실적인 어르신입니다.', '김우준 씨는 73세 남자이며, 광주 광주-남구에 거주합니다. 최종 학력은 고등학교이고, 직업은 무직입니다.', '김우준 씨의 주요 질환은 백내장, 관절염, 당뇨이고, 복용 약물은 아세트아미노펜, 셀레콕시브, 메트포르민, 글리메피리드입니다.']",정보 없음,제공된 페르소나 정보에는 김우준 씨에 대해 질문한 사실이 없습니다.,1.0,0.0,0.0,0.0,3,P015-Q05-F-비존재,F-비존재,정보 없음
김우준 씨는 1965년에 결혼했다. (참/거짓),"['김우준 씨는 1980년에 결혼했습니다.', '김우준 씨는 73세 남자이며, 광주 광주-남구에 거주합니다. 최종 학력은 고등학교이고, 직업은 무직입니다.', '김우준 씨의 자녀는 1명: 김광호(44세 남자).', '김우준 씨는 광주 남구의 정과 여유를 간직한 채, 이웃과의 유대와 소박한 일상의 행복을 소중히 여기며 건강하게 늙어가길 바라는 현실적인 어르신입니다.', '김우준 씨는 평생을 함께한 아내와 티격태격하면서도 서로의 건강을 가장 먼저 챙기며, 자녀들에게 짐이 되지 않겠다는 다짐을 입버릇처럼 말합니다. 김우준 씨는 무뚝뚝한 듯 보이지만 손주들이 오면 품속에서 몰래 꼬깃꼬깃한 만 원짜리 지폐 몇 장을 꺼내 쥐여주는 전형적인 외유내강형 할아버지의 면모를 보입니다.']",F. 김우준 씨는 1980년에 결혼했습니다.,제공된 페르소나 정보 기준 김우준 씨의 결혼 정보: 1980년에 결혼.,1.0,0.6754044995605918,0.9999999999,0.5,3,P015-Q06-F-시점오류,F-시점오류,F
김우준 씨는 광주 남시에 산다. (참/거짓),"['김우준 씨는 광주 남구의 정과 여유를 간직한 채, 이웃과의 유대와 소박한 일상의 행복을 소중히 여기며 건강하게 늙어가길 바라는 현실적인 어르신입니다.', '김우준 씨는 73세 남자이며, 광주 광주-남구에 거주합니다. 최종 학력은 고등학교이고, 직업은 무직입니다.', '김우준 씨는 1980년에 결혼했습니다.', '김우준 씨는 일주일에 두세 번 광주 남구의 단골 돼지갈비집을 찾아 숯불 향 가득한 고기를 구워 먹으며 이웃들과 정을 나눕니다. 김우준 씨는 일주일에 한 번 정도는 아내와 함께 동네 치킨집에서 갓 튀겨낸 바삭한 닭다리를 뜯으며, 전라도 특유의 넉넉한 양과 손맛이 느껴지는 음식을 찾습니다.', '김우준 씨가 즐겨먹는 음식은 김치찌개, 취미는 산책, 좋아하는 문화는 내셔널 지오그래픽입니다.']",F. 김우준 씨는 광주 남구에 거주합니다.,제공된 페르소나 정보 기준 김우준 씨의 거주지: 광주 남구.,1.0,0.6691802197912002,0.9166666666361112,0.5,3,P015-Q07-ADV-부분일치,ADV-부분일치,F
김우준 씨는 1979년에 결혼했다. (참/거짓),"['김우준 씨는 1980년에 결혼했습니다.', '김우준 씨는 73세 남자이며, 광주 광주-남구에 거주합니다. 최종 학력은 고등학교이고, 직업은 무직입니다.', '김우준 씨의 자녀는 1명: 김광호(44세 남자).', '김우준 씨는 광주 남구의 정과 여유를 간직한 채, 이웃과의 유대와 소박한 일상의 행복을 소중히 여기며 건강하게 늙어가길 바라는 현실적인 어르신입니다.', '김우준 씨는 평생을 함께한 아내와 티격태격하면서도 서로의 건강을 가장 먼저 챙기며, 자녀들에게 짐이 되지 않겠다는 다짐을 입버릇처럼 말합니다. 김우준 씨는 무뚝뚝한 듯 보이지만 손주들이 오면 품속에서 몰래 꼬깃꼬깃한 만 원짜리 지폐 몇 장을 꺼내 쥐여주는 전형적인 외유내강형 할아버지의 면모를 보입니다.']",F. 김우준 씨는 1980년에 결혼했습니다.,제공된 페르소나 정보 기준 김우준 씨의 결혼 정보: 1980년에 결혼.,1.0,0.6802363045392811,0.9999999999,0.0,3,P015-Q08-ADV-시점근접,ADV-시점근접,F
김우준 씨의 자녀 이름은 김기훈이다. (참/거짓),"['김우준 씨의 자녀는 1명: 김광호(44세 남자).', '김우준 씨는 1980년에 결혼했습니다.', '김우준 씨는 73세 남자이며, 광주 광주-남구에 거주합니다. 최종 학력은 고등학교이고, 직업은 무직입니다.', '김우준 씨는 평생을 함께한 아내와 티격태격하면서도 서로의 건강을 가장 먼저 챙기며, 자녀들에게 짐이 되지 않겠다는 다짐을 입버릇처럼 말합니다. 김우준 씨는 무뚝뚝한 듯 보이지만 손주들이 오면 품속에서 몰래 꼬깃꼬깃한 만 원짜리 지폐 몇 장을 꺼내 쥐여주는 전형적인 외유내강형 할아버지의 면모를 보입니다.', '김우준 씨의 주요 질환은 백내장, 관절염, 당뇨이고, 복용 약물은 아세트아미노펜, 셀레콕시브, 메트포르민, 글리메피리드입니다.']",F. 김우준 씨의 자녀는 김광호입니다.,제공된 페르소나 정보 기준 김우준 씨의 자녀 정보: 자녀 1명(김광호).,1.0,0.6968667489643674,0.9999999999,0.0,3,P015-Q09-ADV-유사인물,ADV-유사인물,F
이순옥 씨의 거주지는 어디인가요?,"['이순옥 씨는 1981년에 결혼했습니다. 2008년 이혼했습니다.', '이순옥 씨는 자녀가 없습니다.', '이순옥 씨는 70세 여자이며, 충청남 충청남-태안군에 거주합니다. 최종 학력은 무학이고, 직업은 무직입니다.', '이순옥 씨는 태안 바다의 강인함과 빵을 향한 소박한 욕망을 품은 채, 고독과 질병을 꼼꼼한 자기관리와 신앙으로 이겨내며 살아가는 70대 여성입니다.', '이순옥 씨가 즐겨먹는 음식은 비빔밥, 취미는 사진 찍기, 좋아하는 문화는 9시 뉴스입니다.']",충청남도 태안군에 거주합니다.,이순옥 씨의 거주지: 충청남 태안군.,1.0,0.5254312367798043,0.3333333333,1.0,3,P016-Q01-T-거주지,T-거주지,충청남 태안군
이순옥 씨의 직업은 무엇인가요?,"['이순옥 씨는 70세 여자이며, 충청남 충청남-태안군에 거주합니다. 최종 학력은 무학이고, 직업은 무직입니다.', '이순옥 씨는 자녀가 없습니다.', '이순옥 씨는 1981년에 결혼했습니다. 2008년 이혼했습니다.', '이순옥 씨는 태안 바다의 강인함과 빵을 향한 소박한 욕망을 품은 채, 고독과 질병을 꼼꼼한 자기관리와 신앙으로 이겨내며 살아가는 70대 여성입니다.', '이순옥 씨가 즐겨먹는 음식은 비빔밥, 취미는 사진 찍기, 좋아하는 문화는 9시 뉴스입니다.']",이순옥 씨의 직업은 무직입니다.,이순옥 씨의 직업: 무직.,1.0,0.9671228445874248,0.9999999999,1.0,3,P016-Q02-T-직업,T-직업,무직
이순옥 씨의 최종 학력은 무엇인가요?,"['이순옥 씨는 70세 여자이며, 충청남 충청남-태안군에 거주합니다. 최종 학력은 무학이고, 직업은 무직입니다.', '이순옥 씨는 자녀가 없습니다.', '이순옥 씨는 1981년에 결혼했습니다. 2008년 이혼했습니다.', '이순옥 씨가 즐겨먹는 음식은 비빔밥, 취미는 사진 찍기, 좋아하는 문화는 9시 뉴스입니다.', '이순옥 씨는 태안 바다의 강인함과 빵을 향한 소박한 욕망을 품은 채, 고독과 질병을 꼼꼼한 자기관리와 신앙으로 이겨내며 살아가는 70대 여성입니다.']",이순옥 씨의 최종 학력은 무학입니다.,이순옥 씨의 최종 학력: 무학.,1.0,0.9110095052642324,0.9999999999,1.0,3,P016-Q03-T-학력,T-학력,무학
이순옥 씨는 인천에 살고 있다. (참/거짓),"['이순옥 씨는 70세 여자이며, 충청남 충청남-태안군에 거주합니다. 최종 학력은 무학이고, 직업은 무직입니다.', '이순옥 씨는 1981년에 결혼했습니다. 2008년 이혼했습니다.', '이순옥 씨는 자녀가 없습니다.', '이순옥 씨는 태안 바다의 강인함과 빵을 향한 소박한 욕망을 품은 채, 고독과 질병을 꼼꼼한 자기관리와 신앙으로 이겨내며 살아가는 70대 여성입니다.', '이순옥 씨가 즐겨먹는 음식은 비빔밥, 취미는 사진 찍기, 좋아하는 문화는 9시 뉴스입니다.']",F. 충청남도 태안군에 거주합니다.,제공된 페르소나 정보 기준 이순옥 씨의 거주지: 충청남 태안군.,1.0,0.4814253184626487,0.9999999999,0.5,3,P016-Q04-F-반대,F-반대,F
이순옥 씨의 반려동물의 이름은 무엇인가요?,"['이순옥 씨는 자녀가 없습니다.', '이순옥 씨는 1981년에 결혼했습니다. 2008년 이혼했습니다.', '이순옥 씨가 즐겨먹는 음식은 비빔밥, 취미는 사진 찍기, 좋아하는 문화는 9시 뉴스입니다.', '이순옥 씨는 태안 바다의 강인함과 빵을 향한 소박한 욕망을 품은 채, 고독과 질병을 꼼꼼한 자기관리와 신앙으로 이겨내며 살아가는 70대 여성입니다.', '이순옥 씨는 70세 여자이며, 충청남 충청남-태안군에 거주합니다. 최종 학력은 무학이고, 직업은 무직입니다.']",정보 없음,제공된 페르소나 정보에는 이순옥 씨에 대해 질문한 사실이 없습니다.,1.0,0.0,0.0,0.0,3,P016-Q05-F-비존재,F-비존재,정보 없음
이순옥 씨는 1966년에 결혼했다. (참/거짓),"['이순옥 씨는 1981년에 결혼했습니다. 2008년 이혼했습니다.', '이순옥 씨는 자녀가 없습니다.', '이순옥 씨는 70세 여자이며, 충청남 충청남-태안군에 거주합니다. 최종 학력은 무학이고, 직업은 무직입니다.', '이순옥 씨는 태안 바다의 강인함과 빵을 향한 소박한 욕망을 품은 채, 고독과 질병을 꼼꼼한 자기관리와 신앙으로 이겨내며 살아가는 70대 여성입니다.', '이순옥 씨가 즐겨먹는 음식은 비빔밥, 취미는 사진 찍기, 좋아하는 문화는 9시 뉴스입니다.']",F. 이순옥 씨는 1981년에 결혼했습니다.,제공된 페르소나 정보 기준 이순옥 씨의 결혼 정보: 1981년에 결혼.,1.0,0.5755576206413479,0.9999999999,0.5,3,P016-Q06-F-시점오류,F-시점오류,F
이순옥 씨는 충청남 태안구에 산다. (참/거짓),"['이순옥 씨는 70세 여자이며, 충청남 충청남-태안군에 거주합니다. 최종 학력은 무학이고, 직업은 무직입니다.', '이순옥 씨는 태안 바다의 강인함과 빵을 향한 소박한 욕망을 품은 채, 고독과 질병을 꼼꼼한 자기관리와 신앙으로 이겨내며 살아가는 70대 여성입니다.', '이순옥 씨는 자녀가 없습니다.', '이순옥 씨는 1981년에 결혼했습니다. 2008년 이혼했습니다.', '이순옥 씨는 태안 바다의 제철 해산물을 듬뿍 넣어 짭조름하게 무쳐낸 밑반찬과 직접 담근 진한 된장으로 식탁을 채우며, 일주일에 한 번 배달되는 갓 구운 단팥빵의 달콤함으로 삶의 위안을 얻습니다. 당뇨 때문에 밀가루를 조심해야 한다는 의사의 경고를 잘 알면서도, 동네 빵집의 고소한 냄새 앞에서는 자꾸만 마음이 약해지는 인간적인 모순을 가지고 있습니다.']",F. 충청남도 태안군에 거주합니다.,제공된 페르소나 정보 기준 이순옥 씨의 거주지: 충청남 태안군.,,0.4488533244356866,0.699999999965,1.0,3,P016-Q07-ADV-부분일치,ADV-부분일치,F
이순옥 씨는 1982년에 결혼했다. (참/거짓),"['이순옥 씨는 1981년에 결혼했습니다. 2008년 이혼했습니다.', '이순옥 씨는 자녀가 없습니다.', '이순옥 씨는 70세 여자이며, 충청남 충청남-태안군에 거주합니다. 최종 학력은 무학이고, 직업은 무직입니다.', '이순옥 씨는 태안 바다의 강인함과 빵을 향한 소박한 욕망을 품은 채, 고독과 질병을 꼼꼼한 자기관리와 신앙으로 이겨내며 살아가는 70대 여성입니다.', '이순옥 씨가 즐겨먹는 음식은 비빔밥, 취미는 사진 찍기, 좋아하는 문화는 9시 뉴스입니다.']",F. 1981년에 결혼했습니다.,제공된 페르소나 정보 기준 이순옥 씨의 결혼 정보: 1981년에 결혼.,1.0,0.4734183137591559,0.9999999999,1.0,3,P016-Q08-ADV-시점근접,ADV-시점근접,F
이 사람의 이름은 이유진이다. (참/거짓),"['이순옥 씨는 태안 바다의 강인함과 빵을 향한 소박한 욕망을 품은 채, 고독과 질병을 꼼꼼한 자기관리와 신앙으로 이겨내며 살아가는 70대 여성입니다.', '이순옥 씨는 70세 여자이며, 충청남 충청남-태안군에 거주합니다. 최종 학력은 무학이고, 직업은 무직입니다.', '이순옥 씨는 태안 바다의 제철 해산물을 듬뿍 넣어 짭조름하게 무쳐낸 밑반찬과 직접 담근 진한 된장으로 식탁을 채우며, 일주일에 한 번 배달되는 갓 구운 단팥빵의 달콤함으로 삶의 위안을 얻습니다. 당뇨 때문에 밀가루를 조심해야 한다는 의사의 경고를 잘 알면서도, 동네 빵집의 고소한 냄새 앞에서는 자꾸만 마음이 약해지는 인간적인 모순을 가지고 있습니다.', '이순옥 씨는 자녀가 없습니다.', '이순옥 씨가 즐겨먹는 음식은 비빔밥, 취미는 사진 찍기, 좋아하는 문화는 9시 뉴스입니다.']",F. 이 사람의 이름은 이순옥입니다.,제공된 페르소나 정보 기준 이순옥 씨의 이름: 이순옥.,1.0,0.6499226242050892,0.0,0.0,3,P016-Q09-ADV-유사인물,ADV-유사인물,F
이남수 씨의 거주지는 어디인가요?,"['이남수 씨는 1986년에 결혼했습니다.', '이남수 씨는 70세 여자이며, 경기 경기-고양시 덕양구에 거주합니다. 최종 학력은 고등학교이고, 직업은 무직입니다.', '이남수 씨는 꼼꼼한 살림 솜씨와 디지털 기기 활용 능력을 갖춘 덕양구의 70대 여성으로, 건강 관리와 손주들과의 교감을 위해 노력하는 분입니다.', '이남수 씨는 2주에 한 번 남편과 함께 덕양구 갈비집에서 외식을 즐기고, 가끔은 정갈한 초밥 세트를 찾아다닙니다. 이남수 씨는 주 1회 배달 앱으로 음식을 시켜 먹으며 최신 메뉴를 시도하는 소소한 즐거움을 누립니다.', '이남수 씨가 즐겨먹는 음식은 삼계탕, 취미는 노래 부르기, 좋아하는 문화는 트로트입니다.']",경기 경기-고양시 덕양구에 거주합니다.,이남수 씨의 거주지: 경기 고양시 덕양구.,1.0,0.5337841623499132,0.49999999995,1.0,3,P017-Q01-T-거주지,T-거주지,경기 고양시 덕양구
이남수 씨의 직업은 무엇인가요?,"['이남수 씨는 1986년에 결혼했습니다.', '이남수 씨는 꼼꼼한 살림 솜씨와 디지털 기기 활용 능력을 갖춘 덕양구의 70대 여성으로, 건강 관리와 손주들과의 교감을 위해 노력하는 분입니다.', '이남수 씨는 70세 여자이며, 경기 경기-고양시 덕양구에 거주합니다. 최종 학력은 고등학교이고, 직업은 무직입니다.', '이남수 씨가 즐겨먹는 음식은 삼계탕, 취미는 노래 부르기, 좋아하는 문화는 트로트입니다.', '이남수 씨는 2주에 한 번 남편과 함께 덕양구 갈비집에서 외식을 즐기고, 가끔은 정갈한 초밥 세트를 찾아다닙니다. 이남수 씨는 주 1회 배달 앱으로 음식을 시켜 먹으며 최신 메뉴를 시도하는 소소한 즐거움을 누립니다.']",이남수 씨의 직업은 무직입니다.,이남수 씨의 직업: 무직.,1.0,0.7075276314792897,0.3333333333,1.0,3,P017-Q02-T-직업,T-직업,무직
이남수 씨의 최종 학력은 무엇인가요?,"['이남수 씨는 70세 여자이며, 경기 경기-고양시 덕양구에 거주합니다. 최종 학력은 고등학교이고, 직업은 무직입니다.', '이남수 씨는 1986년에 결혼했습니다.', '이남수 씨는 꼼꼼한 살림 솜씨와 디지털 기기 활용 능력을 갖춘 덕양구의 70대 여성으로, 건강 관리와 손주들과의 교감을 위해 노력하는 분입니다.', '이남수 씨가 즐겨먹는 음식은 삼계탕, 취미는 노래 부르기, 좋아하는 문화는 트로트입니다.', '이남수 씨의 주요 질환은 협심증, 백내장, 골다공증이고, 복용 약물은 니트로글리세린, 아스피린, 알렌드로네이트입니다.']",이남수 씨의 최종 학력은 고등학교입니다.,이남수 씨의 최종 학력: 고등학교.,1.0,0.9078796498425724,0.9999999999,1.0,3,P017-Q03-T-학력,T-학력,고등학교
이남수 씨는 경상북에 살고 있다. (참/거짓),"['이남수 씨는 1986년에 결혼했습니다.', '이남수 씨는 70세 여자이며, 경기 경기-고양시 덕양구에 거주합니다. 최종 학력은 고등학교이고, 직업은 무직입니다.', '이남수 씨는 꼼꼼한 살림 솜씨와 디지털 기기 활용 능력을 갖춘 덕양구의 70대 여성으로, 건강 관리와 손주들과의 교감을 위해 노력하는 분입니다.', '이남수 씨는 2주에 한 번 남편과 함께 덕양구 갈비집에서 외식을 즐기고, 가끔은 정갈한 초밥 세트를 찾아다닙니다. 이남수 씨는 주 1회 배달 앱으로 음식을 시켜 먹으며 최신 메뉴를 시도하는 소소한 즐거움을 누립니다.', '이남수 씨가 즐겨먹는 음식은 삼계탕, 취미는 노래 부르기, 좋아하는 문화는 트로트입니다.']",F. 경기 고양시 덕양구에 거주합니다.,제공된 페르소나 정보 기준 이남수 씨의 거주지: 경기 고양시 덕양구.,1.0,0.438486355015738,0.6388888888675925,0.5,3,P017-Q04-F-반대,F-반대,F
이남수 씨의 현재 운영 중인 사업자명은 무엇인가요?,"['이남수 씨는 1986년에 결혼했습니다.', '이남수 씨는 꼼꼼한 살림 솜씨와 디지털 기기 활용 능력을 갖춘 덕양구의 70대 여성으로, 건강 관리와 손주들과의 교감을 위해 노력하는 분입니다.', '이남수 씨는 2주에 한 번 남편과 함께 덕양구 갈비집에서 외식을 즐기고, 가끔은 정갈한 초밥 세트를 찾아다닙니다. 이남수 씨는 주 1회 배달 앱으로 음식을 시켜 먹으며 최신 메뉴를 시도하는 소소한 즐거움을 누립니다.', '이남수 씨는 70세 여자이며, 경기 경기-고양시 덕양구에 거주합니다. 최종 학력은 고등학교이고, 직업은 무직입니다.', '이남수 씨가 즐겨먹는 음식은 삼계탕, 취미는 노래 부르기, 좋아하는 문화는 트로트입니다.']",정보 없음,제공된 페르소나 정보에는 이남수 씨에 대해 질문한 사실이 없습니다.,1.0,0.0,0.0,0.0,3,P017-Q05-F-비존재,F-비존재,정보 없음
이남수 씨는 2001년에 결혼했다. (참/거짓),"['이남수 씨는 1986년에 결혼했습니다.', '이남수 씨의 자녀는 2명: 이지영(35세 여자), 이영숙(33세 여자).', '이남수 씨는 꼼꼼한 살림 솜씨와 디지털 기기 활용 능력을 갖춘 덕양구의 70대 여성으로, 건강 관리와 손주들과의 교감을 위해 노력하는 분입니다.', '이남수 씨는 배우자와 함께 지내며 자녀와 손주들에게 세련된 할머니로 인정받고 싶어 하는 욕심이 있습니다. 이남수 씨는 가족들을 끔찍이 아끼지만 가끔은 자신의 방식대로 모든 것을 통제하려는 성향 때문에 자녀들과 가벼운 실랑이를 벌이기도 합니다.', '이남수 씨는 70세 여자이며, 경기 경기-고양시 덕양구에 거주합니다. 최종 학력은 고등학교이고, 직업은 무직입니다.']",F. 이남수 씨는 1986년에 결혼했습니다.,제공된 페르소나 정보 기준 이남수 씨의 결혼 정보: 1986년에 결혼.,1.0,0.5728438324159728,0.9999999999,0.5,3,P017-Q06-F-시점오류,F-시점오류,F
이남수 씨는 경기 고양시 덕양시에 산다. (참/거짓),"['이남수 씨는 70세 여자이며, 경기 경기-고양시 덕양구에 거주합니다. 최종 학력은 고등학교이고, 직업은 무직입니다.', '이남수 씨는 꼼꼼한 살림 솜씨와 디지털 기기 활용 능력을 갖춘 덕양구의 70대 여성으로, 건강 관리와 손주들과의 교감을 위해 노력하는 분입니다.', '이남수 씨는 1986년에 결혼했습니다.', '이남수 씨는 2주에 한 번 남편과 함께 덕양구 갈비집에서 외식을 즐기고, 가끔은 정갈한 초밥 세트를 찾아다닙니다. 이남수 씨는 주 1회 배달 앱으로 음식을 시켜 먹으며 최신 메뉴를 시도하는 소소한 즐거움을 누립니다.', '이남수 씨가 즐겨먹는 음식은 삼계탕, 취미는 노래 부르기, 좋아하는 문화는 트로트입니다.']",T. 경기 고양시 덕양구에 거주합니다.,제공된 페르소나 정보 기준 이남수 씨의 거주지: 경기 고양시 덕양구.,1.0,0.3974655046361788,0.9166666666361112,1.0,3,P017-Q07-ADV-부분일치,ADV-부분일치,F
이남수 씨는 1985년에 결혼했다. (참/거짓),"['이남수 씨는 1986년에 결혼했습니다.', '이남수 씨의 자녀는 2명: 이지영(35세 여자), 이영숙(33세 여자).', '이남수 씨는 꼼꼼한 살림 솜씨와 디지털 기기 활용 능력을 갖춘 덕양구의 70대 여성으로, 건강 관리와 손주들과의 교감을 위해 노력하는 분입니다.', '이남수 씨는 70세 여자이며, 경기 경기-고양시 덕양구에 거주합니다. 최종 학력은 고등학교이고, 직업은 무직입니다.', '이남수 씨는 배우자와 함께 지내며 자녀와 손주들에게 세련된 할머니로 인정받고 싶어 하는 욕심이 있습니다. 이남수 씨는 가족들을 끔찍이 아끼지만 가끔은 자신의 방식대로 모든 것을 통제하려는 성향 때문에 자녀들과 가벼운 실랑이를 벌이기도 합니다.']",F. 이남수 씨는 1986년에 결혼했습니다.,제공된 페르소나 정보 기준 이남수 씨의 결혼 정보: 1986년에 결혼.,1.0,0.56033403371903,0.9999999999,0.0,3,P017-Q08-ADV-시점근접,ADV-시점근접,F
이남수 씨의 자녀 이름은 이지윤이다. (참/거짓),"['이남수 씨의 자녀는 2명: 이지영(35세 여자), 이영숙(33세 여자).', '이남수 씨는 1986년에 결혼했습니다.', '이남수 씨는 배우자와 함께 지내며 자녀와 손주들에게 세련된 할머니로 인정받고 싶어 하는 욕심이 있습니다. 이남수 씨는 가족들을 끔찍이 아끼지만 가끔은 자신의 방식대로 모든 것을 통제하려는 성향 때문에 자녀들과 가벼운 실랑이를 벌이기도 합니다.', '이남수 씨는 70세 여자이며, 경기 경기-고양시 덕양구에 거주합니다. 최종 학력은 고등학교이고, 직업은 무직입니다.', '이남수 씨는 꼼꼼한 살림 솜씨와 디지털 기기 활용 능력을 갖춘 덕양구의 70대 여성으로, 건강 관리와 손주들과의 교감을 위해 노력하는 분입니다.']",F. 이남수 씨의 자녀는 이지영과 이영숙입니다.,"제공된 페르소나 정보 기준 이남수 씨의 자녀 정보: 자녀 2명(이지영, 이영숙).",1.0,0.7052606439735852,0.0,0.0,3,P017-Q09-ADV-유사인물,ADV-유사인물,F
허예숙 씨의 거주지는 어디인가요?,"['허예숙 씨는 78세 여자이며, 부산 부산-사하구에 거주합니다. 최종 학력은 중학교이고, 직업은 무직입니다.', '허예숙 씨는 1976년에 결혼했습니다. 2011년 배우자와 사별했습니다.', '허예숙 씨는 다대포의 바다 내음을 닮은 넉넉한 품으로 이웃을 챙기며, 유튜브와 텃밭 가꾸기로 삶의 활력을 찾는 지혜로운 부산 할머니입니다.', '허예숙 씨가 즐겨먹는 음식은 파전, 취미는 꽃꽂이, 좋아하는 문화는 트로트입니다.', '허예숙 씨의 자녀는 2명: 허현주(46세 여자), 허수정(42세 여자).']",부산 부산-사하구에 거주합니다.,허예숙 씨의 거주지: 부산 사하구.,1.0,0.5591745414496861,0.8333333332916666,1.0,3,P018-Q01-T-거주지,T-거주지,부산 사하구
허예숙 씨의 직업은 무엇인가요?,"['허예숙 씨는 78세 여자이며, 부산 부산-사하구에 거주합니다. 최종 학력은 중학교이고, 직업은 무직입니다.', '허예숙 씨는 1976년에 결혼했습니다. 2011년 배우자와 사별했습니다.', '허예숙 씨는 다대포의 바다 내음을 닮은 넉넉한 품으로 이웃을 챙기며, 유튜브와 텃밭 가꾸기로 삶의 활력을 찾는 지혜로운 부산 할머니입니다.', '허예숙 씨가 즐겨먹는 음식은 파전, 취미는 꽃꽂이, 좋아하는 문화는 트로트입니다.', '허예숙 씨는 사별 후 적막한 아파트에서 홀로 지내지만, 가끔 찾아오는 자식들에게 줄 밑반찬을 미리 만들어 냉장고에 가득 채워둡니다. 외로움이 밀려올 때면 친구들을 집으로 불러 모아 고민을 들어주는 다정한 상담가 역할을 하며 집안의 빈자리를 온기로 채웁니다.']",허예숙 씨의 직업은 무직입니다.,허예숙 씨의 직업: 무직.,1.0,0.966471039761188,0.9999999999,1.0,3,P018-Q02-T-직업,T-직업,무직
허예숙 씨의 최종 학력은 무엇인가요?,"['허예숙 씨는 78세 여자이며, 부산 부산-사하구에 거주합니다. 최종 학력은 중학교이고, 직업은 무직입니다.', '허예숙 씨는 1976년에 결혼했습니다. 2011년 배우자와 사별했습니다.', '허예숙 씨가 즐겨먹는 음식은 파전, 취미는 꽃꽂이, 좋아하는 문화는 트로트입니다.', '허예숙 씨의 주요 질환은 갑상선 저하증, 백내장이고, 복용 약물은 레보티록신입니다.', '허예숙 씨의 자녀는 2명: 허현주(46세 여자), 허수정(42세 여자).']",허예숙 씨의 최종 학력은 중학교입니다.,허예숙 씨의 최종 학력: 중학교.,1.0,0.9536270708024924,0.9999999999,1.0,3,P018-Q03-T-학력,T-학력,중학교
허예숙 씨는 충청북에 살고 있다. (참/거짓),"['허예숙 씨는 78세 여자이며, 부산 부산-사하구에 거주합니다. 최종 학력은 중학교이고, 직업은 무직입니다.', '허예숙 씨는 1976년에 결혼했습니다. 2011년 배우자와 사별했습니다.', '허예숙 씨는 다대포의 바다 내음을 닮은 넉넉한 품으로 이웃을 챙기며, 유튜브와 텃밭 가꾸기로 삶의 활력을 찾는 지혜로운 부산 할머니입니다.', '허예숙 씨가 즐겨먹는 음식은 파전, 취미는 꽃꽂이, 좋아하는 문화는 트로트입니다.', '허예숙 씨는 사별 후 적막한 아파트에서 홀로 지내지만, 가끔 찾아오는 자식들에게 줄 밑반찬을 미리 만들어 냉장고에 가득 채워둡니다. 외로움이 밀려올 때면 친구들을 집으로 불러 모아 고민을 들어주는 다정한 상담가 역할을 하며 집안의 빈자리를 온기로 채웁니다.']",F. 허예숙 씨는 부산 부산-사하구에 거주합니다.,제공된 페르소나 정보 기준 허예숙 씨의 거주지: 부산 사하구.,1.0,0.7199094654990962,0.8333333332916666,0.5,3,P018-Q04-F-반대,F-반대,F
허예숙 씨의 최근 가입한 동호회의 이름은 무엇인가요?,"['허예숙 씨는 78세 여자이며, 부산 부산-사하구에 거주합니다. 최종 학력은 중학교이고, 직업은 무직입니다.', '허예숙 씨는 1976년에 결혼했습니다. 2011년 배우자와 사별했습니다.', '허예숙 씨가 즐겨먹는 음식은 파전, 취미는 꽃꽂이, 좋아하는 문화는 트로트입니다.', '허예숙 씨는 다대포의 바다 내음을 닮은 넉넉한 품으로 이웃을 챙기며, 유튜브와 텃밭 가꾸기로 삶의 활력을 찾는 지혜로운 부산 할머니입니다.', '허예숙 씨는 사별 후 적막한 아파트에서 홀로 지내지만, 가끔 찾아오는 자식들에게 줄 밑반찬을 미리 만들어 냉장고에 가득 채워둡니다. 외로움이 밀려올 때면 친구들을 집으로 불러 모아 고민을 들어주는 다정한 상담가 역할을 하며 집안의 빈자리를 온기로 채웁니다.']",정보 없음,제공된 페르소나 정보에는 허예숙 씨에 대해 질문한 사실이 없습니다.,1.0,0.0,0.0,0.0,3,P018-Q05-F-비존재,F-비존재,정보 없음
허예숙 씨는 1986년에 결혼했다. (참/거짓),"['허예숙 씨는 1976년에 결혼했습니다. 2011년 배우자와 사별했습니다.', '허예숙 씨는 78세 여자이며, 부산 부산-사하구에 거주합니다. 최종 학력은 중학교이고, 직업은 무직입니다.', '허예숙 씨의 자녀는 2명: 허현주(46세 여자), 허수정(42세 여자).', '허예숙 씨는 다대포의 바다 내음을 닮은 넉넉한 품으로 이웃을 챙기며, 유튜브와 텃밭 가꾸기로 삶의 활력을 찾는 지혜로운 부산 할머니입니다.', '허예숙 씨는 사별 후 적막한 아파트에서 홀로 지내지만, 가끔 찾아오는 자식들에게 줄 밑반찬을 미리 만들어 냉장고에 가득 채워둡니다. 외로움이 밀려올 때면 친구들을 집으로 불러 모아 고민을 들어주는 다정한 상담가 역할을 하며 집안의 빈자리를 온기로 채웁니다.']",F. 허예숙 씨는 1976년에 결혼했습니다.,제공된 페르소나 정보 기준 허예숙 씨의 결혼 정보: 1976년에 결혼.,1.0,0.5617198312040919,0.9999999999,0.5,3,P018-Q06-F-시점오류,F-시점오류,F
허예숙 씨는 부산 사하시에 산다. (참/거짓),"['허예숙 씨는 78세 여자이며, 부산 부산-사하구에 거주합니다. 최종 학력은 중학교이고, 직업은 무직입니다.', '허예숙 씨는 다대포의 바다 내음을 닮은 넉넉한 품으로 이웃을 챙기며, 유튜브와 텃밭 가꾸기로 삶의 활력을 찾는 지혜로운 부산 할머니입니다.', '허예숙 씨는 1976년에 결혼했습니다. 2011년 배우자와 사별했습니다.', '허예숙 씨의 주요 질환은 갑상선 저하증, 백내장이고, 복용 약물은 레보티록신입니다.', '허예숙 씨가 즐겨먹는 음식은 파전, 취미는 꽃꽂이, 좋아하는 문화는 트로트입니다.']",T. 부산 부산-사하구에 거주합니다.,제공된 페르소나 정보 기준 허예숙 씨의 거주지: 부산 사하구.,1.0,0.4489304759184433,0.9999999999,1.0,3,P018-Q07-ADV-부분일치,ADV-부분일치,F
허예숙 씨는 1975년에 결혼했다. (참/거짓),"['허예숙 씨는 1976년에 결혼했습니다. 2011년 배우자와 사별했습니다.', '허예숙 씨는 78세 여자이며, 부산 부산-사하구에 거주합니다. 최종 학력은 중학교이고, 직업은 무직입니다.', '허예숙 씨의 자녀는 2명: 허현주(46세 여자), 허수정(42세 여자).', '허예숙 씨는 다대포의 바다 내음을 닮은 넉넉한 품으로 이웃을 챙기며, 유튜브와 텃밭 가꾸기로 삶의 활력을 찾는 지혜로운 부산 할머니입니다.', '허예숙 씨가 즐겨먹는 음식은 파전, 취미는 꽃꽂이, 좋아하는 문화는 트로트입니다.']",F. 허예숙 씨는 1976년에 결혼했습니다.,제공된 페르소나 정보 기준 허예숙 씨의 결혼 정보: 1976년에 결혼.,1.0,0.5370017495928076,0.9999999999,0.0,3,P018-Q08-ADV-시점근접,ADV-시점근접,F
허예숙 씨의 자녀 이름은 허민지이다. (참/거짓),"['허예숙 씨의 자녀는 2명: 허현주(46세 여자), 허수정(42세 여자).', '허예숙 씨는 1976년에 결혼했습니다. 2011년 배우자와 사별했습니다.', '허예숙 씨는 78세 여자이며, 부산 부산-사하구에 거주합니다. 최종 학력은 중학교이고, 직업은 무직입니다.', '허예숙 씨는 사별 후 적막한 아파트에서 홀로 지내지만, 가끔 찾아오는 자식들에게 줄 밑반찬을 미리 만들어 냉장고에 가득 채워둡니다. 외로움이 밀려올 때면 친구들을 집으로 불러 모아 고민을 들어주는 다정한 상담가 역할을 하며 집안의 빈자리를 온기로 채웁니다.', '허예숙 씨의 주요 질환은 갑상선 저하증, 백내장이고, 복용 약물은 레보티록신입니다.']",F. 자녀는 허현주와 허수정입니다.,"제공된 페르소나 정보 기준 허예숙 씨의 자녀 정보: 자녀 2명(허현주, 허수정).",1.0,0.4218539854135623,0.0,0.0,3,P018-Q09-ADV-유사인물,ADV-유사인물,F
신춘자 씨의 거주지는 어디인가요?,"['신춘자 씨는 1977년에 결혼했습니다.', '신춘자 씨는 강원도 홍천의 자연 속에서 뛰어난 손맛과 생활 지혜를 가진 살림꾼이자, 임영웅의 노래와 가족의 사랑으로 평온한 노후를 보내는 79세 할머니입니다.', '신춘자 씨는 79세 여자이며, 강원 강원-홍천군에 거주합니다. 최종 학력은 초등학교이고, 직업은 무직입니다.', '신춘자 씨의 자녀는 1명: 신민지(44세 여자).', '신춘자 씨가 즐겨먹는 음식은 된장찌개, 취미는 꽃꽂이, 좋아하는 문화는 임영웅 노래입니다.']",강원 강원-홍천군에 거주합니다.,신춘자 씨의 거주지: 강원 홍천군.,1.0,0.5490987035911903,0.5833333333041666,1.0,3,P019-Q01-T-거주지,T-거주지,강원 홍천군
신춘자 씨의 직업은 무엇인가요?,"['신춘자 씨는 1977년에 결혼했습니다.', '신춘자 씨는 79세 여자이며, 강원 강원-홍천군에 거주합니다. 최종 학력은 초등학교이고, 직업은 무직입니다.', '신춘자 씨는 강원도 홍천의 자연 속에서 뛰어난 손맛과 생활 지혜를 가진 살림꾼이자, 임영웅의 노래와 가족의 사랑으로 평온한 노후를 보내는 79세 할머니입니다.', '신춘자 씨의 자녀는 1명: 신민지(44세 여자).', '신춘자 씨가 즐겨먹는 음식은 된장찌개, 취미는 꽃꽂이, 좋아하는 문화는 임영웅 노래입니다.']",신춘자 씨의 직업은 무직입니다.,신춘자 씨의 직업: 무직.,1.0,0.9558649112949992,0.49999999995,1.0,3,P019-Q02-T-직업,T-직업,무직
신춘자 씨의 최종 학력은 무엇인가요?,"['신춘자 씨는 1977년에 결혼했습니다.', '신춘자 씨는 79세 여자이며, 강원 강원-홍천군에 거주합니다. 최종 학력은 초등학교이고, 직업은 무직입니다.', '신춘자 씨의 자녀는 1명: 신민지(44세 여자).', '신춘자 씨는 강원도 홍천의 자연 속에서 뛰어난 손맛과 생활 지혜를 가진 살림꾼이자, 임영웅의 노래와 가족의 사랑으로 평온한 노후를 보내는 79세 할머니입니다.', '신춘자 씨가 즐겨먹는 음식은 된장찌개, 취미는 꽃꽂이, 좋아하는 문화는 임영웅 노래입니다.']",신춘자 씨의 최종 학력은 초등학교입니다.,신춘자 씨의 최종 학력: 초등학교.,1.0,0.8865735827266117,0.49999999995,1.0,3,P019-Q03-T-학력,T-학력,초등학교
신춘자 씨는 서울에 살고 있다. (참/거짓),"['신춘자 씨는 1977년에 결혼했습니다.', '신춘자 씨는 79세 여자이며, 강원 강원-홍천군에 거주합니다. 최종 학력은 초등학교이고, 직업은 무직입니다.', '신춘자 씨는 강원도 홍천의 자연 속에서 뛰어난 손맛과 생활 지혜를 가진 살림꾼이자, 임영웅의 노래와 가족의 사랑으로 평온한 노후를 보내는 79세 할머니입니다.', '신춘자 씨의 자녀는 1명: 신민지(44세 여자).', '신춘자 씨는 무뚝뚝하지만 곁을 지켜주는 남편과 함께 늙어가는 일상을 보내며, 도시로 나간 자식들이 방문할 때면 집안 구석구석을 정갈하게 닦으며 설레는 마음으로 기다립니다.']",F. 강원 홍천군에 거주합니다.,제공된 페르소나 정보 기준 신춘자 씨의 거주지: 강원 홍천군.,1.0,0.5150223957989483,0.5833333333041666,0.5,3,P019-Q04-F-반대,F-반대,F
신춘자 씨의 최근 가입한 동호회의 이름은 무엇인가요?,"['신춘자 씨는 1977년에 결혼했습니다.', '신춘자 씨는 79세 여자이며, 강원 강원-홍천군에 거주합니다. 최종 학력은 초등학교이고, 직업은 무직입니다.', '신춘자 씨는 강원도 홍천의 자연 속에서 뛰어난 손맛과 생활 지혜를 가진 살림꾼이자, 임영웅의 노래와 가족의 사랑으로 평온한 노후를 보내는 79세 할머니입니다.', '신춘자 씨의 자녀는 1명: 신민지(44세 여자).', '신춘자 씨가 즐겨먹는 음식은 된장찌개, 취미는 꽃꽂이, 좋아하는 문화는 임영웅 노래입니다.']",정보 없음,제공된 페르소나 정보에는 신춘자 씨에 대해 질문한 사실이 없습니다.,1.0,0.0,0.0,0.0,3,P019-Q05-F-비존재,F-비존재,정보 없음
신춘자 씨는 1962년에 결혼했다. (참/거짓),"['신춘자 씨는 1977년에 결혼했습니다.', '신춘자 씨의 자녀는 1명: 신민지(44세 여자).', '신춘자 씨는 79세 여자이며, 강원 강원-홍천군에 거주합니다. 최종 학력은 초등학교이고, 직업은 무직입니다.', '신춘자 씨는 강원도 홍천의 자연 속에서 뛰어난 손맛과 생활 지혜를 가진 살림꾼이자, 임영웅의 노래와 가족의 사랑으로 평온한 노후를 보내는 79세 할머니입니다.', '신춘자 씨는 무뚝뚝하지만 곁을 지켜주는 남편과 함께 늙어가는 일상을 보내며, 도시로 나간 자식들이 방문할 때면 집안 구석구석을 정갈하게 닦으며 설레는 마음으로 기다립니다.']",F. 신춘자 씨는 1977년에 결혼했습니다.,제공된 페르소나 정보 기준 신춘자 씨의 결혼 정보: 1977년에 결혼.,1.0,0.8271265404251515,0.9999999999,0.0,3,P019-Q06-F-시점오류,F-시점오류,F
신춘자 씨는 강원 홍천구에 산다. (참/거짓),"['신춘자 씨는 강원도 홍천의 자연 속에서 뛰어난 손맛과 생활 지혜를 가진 살림꾼이자, 임영웅의 노래와 가족의 사랑으로 평온한 노후를 보내는 79세 할머니입니다.', '신춘자 씨는 79세 여자이며, 강원 강원-홍천군에 거주합니다. 최종 학력은 초등학교이고, 직업은 무직입니다.', '신춘자 씨는 1977년에 결혼했습니다.', '신춘자 씨의 자녀는 1명: 신민지(44세 여자).', '신춘자 씨가 즐겨먹는 음식은 된장찌개, 취미는 꽃꽂이, 좋아하는 문화는 임영웅 노래입니다.']",F. 강원 홍천군에 거주합니다.,제공된 페르소나 정보 기준 신춘자 씨의 거주지: 강원 홍천군.,0.5,0.4354982122896477,0.99999999995,1.0,3,P019-Q07-ADV-부분일치,ADV-부분일치,F
신춘자 씨는 1976년에 결혼했다. (참/거짓),"['신춘자 씨는 1977년에 결혼했습니다.', '신춘자 씨의 자녀는 1명: 신민지(44세 여자).', '신춘자 씨는 79세 여자이며, 강원 강원-홍천군에 거주합니다. 최종 학력은 초등학교이고, 직업은 무직입니다.', '신춘자 씨는 강원도 홍천의 자연 속에서 뛰어난 손맛과 생활 지혜를 가진 살림꾼이자, 임영웅의 노래와 가족의 사랑으로 평온한 노후를 보내는 79세 할머니입니다.', '신춘자 씨는 무뚝뚝하지만 곁을 지켜주는 남편과 함께 늙어가는 일상을 보내며, 도시로 나간 자식들이 방문할 때면 집안 구석구석을 정갈하게 닦으며 설레는 마음으로 기다립니다.']",F. 신춘자 씨는 1977년에 결혼했습니다.,제공된 페르소나 정보 기준 신춘자 씨의 결혼 정보: 1977년에 결혼.,1.0,0.8327332925329299,0.9999999999,0.0,3,P019-Q08-ADV-시점근접,ADV-시점근접,F
신춘자 씨의 자녀 이름은 신선영이다. (참/거짓),"['신춘자 씨의 자녀는 1명: 신민지(44세 여자).', '신춘자 씨는 1977년에 결혼했습니다.', '신춘자 씨는 79세 여자이며, 강원 강원-홍천군에 거주합니다. 최종 학력은 초등학교이고, 직업은 무직입니다.', '신춘자 씨는 강원도 홍천의 자연 속에서 뛰어난 손맛과 생활 지혜를 가진 살림꾼이자, 임영웅의 노래와 가족의 사랑으로 평온한 노후를 보내는 79세 할머니입니다.', '신춘자 씨는 무뚝뚝하지만 곁을 지켜주는 남편과 함께 늙어가는 일상을 보내며, 도시로 나간 자식들이 방문할 때면 집안 구석구석을 정갈하게 닦으며 설레는 마음으로 기다립니다.']",F. 신춘자 씨의 자녀는 신민지입니다.,제공된 페르소나 정보 기준 신춘자 씨의 자녀 정보: 자녀 1명(신민지).,1.0,0.7787838475687076,0.9999999999,0.0,3,P019-Q09-ADV-유사인물,ADV-유사인물,F
구영자 씨의 거주지는 어디인가요?,"['구영자 씨는 1982년에 결혼했습니다.', '구영자 씨는 74세 여자이며, 경상남 경상남-창원시 성산구에 거주합니다. 최종 학력은 중학교이고, 직업은 무직입니다.', '구영자 씨는 무뚝뚝한 남편과 함께 아파트에 살며 평생을 가족의 든든한 버팀목이 되어주었고, 이제는 가끔 방문하는 손주들의 재롱을 보며 집안의 모든 정성을 쏟아붓는 다정한 할머니입니다.', '구영자 씨는 창원 성산구에서 이웃들과 어울리며 활기차게 살아가는 70대 할머니로, 당뇨라는 건강상 제약 속에서도 가족과 친구를 챙기는 정 많고 사교적인 삶을 꾸려가고 있습니다.', '구영자 씨가 즐겨먹는 음식은 비빔밥, 취미는 산책, 좋아하는 문화는 트로트입니다.']",경상남도 창원시 성산구에 거주합니다.,구영자 씨의 거주지: 경상남 창원시 성산구.,1.0,0.5272889417312133,0.499999999975,1.0,3,P020-Q01-T-거주지,T-거주지,경상남 창원시 성산구
구영자 씨의 직업은 무엇인가요?,"['구영자 씨는 1982년에 결혼했습니다.', '구영자 씨는 74세 여자이며, 경상남 경상남-창원시 성산구에 거주합니다. 최종 학력은 중학교이고, 직업은 무직입니다.', '구영자 씨가 즐겨먹는 음식은 비빔밥, 취미는 산책, 좋아하는 문화는 트로트입니다.', '구영자 씨는 무뚝뚝한 남편과 함께 아파트에 살며 평생을 가족의 든든한 버팀목이 되어주었고, 이제는 가끔 방문하는 손주들의 재롱을 보며 집안의 모든 정성을 쏟아붓는 다정한 할머니입니다.', '구영자 씨는 창원 성산구에서 이웃들과 어울리며 활기차게 살아가는 70대 할머니로, 당뇨라는 건강상 제약 속에서도 가족과 친구를 챙기는 정 많고 사교적인 삶을 꾸려가고 있습니다.']",구영자 씨의 직업은 무직입니다.,구영자 씨의 직업: 무직.,1.0,0.816610296557478,0.49999999995,1.0,3,P020-Q02-T-직업,T-직업,무직
구영자 씨의 최종 학력은 무엇인가요?,"['구영자 씨는 74세 여자이며, 경상남 경상남-창원시 성산구에 거주합니다. 최종 학력은 중학교이고, 직업은 무직입니다.', '구영자 씨는 1982년에 결혼했습니다.', '구영자 씨가 즐겨먹는 음식은 비빔밥, 취미는 산책, 좋아하는 문화는 트로트입니다.', '구영자 씨는 무뚝뚝한 남편과 함께 아파트에 살며 평생을 가족의 든든한 버팀목이 되어주었고, 이제는 가끔 방문하는 손주들의 재롱을 보며 집안의 모든 정성을 쏟아붓는 다정한 할머니입니다.', '구영자 씨의 자녀는 2명: 구수정(40세 여자), 구영숙(38세 여자).']",구영자 씨의 최종 학력은 중학교입니다.,구영자 씨의 최종 학력: 중학교.,1.0,0.8985749803432496,0.9999999999,1.0,3,P020-Q03-T-학력,T-학력,중학교
구영자 씨는 부산에 살고 있다. (참/거짓),"['구영자 씨는 74세 여자이며, 경상남 경상남-창원시 성산구에 거주합니다. 최종 학력은 중학교이고, 직업은 무직입니다.', '구영자 씨는 1982년에 결혼했습니다.', '구영자 씨는 창원 성산구에서 이웃들과 어울리며 활기차게 살아가는 70대 할머니로, 당뇨라는 건강상 제약 속에서도 가족과 친구를 챙기는 정 많고 사교적인 삶을 꾸려가고 있습니다.', '구영자 씨는 무뚝뚝한 남편과 함께 아파트에 살며 평생을 가족의 든든한 버팀목이 되어주었고, 이제는 가끔 방문하는 손주들의 재롱을 보며 집안의 모든 정성을 쏟아붓는 다정한 할머니입니다.', '구영자 씨가 즐겨먹는 음식은 비빔밥, 취미는 산책, 좋아하는 문화는 트로트입니다.']",F. 경상남도 창원시 성산구에 거주합니다.,제공된 페르소나 정보 기준 구영자 씨의 거주지: 경상남 창원시 성산구.,1.0,0.4505793271416196,0.3333333333,0.5,3,P020-Q04-F-반대,F-반대,F
구영자 씨의 최근 가입한 동호회의 이름은 무엇인가요?,"['구영자 씨는 1982년에 결혼했습니다.', '구영자 씨가 즐겨먹는 음식은 비빔밥, 취미는 산책, 좋아하는 문화는 트로트입니다.', '구영자 씨는 창원 성산구에서 이웃들과 어울리며 활기차게 살아가는 70대 할머니로, 당뇨라는 건강상 제약 속에서도 가족과 친구를 챙기는 정 많고 사교적인 삶을 꾸려가고 있습니다.', '구영자 씨는 74세 여자이며, 경상남 경상남-창원시 성산구에 거주합니다. 최종 학력은 중학교이고, 직업은 무직입니다.', '구영자 씨는 무뚝뚝한 남편과 함께 아파트에 살며 평생을 가족의 든든한 버팀목이 되어주었고, 이제는 가끔 방문하는 손주들의 재롱을 보며 집안의 모든 정성을 쏟아붓는 다정한 할머니입니다.']",정보 없음,제공된 페르소나 정보에는 구영자 씨에 대해 질문한 사실이 없습니다.,1.0,0.0,0.0,0.0,3,P020-Q05-F-비존재,F-비존재,정보 없음
구영자 씨는 1967년에 결혼했다. (참/거짓),"['구영자 씨는 1982년에 결혼했습니다.', '구영자 씨의 자녀는 2명: 구수정(40세 여자), 구영숙(38세 여자).', '구영자 씨는 74세 여자이며, 경상남 경상남-창원시 성산구에 거주합니다. 최종 학력은 중학교이고, 직업은 무직입니다.', '구영자 씨는 무뚝뚝한 남편과 함께 아파트에 살며 평생을 가족의 든든한 버팀목이 되어주었고, 이제는 가끔 방문하는 손주들의 재롱을 보며 집안의 모든 정성을 쏟아붓는 다정한 할머니입니다.', '구영자 씨는 창원 성산구에서 이웃들과 어울리며 활기차게 살아가는 70대 할머니로, 당뇨라는 건강상 제약 속에서도 가족과 친구를 챙기는 정 많고 사교적인 삶을 꾸려가고 있습니다.']",F. 구영자 씨는 1982년에 결혼했습니다.,제공된 페르소나 정보 기준 구영자 씨의 결혼 정보: 1982년에 결혼.,1.0,0.5449873102792412,0.9999999999,0.5,3,P020-Q06-F-시점오류,F-시점오류,F
구영자 씨는 경상남 창원시 성산시에 산다. (참/거짓),"['구영자 씨는 74세 여자이며, 경상남 경상남-창원시 성산구에 거주합니다. 최종 학력은 중학교이고, 직업은 무직입니다.', '구영자 씨는 창원 성산구에서 이웃들과 어울리며 활기차게 살아가는 70대 할머니로, 당뇨라는 건강상 제약 속에서도 가족과 친구를 챙기는 정 많고 사교적인 삶을 꾸려가고 있습니다.', '구영자 씨는 1982년에 결혼했습니다.', '구영자 씨는 무뚝뚝한 남편과 함께 아파트에 살며 평생을 가족의 든든한 버팀목이 되어주었고, 이제는 가끔 방문하는 손주들의 재롱을 보며 집안의 모든 정성을 쏟아붓는 다정한 할머니입니다.', '구영자 씨가 즐겨먹는 음식은 비빔밥, 취미는 산책, 좋아하는 문화는 트로트입니다.']",T. 경상남 창원시 성산구에 거주합니다.,제공된 페르소나 정보 기준 구영자 씨의 거주지: 경상남 창원시 성산구.,1.0,0.4445026530890367,0.99999999995,1.0,3,P020-Q07-ADV-부분일치,ADV-부분일치,F
구영자 씨는 1983년에 결혼했다. (참/거짓),"['구영자 씨는 1982년에 결혼했습니다.', '구영자 씨의 자녀는 2명: 구수정(40세 여자), 구영숙(38세 여자).', '구영자 씨는 무뚝뚝한 남편과 함께 아파트에 살며 평생을 가족의 든든한 버팀목이 되어주었고, 이제는 가끔 방문하는 손주들의 재롱을 보며 집안의 모든 정성을 쏟아붓는 다정한 할머니입니다.', '구영자 씨는 74세 여자이며, 경상남 경상남-창원시 성산구에 거주합니다. 최종 학력은 중학교이고, 직업은 무직입니다.', '구영자 씨는 창원 성산구에서 이웃들과 어울리며 활기차게 살아가는 70대 할머니로, 당뇨라는 건강상 제약 속에서도 가족과 친구를 챙기는 정 많고 사교적인 삶을 꾸려가고 있습니다.']",F. 구영자 씨는 1982년에 결혼했습니다.,제공된 페르소나 정보 기준 구영자 씨의 결혼 정보: 1982년에 결혼.,1.0,0.5415356633017397,0.9999999999,0.5,3,P020-Q08-ADV-시점근접,ADV-시점근접,F
구영자 씨의 자녀 이름은 구혜영이다. (참/거짓),"['구영자 씨의 자녀는 2명: 구수정(40세 여자), 구영숙(38세 여자).', '구영자 씨는 1982년에 결혼했습니다.', '구영자 씨는 74세 여자이며, 경상남 경상남-창원시 성산구에 거주합니다. 최종 학력은 중학교이고, 직업은 무직입니다.', '구영자 씨는 무뚝뚝한 남편과 함께 아파트에 살며 평생을 가족의 든든한 버팀목이 되어주었고, 이제는 가끔 방문하는 손주들의 재롱을 보며 집안의 모든 정성을 쏟아붓는 다정한 할머니입니다.', '구영자 씨가 즐겨먹는 음식은 비빔밥, 취미는 산책, 좋아하는 문화는 트로트입니다.']",F. 구영자 씨의 자녀는 구수정과 구영숙입니다.,"제공된 페르소나 정보 기준 구영자 씨의 자녀 정보: 자녀 2명(구수정, 구영숙).",1.0,0.7534576988014523,0.0,0.0,3,P020-Q09-ADV-유사인물,ADV-유사인물,F
조만복 씨의 거주지는 어디인가요?,"['조만복 씨는 1972년에 결혼했습니다.', '조만복 씨는 태안에서 평생 성실하게 농산물 하역 일을 하며 살아온 82세 어르신으로, 아내와 함께 역사 유적지를 여행하며 소박한 일상의 행복을 지켜가는 신중하고 책임감 있는 분입니다.', '조만복 씨는 82세 남자이며, 충청남 충청남-태안군에 거주합니다. 최종 학력은 중학교이고, 직업은 하역 및 적재 관련 단순 종사원입니다.', '조만복 씨가 즐겨먹는 음식은 김밥, 취미는 산책, 좋아하는 문화는 가요무대입니다.', '조만복 씨는 평생을 곁에서 함께 고생한 아내와 단독주택에서 서로 의지하며 조용하고 평온한 노후를 보내고 있습니다. 조만복 씨는 말수가 적고 무뚝뚝한 편이지만, 아내가 좋아하는 간식을 슬쩍 챙겨오는 세심한 방식으로 사랑을 표현하며 안정적인 가정의 온기를 유지합니다.']",충청남도 태안군에 거주합니다.,조만복 씨의 거주지: 충청남 태안군.,1.0,0.4985057662784979,0.5833333333041666,1.0,3,P021-Q01-T-거주지,T-거주지,충청남 태안군
조만복 씨의 직업은 무엇인가요?,"['조만복 씨는 1972년에 결혼했습니다.', '조만복 씨는 82세 남자이며, 충청남 충청남-태안군에 거주합니다. 최종 학력은 중학교이고, 직업은 하역 및 적재 관련 단순 종사원입니다.', '조만복 씨는 태안에서 평생 성실하게 농산물 하역 일을 하며 살아온 82세 어르신으로, 아내와 함께 역사 유적지를 여행하며 소박한 일상의 행복을 지켜가는 신중하고 책임감 있는 분입니다.', '조만복 씨가 즐겨먹는 음식은 김밥, 취미는 산책, 좋아하는 문화는 가요무대입니다.', '조만복 씨의 자녀는 2명: 조지훈(50세 남자), 조혜진(47세 여자).']",조만복 씨의 직업은 하역 및 적재 관련 단순 종사원입니다.,조만복 씨의 직업: 하역 및 적재 관련 단순 종사원.,1.0,0.8146051644405953,0.5833333333041666,1.0,3,P021-Q02-T-직업,T-직업,하역 및 적재 관련 단순 종사원
조만복 씨의 최종 학력은 무엇인가요?,"['조만복 씨는 82세 남자이며, 충청남 충청남-태안군에 거주합니다. 최종 학력은 중학교이고, 직업은 하역 및 적재 관련 단순 종사원입니다.', '조만복 씨는 1972년에 결혼했습니다.', '조만복 씨는 태안에서 평생 성실하게 농산물 하역 일을 하며 살아온 82세 어르신으로, 아내와 함께 역사 유적지를 여행하며 소박한 일상의 행복을 지켜가는 신중하고 책임감 있는 분입니다.', '조만복 씨가 즐겨먹는 음식은 김밥, 취미는 산책, 좋아하는 문화는 가요무대입니다.', '조만복 씨의 주요 질환은 관절염, 갑상선 저하증이고, 복용 약물은 아세트아미노펜, 셀레콕시브, 레보티록신입니다.']",조만복 씨의 최종 학력은 중학교입니다.,조만복 씨의 최종 학력: 중학교.,1.0,0.8675087975673758,0.9999999999,1.0,3,P021-Q03-T-학력,T-학력,중학교
조만복 씨는 부산에 살고 있다. (참/거짓),"['조만복 씨는 1972년에 결혼했습니다.', '조만복 씨는 태안에서 평생 성실하게 농산물 하역 일을 하며 살아온 82세 어르신으로, 아내와 함께 역사 유적지를 여행하며 소박한 일상의 행복을 지켜가는 신중하고 책임감 있는 분입니다.', '조만복 씨는 82세 남자이며, 충청남 충청남-태안군에 거주합니다. 최종 학력은 중학교이고, 직업은 하역 및 적재 관련 단순 종사원입니다.', '조만복 씨는 평생을 곁에서 함께 고생한 아내와 단독주택에서 서로 의지하며 조용하고 평온한 노후를 보내고 있습니다. 조만복 씨는 말수가 적고 무뚝뚝한 편이지만, 아내가 좋아하는 간식을 슬쩍 챙겨오는 세심한 방식으로 사랑을 표현하며 안정적인 가정의 온기를 유지합니다.', '조만복 씨가 즐겨먹는 음식은 김밥, 취미는 산책, 좋아하는 문화는 가요무대입니다.']",F. 조만복 씨는 충청남도 태안군에 거주합니다.,제공된 페르소나 정보 기준 조만복 씨의 거주지: 충청남 태안군.,1.0,0.5379637607275568,0.5833333333041666,0.0,3,P021-Q04-F-반대,F-반대,F
조만복 씨의 최근 가입한 동호회의 이름은 무엇인가요?,"['조만복 씨는 1972년에 결혼했습니다.', '조만복 씨는 82세 남자이며, 충청남 충청남-태안군에 거주합니다. 최종 학력은 중학교이고, 직업은 하역 및 적재 관련 단순 종사원입니다.', '조만복 씨가 즐겨먹는 음식은 김밥, 취미는 산책, 좋아하는 문화는 가요무대입니다.', '조만복 씨는 태안에서 평생 성실하게 농산물 하역 일을 하며 살아온 82세 어르신으로, 아내와 함께 역사 유적지를 여행하며 소박한 일상의 행복을 지켜가는 신중하고 책임감 있는 분입니다.', '조만복 씨는 한 달에 한 번 아내와 함께 동네 분식집을 찾아가 투박하게 말린 김밥 한 줄을 나눠 먹는 소소한 일탈을 즐깁니다. 조만복 씨는 고기 요리보다는 나물 반찬이 곁들여진 소박한 한식 상차림을 선호하며, 배달 음식은 가끔 신기한 마음으로 시켜보지만 결국은 집에서 끓인 된장찌개가 가장 입맛에 맞다고 느낍니다.']",정보 없음,제공된 페르소나 정보에는 조만복 씨에 대해 질문한 사실이 없습니다.,1.0,0.0,0.0,0.0,3,P021-Q05-F-비존재,F-비존재,정보 없음
조만복 씨는 1987년에 결혼했다. (참/거짓),"['조만복 씨는 1972년에 결혼했습니다.', '조만복 씨의 자녀는 2명: 조지훈(50세 남자), 조혜진(47세 여자).', '조만복 씨는 태안에서 평생 성실하게 농산물 하역 일을 하며 살아온 82세 어르신으로, 아내와 함께 역사 유적지를 여행하며 소박한 일상의 행복을 지켜가는 신중하고 책임감 있는 분입니다.', '조만복 씨는 82세 남자이며, 충청남 충청남-태안군에 거주합니다. 최종 학력은 중학교이고, 직업은 하역 및 적재 관련 단순 종사원입니다.', '조만복 씨는 평생을 곁에서 함께 고생한 아내와 단독주택에서 서로 의지하며 조용하고 평온한 노후를 보내고 있습니다. 조만복 씨는 말수가 적고 무뚝뚝한 편이지만, 아내가 좋아하는 간식을 슬쩍 챙겨오는 세심한 방식으로 사랑을 표현하며 안정적인 가정의 온기를 유지합니다.']",F. 조만복 씨는 1972년에 결혼했습니다.,제공된 페르소나 정보 기준 조만복 씨의 결혼 정보: 1972년에 결혼.,1.0,0.5684427698416314,0.9999999999,0.0,3,P021-Q06-F-시점오류,F-시점오류,F
조만복 씨의 직업은 물류 창고 관리원이다. (참/거짓),"['조만복 씨는 82세 남자이며, 충청남 충청남-태안군에 거주합니다. 최종 학력은 중학교이고, 직업은 하역 및 적재 관련 단순 종사원입니다.', '조만복 씨는 태안에서 평생 성실하게 농산물 하역 일을 하며 살아온 82세 어르신으로, 아내와 함께 역사 유적지를 여행하며 소박한 일상의 행복을 지켜가는 신중하고 책임감 있는 분입니다.', '조만복 씨는 1972년에 결혼했습니다.', '조만복 씨가 즐겨먹는 음식은 김밥, 취미는 산책, 좋아하는 문화는 가요무대입니다.', '조만복 씨는 평생을 곁에서 함께 고생한 아내와 단독주택에서 서로 의지하며 조용하고 평온한 노후를 보내고 있습니다. 조만복 씨는 말수가 적고 무뚝뚝한 편이지만, 아내가 좋아하는 간식을 슬쩍 챙겨오는 세심한 방식으로 사랑을 표현하며 안정적인 가정의 온기를 유지합니다.']",F. 조만복 씨의 직업은 하역 및 적재 관련 단순 종사원입니다.,제공된 페르소나 정보 기준 조만복 씨의 직업: 하역 및 적재 관련 단순 종사원.,1.0,0.4753733723936026,0.99999999995,0.5,3,P021-Q07-ADV-부분일치,ADV-부분일치,F
조만복 씨는 1971년에 결혼했다. (참/거짓),"['조만복 씨는 1972년에 결혼했습니다.', '조만복 씨의 자녀는 2명: 조지훈(50세 남자), 조혜진(47세 여자).', '조만복 씨는 태안에서 평생 성실하게 농산물 하역 일을 하며 살아온 82세 어르신으로, 아내와 함께 역사 유적지를 여행하며 소박한 일상의 행복을 지켜가는 신중하고 책임감 있는 분입니다.', '조만복 씨는 평생을 곁에서 함께 고생한 아내와 단독주택에서 서로 의지하며 조용하고 평온한 노후를 보내고 있습니다. 조만복 씨는 말수가 적고 무뚝뚝한 편이지만, 아내가 좋아하는 간식을 슬쩍 챙겨오는 세심한 방식으로 사랑을 표현하며 안정적인 가정의 온기를 유지합니다.', '조만복 씨는 82세 남자이며, 충청남 충청남-태안군에 거주합니다. 최종 학력은 중학교이고, 직업은 하역 및 적재 관련 단순 종사원입니다.']",F. 조만복 씨는 1972년에 결혼했습니다.,제공된 페르소나 정보 기준 조만복 씨의 결혼 정보: 1972년에 결혼.,1.0,0.5706721854494795,0.9999999999,0.0,3,P021-Q08-ADV-시점근접,ADV-시점근접,F
조만복 씨의 자녀 이름은 조현주이다. (참/거짓),"['조만복 씨의 자녀는 2명: 조지훈(50세 남자), 조혜진(47세 여자).', '조만복 씨는 1972년에 결혼했습니다.', '조만복 씨는 82세 남자이며, 충청남 충청남-태안군에 거주합니다. 최종 학력은 중학교이고, 직업은 하역 및 적재 관련 단순 종사원입니다.', '조만복 씨는 태안에서 평생 성실하게 농산물 하역 일을 하며 살아온 82세 어르신으로, 아내와 함께 역사 유적지를 여행하며 소박한 일상의 행복을 지켜가는 신중하고 책임감 있는 분입니다.', '조만복 씨의 주요 질환은 관절염, 갑상선 저하증이고, 복용 약물은 아세트아미노펜, 셀레콕시브, 레보티록신입니다.']",F. 조만복 씨의 자녀는 조지훈과 조혜진입니다.,"제공된 페르소나 정보 기준 조만복 씨의 자녀 정보: 자녀 2명(조지훈, 조혜진).",1.0,0.5603247359185535,0.9999999999,0.0,3,P021-Q09-ADV-유사인물,ADV-유사인물,F
신중희 씨의 거주지는 어디인가요?,"['신중희 씨는 1969년에 결혼했습니다.', '신중희 씨는 80세 남자이며, 경기 경기-성남시 수정구에 거주합니다. 최종 학력은 초등학교이고, 직업은 무직입니다.', '신중희 씨는 성남 수정구의 급격한 변화를 지켜봐 온 성실한 어르신으로, 소소한 집수리 재능과 가족에 대한 깊은 사랑으로 평온한 노후를 보내고 있습니다.', '신중희 씨가 즐겨먹는 음식은 떡볶이, 취미는 꽃꽂이, 좋아하는 문화는 주말 드라마입니다.', '신중희 씨는 다세대주택에서 배우자와 친인척들이 함께 북적이며 사는 환경 속에서 가문의 어른으로서 책임감을 느끼며 살아갑니다. 손주들이 대학에 가고 취업하는 과정을 곁에서 지켜보는 것이 인생의 마지막 큰 목표이며, 평소에는 무뚝뚝해도 가족을 향한 애정이 깊습니다.']",경기 성남시 수정구에 거주합니다.,신중희 씨의 거주지: 경기 성남시 수정구.,1.0,0.5425455486196822,0.5833333333041666,1.0,3,P022-Q01-T-거주지,T-거주지,경기 성남시 수정구
신중희 씨의 직업은 무엇인가요?,"['신중희 씨는 1969년에 결혼했습니다.', '신중희 씨는 80세 남자이며, 경기 경기-성남시 수정구에 거주합니다. 최종 학력은 초등학교이고, 직업은 무직입니다.', '신중희 씨가 즐겨먹는 음식은 떡볶이, 취미는 꽃꽂이, 좋아하는 문화는 주말 드라마입니다.', '신중희 씨는 성남 수정구의 급격한 변화를 지켜봐 온 성실한 어르신으로, 소소한 집수리 재능과 가족에 대한 깊은 사랑으로 평온한 노후를 보내고 있습니다.', '신중희 씨는 다세대주택에서 배우자와 친인척들이 함께 북적이며 사는 환경 속에서 가문의 어른으로서 책임감을 느끼며 살아갑니다. 손주들이 대학에 가고 취업하는 과정을 곁에서 지켜보는 것이 인생의 마지막 큰 목표이며, 평소에는 무뚝뚝해도 가족을 향한 애정이 깊습니다.']",신중희 씨의 직업은 무직입니다.,신중희 씨의 직업: 무직.,1.0,0.960598901872904,0.49999999995,1.0,3,P022-Q02-T-직업,T-직업,무직
신중희 씨의 최종 학력은 무엇인가요?,"['신중희 씨는 1969년에 결혼했습니다.', '신중희 씨는 80세 남자이며, 경기 경기-성남시 수정구에 거주합니다. 최종 학력은 초등학교이고, 직업은 무직입니다.', '신중희 씨는 다세대주택에서 배우자와 친인척들이 함께 북적이며 사는 환경 속에서 가문의 어른으로서 책임감을 느끼며 살아갑니다. 손주들이 대학에 가고 취업하는 과정을 곁에서 지켜보는 것이 인생의 마지막 큰 목표이며, 평소에는 무뚝뚝해도 가족을 향한 애정이 깊습니다.', '신중희 씨가 즐겨먹는 음식은 떡볶이, 취미는 꽃꽂이, 좋아하는 문화는 주말 드라마입니다.', '신중희 씨의 주요 질환은 관절염, 협심증, 당뇨, 고혈압이고, 복용 약물은 셀레콕시브, 니트로글리세린, 메트포르민, 글리메피리드입니다.']",신중희 씨의 최종 학력은 초등학교입니다.,신중희 씨의 최종 학력: 초등학교.,1.0,0.9026928621954424,0.49999999995,1.0,3,P022-Q03-T-학력,T-학력,초등학교
신중희 씨는 강원에 살고 있다. (참/거짓),"['신중희 씨는 80세 남자이며, 경기 경기-성남시 수정구에 거주합니다. 최종 학력은 초등학교이고, 직업은 무직입니다.', '신중희 씨는 1969년에 결혼했습니다.', '신중희 씨는 성남 수정구의 급격한 변화를 지켜봐 온 성실한 어르신으로, 소소한 집수리 재능과 가족에 대한 깊은 사랑으로 평온한 노후를 보내고 있습니다.', '신중희 씨가 즐겨먹는 음식은 떡볶이, 취미는 꽃꽂이, 좋아하는 문화는 주말 드라마입니다.', '신중희 씨는 다세대주택에서 배우자와 친인척들이 함께 북적이며 사는 환경 속에서 가문의 어른으로서 책임감을 느끼며 살아갑니다. 손주들이 대학에 가고 취업하는 과정을 곁에서 지켜보는 것이 인생의 마지막 큰 목표이며, 평소에는 무뚝뚝해도 가족을 향한 애정이 깊습니다.']",F. 경기 성남시 수정구에 거주합니다.,제공된 페르소나 정보 기준 신중희 씨의 거주지: 경기 성남시 수정구.,1.0,0.479607431834345,0.9999999999,0.5,3,P022-Q04-F-반대,F-반대,F
신중희 씨의 현재 운영 중인 사업자명은 무엇인가요?,"['신중희 씨는 1969년에 결혼했습니다.', '신중희 씨는 80세 남자이며, 경기 경기-성남시 수정구에 거주합니다. 최종 학력은 초등학교이고, 직업은 무직입니다.', '신중희 씨가 즐겨먹는 음식은 떡볶이, 취미는 꽃꽂이, 좋아하는 문화는 주말 드라마입니다.', '신중희 씨의 자녀는 1명: 신혜영(54세 여자).', '신중희 씨는 성남 수정구의 급격한 변화를 지켜봐 온 성실한 어르신으로, 소소한 집수리 재능과 가족에 대한 깊은 사랑으로 평온한 노후를 보내고 있습니다.']",정보 없음,제공된 페르소나 정보에는 신중희 씨에 대해 질문한 사실이 없습니다.,1.0,0.0,0.0,0.0,3,P022-Q05-F-비존재,F-비존재,정보 없음
신중희 씨는 1954년에 결혼했다. (참/거짓),"['신중희 씨는 1969년에 결혼했습니다.', '신중희 씨의 자녀는 1명: 신혜영(54세 여자).', '신중희 씨가 즐겨먹는 음식은 떡볶이, 취미는 꽃꽂이, 좋아하는 문화는 주말 드라마입니다.', '신중희 씨는 80세 남자이며, 경기 경기-성남시 수정구에 거주합니다. 최종 학력은 초등학교이고, 직업은 무직입니다.', '신중희 씨는 다세대주택에서 배우자와 친인척들이 함께 북적이며 사는 환경 속에서 가문의 어른으로서 책임감을 느끼며 살아갑니다. 손주들이 대학에 가고 취업하는 과정을 곁에서 지켜보는 것이 인생의 마지막 큰 목표이며, 평소에는 무뚝뚝해도 가족을 향한 애정이 깊습니다.']",F. 신중희 씨는 1969년에 결혼했습니다.,제공된 페르소나 정보 기준 신중희 씨의 결혼 정보: 1969년에 결혼.,1.0,0.8075927225887284,0.9999999999,0.5,3,P022-Q06-F-시점오류,F-시점오류,F
신중희 씨는 경기 성남시 수정시에 산다. (참/거짓),"['신중희 씨는 80세 남자이며, 경기 경기-성남시 수정구에 거주합니다. 최종 학력은 초등학교이고, 직업은 무직입니다.', '신중희 씨는 성남 수정구의 급격한 변화를 지켜봐 온 성실한 어르신으로, 소소한 집수리 재능과 가족에 대한 깊은 사랑으로 평온한 노후를 보내고 있습니다.', '신중희 씨는 1969년에 결혼했습니다.', '성남 수정구의 가파른 골목길에서 수십 년을 나고 자라며 도시의 급격한 팽창을 온몸으로 겪었습니다. 정규 교육의 기회는 적었지만, 성실함 하나로 가정을 일궈온 세대 특유의 끈기와 이웃 간의 끈끈한 정을 삶의 중심에 두고 살아갑니다.', '신중희 씨는 일주일에 한 번 가족들과 함께 삼겹살집에서 고기를 구워 먹으며 기운을 차리고, 가끔은 수정구 시장 골목 분식집에서 맵싸한 떡볶이와 김밥을 나누어 먹습니다. 2주에 한 번 정도는 아내가 주문해 주는 배달 음식의 편리함을 누리며 입맛을 돋웁니다.']",F. 경기 성남시 수정구가 아니라 수정시라고 언급되었습니다.,제공된 페르소나 정보 기준 신중희 씨의 거주지: 경기 성남시 수정구.,0.5,0.6313461503305748,0.8874999999778125,1.0,3,P022-Q07-ADV-부분일치,ADV-부분일치,F
신중희 씨는 1968년에 결혼했다. (참/거짓),"['신중희 씨는 1969년에 결혼했습니다.', '신중희 씨의 자녀는 1명: 신혜영(54세 여자).', '신중희 씨는 80세 남자이며, 경기 경기-성남시 수정구에 거주합니다. 최종 학력은 초등학교이고, 직업은 무직입니다.', '신중희 씨가 즐겨먹는 음식은 떡볶이, 취미는 꽃꽂이, 좋아하는 문화는 주말 드라마입니다.', '신중희 씨는 다세대주택에서 배우자와 친인척들이 함께 북적이며 사는 환경 속에서 가문의 어른으로서 책임감을 느끼며 살아갑니다. 손주들이 대학에 가고 취업하는 과정을 곁에서 지켜보는 것이 인생의 마지막 큰 목표이며, 평소에는 무뚝뚝해도 가족을 향한 애정이 깊습니다.']",F. 신중희 씨는 1969년에 결혼했습니다.,제공된 페르소나 정보 기준 신중희 씨의 결혼 정보: 1969년에 결혼.,1.0,0.819077344983271,0.9999999999,0.5,3,P022-Q08-ADV-시점근접,ADV-시점근접,F
신중희 씨의 자녀 이름은 신수정이다. (참/거짓),"['신중희 씨의 자녀는 1명: 신혜영(54세 여자).', '신중희 씨는 1969년에 결혼했습니다.', '신중희 씨는 80세 남자이며, 경기 경기-성남시 수정구에 거주합니다. 최종 학력은 초등학교이고, 직업은 무직입니다.', '신중희 씨는 성남 수정구의 급격한 변화를 지켜봐 온 성실한 어르신으로, 소소한 집수리 재능과 가족에 대한 깊은 사랑으로 평온한 노후를 보내고 있습니다.', '신중희 씨는 다세대주택에서 배우자와 친인척들이 함께 북적이며 사는 환경 속에서 가문의 어른으로서 책임감을 느끼며 살아갑니다. 손주들이 대학에 가고 취업하는 과정을 곁에서 지켜보는 것이 인생의 마지막 큰 목표이며, 평소에는 무뚝뚝해도 가족을 향한 애정이 깊습니다.']",F. 신중희 씨의 자녀는 신혜영입니다.,제공된 페르소나 정보 기준 신중희 씨의 자녀 정보: 자녀 1명(신혜영).,1.0,0.7244669335330323,0.9999999999,0.0,3,P022-Q09-ADV-유사인물,ADV-유사인물,F
김고문 씨의 거주지는 어디인가요?,"['김고문 씨는 1976년에 결혼했습니다.', '김고문 씨는 83세 남자이며, 경기 경기-김포시에 거주합니다. 최종 학력은 고등학교이고, 직업은 산불 감시원입니다.', '김고문 씨는 김포의 자연을 지키는 산불 감시원이자, 신앙과 소소한 일상의 여유를 사랑하는 83세의 유연한 사고를 가진 어르신입니다.', '김고문 씨는 배우자와 친인척들이 함께 어우러져 사는 아파트에서 북적이는 온기를 느끼며, 가족들의 갈등이 생길 때면 특유의 유연한 성격으로 분위기를 부드럽게 만드는 중재자 역할을 합니다. 평소에는 온화하게 배려하지만, 집안의 중요한 결정 앞에서는 고집스럽게 자신의 의견을 밀어붙이는 면모도 가지고 있습니다.', '김고문 씨가 즐겨먹는 음식은 갈비찜, 취미는 서예, 좋아하는 문화는 9시 뉴스입니다.']",경기 김포시에 거주합니다.,김고문 씨의 거주지: 경기 김포시.,1.0,0.5235063052987241,0.49999999995,1.0,3,P023-Q01-T-거주지,T-거주지,경기 김포시
김고문 씨의 직업은 무엇인가요?,"['김고문 씨는 1976년에 결혼했습니다.', '김고문 씨는 83세 남자이며, 경기 경기-김포시에 거주합니다. 최종 학력은 고등학교이고, 직업은 산불 감시원입니다.', '김고문 씨는 김포의 자연을 지키는 산불 감시원이자, 신앙과 소소한 일상의 여유를 사랑하는 83세의 유연한 사고를 가진 어르신입니다.', '김고문 씨는 배우자와 친인척들이 함께 어우러져 사는 아파트에서 북적이는 온기를 느끼며, 가족들의 갈등이 생길 때면 특유의 유연한 성격으로 분위기를 부드럽게 만드는 중재자 역할을 합니다. 평소에는 온화하게 배려하지만, 집안의 중요한 결정 앞에서는 고집스럽게 자신의 의견을 밀어붙이는 면모도 가지고 있습니다.', '김고문 씨가 즐겨먹는 음식은 갈비찜, 취미는 서예, 좋아하는 문화는 9시 뉴스입니다.']",김고문 씨의 직업은 산불 감시원입니다.,김고문 씨의 직업: 산불 감시원.,1.0,0.9431489066326604,0.5833333333041666,1.0,3,P023-Q02-T-직업,T-직업,산불 감시원
김고문 씨의 최종 학력은 무엇인가요?,"['김고문 씨는 83세 남자이며, 경기 경기-김포시에 거주합니다. 최종 학력은 고등학교이고, 직업은 산불 감시원입니다.', '김고문 씨는 1976년에 결혼했습니다.', '김고문 씨의 주요 질환은 갑상선 저하증, 협심증, 고지혈증, 당뇨이고, 복용 약물은 레보티록신, 아스피린, 로수바스타틴, 글리메피리드입니다.', '김고문 씨가 즐겨먹는 음식은 갈비찜, 취미는 서예, 좋아하는 문화는 9시 뉴스입니다.', '김고문 씨는 김포의 자연을 지키는 산불 감시원이자, 신앙과 소소한 일상의 여유를 사랑하는 83세의 유연한 사고를 가진 어르신입니다.']",김고문 씨의 최종 학력은 고등학교입니다.,김고문 씨의 최종 학력: 고등학교.,1.0,0.904717298378365,0.9999999999,1.0,3,P023-Q03-T-학력,T-학력,고등학교
김고문 씨는 강원에 살고 있다. (참/거짓),"['김고문 씨는 1976년에 결혼했습니다.', '김고문 씨는 83세 남자이며, 경기 경기-김포시에 거주합니다. 최종 학력은 고등학교이고, 직업은 산불 감시원입니다.', '김고문 씨는 김포의 자연을 지키는 산불 감시원이자, 신앙과 소소한 일상의 여유를 사랑하는 83세의 유연한 사고를 가진 어르신입니다.', '김고문 씨의 자녀는 1명: 김준호(48세 남자).', '김고문 씨가 즐겨먹는 음식은 갈비찜, 취미는 서예, 좋아하는 문화는 9시 뉴스입니다.']",F. 경기-김포시에 거주합니다.,제공된 페르소나 정보 기준 김고문 씨의 거주지: 경기 김포시.,1.0,0.4765506268296224,0.5833333333041666,0.5,3,P023-Q04-F-반대,F-반대,F
김고문 씨의 현재 운영 중인 사업자명은 무엇인가요?,"['김고문 씨는 1976년에 결혼했습니다.', '김고문 씨는 김포의 자연을 지키는 산불 감시원이자, 신앙과 소소한 일상의 여유를 사랑하는 83세의 유연한 사고를 가진 어르신입니다.', '김고문 씨는 83세 남자이며, 경기 경기-김포시에 거주합니다. 최종 학력은 고등학교이고, 직업은 산불 감시원입니다.', '김고문 씨의 자녀는 1명: 김준호(48세 남자).', '김고문 씨의 주요 질환은 갑상선 저하증, 협심증, 고지혈증, 당뇨이고, 복용 약물은 레보티록신, 아스피린, 로수바스타틴, 글리메피리드입니다.']",정보 없음,제공된 페르소나 정보에는 김고문 씨에 대해 질문한 사실이 없습니다.,1.0,0.0,0.0,0.0,3,P023-Q05-F-비존재,F-비존재,정보 없음
김고문 씨는 1986년에 결혼했다. (참/거짓),"['김고문 씨는 1976년에 결혼했습니다.', '김고문 씨의 자녀는 1명: 김준호(48세 남자).', '김고문 씨는 83세 남자이며, 경기 경기-김포시에 거주합니다. 최종 학력은 고등학교이고, 직업은 산불 감시원입니다.', '김고문 씨는 김포의 자연을 지키는 산불 감시원이자, 신앙과 소소한 일상의 여유를 사랑하는 83세의 유연한 사고를 가진 어르신입니다.', '김고문 씨는 배우자와 친인척들이 함께 어우러져 사는 아파트에서 북적이는 온기를 느끼며, 가족들의 갈등이 생길 때면 특유의 유연한 성격으로 분위기를 부드럽게 만드는 중재자 역할을 합니다. 평소에는 온화하게 배려하지만, 집안의 중요한 결정 앞에서는 고집스럽게 자신의 의견을 밀어붙이는 면모도 가지고 있습니다.']",F. 김고문 씨는 1976년에 결혼했습니다.,제공된 페르소나 정보 기준 김고문 씨의 결혼 정보: 1976년에 결혼.,1.0,0.6429303906650065,0.9999999999,0.0,3,P023-Q06-F-시점오류,F-시점오류,F
김고문 씨의 직업은 산림 관리원이다. (참/거짓),"['김고문 씨는 83세 남자이며, 경기 경기-김포시에 거주합니다. 최종 학력은 고등학교이고, 직업은 산불 감시원입니다.', '김고문 씨는 김포의 자연을 지키는 산불 감시원이자, 신앙과 소소한 일상의 여유를 사랑하는 83세의 유연한 사고를 가진 어르신입니다.', '김고문 씨는 1976년에 결혼했습니다.', '김고문 씨가 즐겨먹는 음식은 갈비찜, 취미는 서예, 좋아하는 문화는 9시 뉴스입니다.', '김고문 씨의 자녀는 1명: 김준호(48세 남자).']",F. 김고문 씨의 직업은 산불 감시원입니다.,제공된 페르소나 정보 기준 김고문 씨의 직업: 산불 감시원.,1.0,0.6045923121325875,0.49999999995,1.0,3,P023-Q07-ADV-부분일치,ADV-부분일치,F
김고문 씨는 1975년에 결혼했다. (참/거짓),"['김고문 씨는 1976년에 결혼했습니다.', '김고문 씨의 자녀는 1명: 김준호(48세 남자).', '김고문 씨가 즐겨먹는 음식은 갈비찜, 취미는 서예, 좋아하는 문화는 9시 뉴스입니다.', '김고문 씨는 83세 남자이며, 경기 경기-김포시에 거주합니다. 최종 학력은 고등학교이고, 직업은 산불 감시원입니다.', '김고문 씨는 김포의 자연을 지키는 산불 감시원이자, 신앙과 소소한 일상의 여유를 사랑하는 83세의 유연한 사고를 가진 어르신입니다.']",F. 김고문 씨는 1976년에 결혼했습니다.,제공된 페르소나 정보 기준 김고문 씨의 결혼 정보: 1976년에 결혼.,1.0,0.6330910777019428,0.9999999999,0.0,3,P023-Q08-ADV-시점근접,ADV-시점근접,F
김고문 씨의 자녀 이름은 김철수이다. (참/거짓),"['김고문 씨의 자녀는 1명: 김준호(48세 남자).', '김고문 씨는 1976년에 결혼했습니다.', '김고문 씨의 주요 질환은 갑상선 저하증, 협심증, 고지혈증, 당뇨이고, 복용 약물은 레보티록신, 아스피린, 로수바스타틴, 글리메피리드입니다.', '김고문 씨는 83세 남자이며, 경기 경기-김포시에 거주합니다. 최종 학력은 고등학교이고, 직업은 산불 감시원입니다.', '김고문 씨는 배우자와 친인척들이 함께 어우러져 사는 아파트에서 북적이는 온기를 느끼며, 가족들의 갈등이 생길 때면 특유의 유연한 성격으로 분위기를 부드럽게 만드는 중재자 역할을 합니다. 평소에는 온화하게 배려하지만, 집안의 중요한 결정 앞에서는 고집스럽게 자신의 의견을 밀어붙이는 면모도 가지고 있습니다.']",F. 김고문 씨의 자녀는 김준호입니다.,제공된 페르소나 정보 기준 김고문 씨의 자녀 정보: 자녀 1명(김준호).,1.0,0.668829539418008,0.9999999999,0.0,3,P023-Q09-ADV-유사인물,ADV-유사인물,F
김상신 씨의 거주지는 어디인가요?,"['김상신 씨는 1969년에 결혼했습니다. 2017년 배우자와 사별했습니다.', '김상신 씨는 80세 남자이며, 경상남 경상남-합천군에 거주합니다. 최종 학력은 무학이고, 직업은 무직입니다.', '김상신 씨는 합천의 흙과 함께 살아온 투박한 손재주를 가진 어르신으로, 역사에 대한 호기심과 가족에 대한 깊은 사랑을 간직한 채 소박한 노후를 보내고 있습니다.', '김상신 씨의 주요 질환은 백내장, 관절염이고, 복용 약물은 아세트아미노펜, 셀레콕시브입니다.', '김상신 씨가 즐겨먹는 음식은 된장찌개, 취미는 노래 부르기, 좋아하는 문화는 이미자 노래입니다.']",김상신 씨는 경상남-합천군에 거주합니다.,김상신 씨의 거주지: 경상남 합천군.,1.0,0.9120305111354794,0.5833333333041666,1.0,3,P024-Q01-T-거주지,T-거주지,경상남 합천군
김상신 씨의 직업은 무엇인가요?,"['김상신 씨는 80세 남자이며, 경상남 경상남-합천군에 거주합니다. 최종 학력은 무학이고, 직업은 무직입니다.', '김상신 씨는 1969년에 결혼했습니다. 2017년 배우자와 사별했습니다.', '김상신 씨는 합천의 흙과 함께 살아온 투박한 손재주를 가진 어르신으로, 역사에 대한 호기심과 가족에 대한 깊은 사랑을 간직한 채 소박한 노후를 보내고 있습니다.', '김상신 씨가 즐겨먹는 음식은 된장찌개, 취미는 노래 부르기, 좋아하는 문화는 이미자 노래입니다.', '김상신 씨의 주요 질환은 백내장, 관절염이고, 복용 약물은 아세트아미노펜, 셀레콕시브입니다.']",김상신 씨의 직업은 무직입니다.,김상신 씨의 직업: 무직.,1.0,0.9505490199586468,0.9999999999,1.0,3,P024-Q02-T-직업,T-직업,무직
김상신 씨의 최종 학력은 무엇인가요?,"['김상신 씨는 80세 남자이며, 경상남 경상남-합천군에 거주합니다. 최종 학력은 무학이고, 직업은 무직입니다.', '김상신 씨는 1969년에 결혼했습니다. 2017년 배우자와 사별했습니다.', '김상신 씨의 주요 질환은 백내장, 관절염이고, 복용 약물은 아세트아미노펜, 셀레콕시브입니다.', '김상신 씨가 즐겨먹는 음식은 된장찌개, 취미는 노래 부르기, 좋아하는 문화는 이미자 노래입니다.', '김상신 씨의 자녀는 1명: 김지훈(53세 남자).']",김상신 씨의 최종 학력은 무학입니다.,김상신 씨의 최종 학력: 무학.,1.0,0.8954762163060552,0.9999999999,1.0,3,P024-Q03-T-학력,T-학력,무학
김상신 씨는 인천에 살고 있다. (참/거짓),"['김상신 씨는 80세 남자이며, 경상남 경상남-합천군에 거주합니다. 최종 학력은 무학이고, 직업은 무직입니다.', '김상신 씨는 1969년에 결혼했습니다. 2017년 배우자와 사별했습니다.', '김상신 씨는 합천의 흙과 함께 살아온 투박한 손재주를 가진 어르신으로, 역사에 대한 호기심과 가족에 대한 깊은 사랑을 간직한 채 소박한 노후를 보내고 있습니다.', '김상신 씨는 일주일에 한 번 읍내 중식당에서 윤기가 흐르는 짜장면과 짬뽕을 친구들과 나눠 먹으며 시시콜콜한 농담을 주고받습니다. 평소에는 고기 없는 소박한 나물 반찬과 된장찌개로 식사를 해결하고, 보름에 한 번 정도는 자식들이 설치해 준 앱으로 음식을 배달시켜 먹는 생경한 경험을 합니다.', '김상신 씨가 즐겨먹는 음식은 된장찌개, 취미는 노래 부르기, 좋아하는 문화는 이미자 노래입니다.']",F. 경상남-합천군에 거주합니다.,제공된 페르소나 정보 기준 김상신 씨의 거주지: 경상남 합천군.,1.0,0.4719155556736516,0.8333333332916666,0.0,3,P024-Q04-F-반대,F-반대,F
김상신 씨의 정기 후원하는 단체의 이름은 무엇인가요?,"['김상신 씨는 1969년에 결혼했습니다. 2017년 배우자와 사별했습니다.', '김상신 씨는 80세 남자이며, 경상남 경상남-합천군에 거주합니다. 최종 학력은 무학이고, 직업은 무직입니다.', '김상신 씨의 주요 질환은 백내장, 관절염이고, 복용 약물은 아세트아미노펜, 셀레콕시브입니다.', '김상신 씨가 즐겨먹는 음식은 된장찌개, 취미는 노래 부르기, 좋아하는 문화는 이미자 노래입니다.', '김상신 씨는 합천의 흙과 함께 살아온 투박한 손재주를 가진 어르신으로, 역사에 대한 호기심과 가족에 대한 깊은 사랑을 간직한 채 소박한 노후를 보내고 있습니다.']",정보 없음,제공된 페르소나 정보에는 김상신 씨에 대해 질문한 사실이 없습니다.,1.0,0.0,0.0,0.0,3,P024-Q05-F-비존재,F-비존재,정보 없음
김상신 씨는 1979년에 결혼했다. (참/거짓),"['김상신 씨는 1969년에 결혼했습니다. 2017년 배우자와 사별했습니다.', '김상신 씨는 80세 남자이며, 경상남 경상남-합천군에 거주합니다. 최종 학력은 무학이고, 직업은 무직입니다.', '김상신 씨의 자녀는 1명: 김지훈(53세 남자).', '김상신 씨는 합천의 흙과 함께 살아온 투박한 손재주를 가진 어르신으로, 역사에 대한 호기심과 가족에 대한 깊은 사랑을 간직한 채 소박한 노후를 보내고 있습니다.', '김상신 씨가 즐겨먹는 음식은 된장찌개, 취미는 노래 부르기, 좋아하는 문화는 이미자 노래입니다.']",F. 김상신 씨는 1969년에 결혼했습니다.,제공된 페르소나 정보 기준 김상신 씨의 결혼 정보: 1969년에 결혼.,1.0,0.620675332490406,0.9999999999,0.5,3,P024-Q06-F-시점오류,F-시점오류,F
김상신 씨는 경상남 합천구에 산다. (참/거짓),"['김상신 씨는 80세 남자이며, 경상남 경상남-합천군에 거주합니다. 최종 학력은 무학이고, 직업은 무직입니다.', '김상신 씨는 합천의 흙과 함께 살아온 투박한 손재주를 가진 어르신으로, 역사에 대한 호기심과 가족에 대한 깊은 사랑을 간직한 채 소박한 노후를 보내고 있습니다.', '김상신 씨는 1969년에 결혼했습니다. 2017년 배우자와 사별했습니다.', '김상신 씨의 자녀는 1명: 김지훈(53세 남자).', '김상신 씨가 즐겨먹는 음식은 된장찌개, 취미는 노래 부르기, 좋아하는 문화는 이미자 노래입니다.']",F. 경상남-합천군에 거주합니다.,제공된 페르소나 정보 기준 김상신 씨의 거주지: 경상남 합천군.,0.5,0.4202671565113108,0.99999999995,0.5,3,P024-Q07-ADV-부분일치,ADV-부분일치,F
김상신 씨는 1970년에 결혼했다. (참/거짓),"['김상신 씨는 1969년에 결혼했습니다. 2017년 배우자와 사별했습니다.', '김상신 씨는 80세 남자이며, 경상남 경상남-합천군에 거주합니다. 최종 학력은 무학이고, 직업은 무직입니다.', '김상신 씨의 자녀는 1명: 김지훈(53세 남자).', '김상신 씨는 합천의 흙과 함께 살아온 투박한 손재주를 가진 어르신으로, 역사에 대한 호기심과 가족에 대한 깊은 사랑을 간직한 채 소박한 노후를 보내고 있습니다.', '김상신 씨가 즐겨먹는 음식은 된장찌개, 취미는 노래 부르기, 좋아하는 문화는 이미자 노래입니다.']",F. 김상신 씨는 1969년에 결혼했습니다.,제공된 페르소나 정보 기준 김상신 씨의 결혼 정보: 1969년에 결혼.,1.0,0.6087750950009134,0.9999999999,0.5,3,P024-Q08-ADV-시점근접,ADV-시점근접,F
김상신 씨의 자녀 이름은 김상현이다. (참/거짓),"['김상신 씨의 자녀는 1명: 김지훈(53세 남자).', '김상신 씨는 1969년에 결혼했습니다. 2017년 배우자와 사별했습니다.', '김상신 씨는 80세 남자이며, 경상남 경상남-합천군에 거주합니다. 최종 학력은 무학이고, 직업은 무직입니다.', '김상신 씨의 주요 질환은 백내장, 관절염이고, 복용 약물은 아세트아미노펜, 셀레콕시브입니다.', '김상신 씨는 합천의 흙과 함께 살아온 투박한 손재주를 가진 어르신으로, 역사에 대한 호기심과 가족에 대한 깊은 사랑을 간직한 채 소박한 노후를 보내고 있습니다.']",F. 김상신 씨의 자녀는 김지훈입니다.,제공된 페르소나 정보 기준 김상신 씨의 자녀 정보: 자녀 1명(김지훈).,1.0,0.6947148508178419,0.9999999999,0.0,3,P024-Q09-ADV-유사인물,ADV-유사인물,F
조동우 씨의 거주지는 어디인가요?,"['조동우 씨는 1979년에 결혼했습니다.', '조동우 씨는 80세 남자이며, 서울 서울-성동구에 거주합니다. 최종 학력은 2~3년제 전문대학이고, 직업은 무직입니다.', '조동우 씨는 성동구의 변화를 지켜보며 성실하게 살아온, 손재주 좋고 다정한 성격의 80세 할아버지입니다.', '조동우 씨가 즐겨먹는 음식은 설렁탕, 취미는 산책, 좋아하는 문화는 트로트입니다.', '조동우 씨는 두세 달에 한 번 큰맘 먹고 아내와 함께 성수동의 정갈한 초밥집을 찾아가 신선한 생선회 한 점의 맛을 즐깁니다. 가끔은 가족들과 함께 두툼한 돼지갈비를 굽는 한식당에서 왁자지껄하게 식사하며 입맛을 돋웁니다.']",서울 성동구에 거주합니다.,조동우 씨의 거주지: 서울 성동구.,1.0,0.5668504618388908,0.49999999995,1.0,3,P025-Q01-T-거주지,T-거주지,서울 성동구
조동우 씨의 직업은 무엇인가요?,"['조동우 씨는 1979년에 결혼했습니다.', '조동우 씨는 80세 남자이며, 서울 서울-성동구에 거주합니다. 최종 학력은 2~3년제 전문대학이고, 직업은 무직입니다.', '조동우 씨는 성동구의 변화를 지켜보며 성실하게 살아온, 손재주 좋고 다정한 성격의 80세 할아버지입니다.', '조동우 씨가 즐겨먹는 음식은 설렁탕, 취미는 산책, 좋아하는 문화는 트로트입니다.', '조동우 씨는 손주들이 고민을 털어놓을 때 가르치려 들기보다 묵묵히 들어주는 다정한 할아버지입니다. 아내와는 가끔 사소한 일로 투닥거리지만, 결국은 아내가 좋아하는 간식을 슬쩍 챙겨오는 세심함으로 갈등을 매듭짓습니다.']",조동우 씨의 직업은 무직입니다.,조동우 씨의 직업: 무직.,1.0,0.956755079765924,0.49999999995,1.0,3,P025-Q02-T-직업,T-직업,무직
조동우 씨의 최종 학력은 무엇인가요?,"['조동우 씨는 80세 남자이며, 서울 서울-성동구에 거주합니다. 최종 학력은 2~3년제 전문대학이고, 직업은 무직입니다.', '조동우 씨는 1979년에 결혼했습니다.', '조동우 씨가 즐겨먹는 음식은 설렁탕, 취미는 산책, 좋아하는 문화는 트로트입니다.', '조동우 씨의 자녀는 1명: 조광호(42세 남자).', '조동우 씨의 주요 질환은 당뇨, 백내장, 고지혈증이고, 복용 약물은 메트포르민, 글리메피리드, 아토르바스타틴, 로수바스타틴입니다.']",조동우 씨의 최종 학력은 2~3년제 전문대학입니다.,조동우 씨의 최종 학력: 2~3년제 전문대학.,1.0,0.9075096756227988,0.9999999999,1.0,3,P025-Q03-T-학력,T-학력,2~3년제 전문대학
조동우 씨는 경상북에 살고 있다. (참/거짓),"['조동우 씨는 1979년에 결혼했습니다.', '조동우 씨는 80세 남자이며, 서울 서울-성동구에 거주합니다. 최종 학력은 2~3년제 전문대학이고, 직업은 무직입니다.', '조동우 씨는 성동구의 변화를 지켜보며 성실하게 살아온, 손재주 좋고 다정한 성격의 80세 할아버지입니다.', '조동우 씨가 즐겨먹는 음식은 설렁탕, 취미는 산책, 좋아하는 문화는 트로트입니다.', '조동우 씨는 두세 달에 한 번 큰맘 먹고 아내와 함께 성수동의 정갈한 초밥집을 찾아가 신선한 생선회 한 점의 맛을 즐깁니다. 가끔은 가족들과 함께 두툼한 돼지갈비를 굽는 한식당에서 왁자지껄하게 식사하며 입맛을 돋웁니다.']",F. 조동우 씨는 서울 성동구에 거주합니다.,제공된 페르소나 정보 기준 조동우 씨의 거주지: 서울 성동구.,1.0,0.5864307924868974,0.49999999995,0.5,3,P025-Q04-F-반대,F-반대,F
조동우 씨의 현재 운영 중인 사업자명은 무엇인가요?,"['조동우 씨는 1979년에 결혼했습니다.', '조동우 씨는 80세 남자이며, 서울 서울-성동구에 거주합니다. 최종 학력은 2~3년제 전문대학이고, 직업은 무직입니다.', '조동우 씨가 즐겨먹는 음식은 설렁탕, 취미는 산책, 좋아하는 문화는 트로트입니다.', '조동우 씨의 자녀는 1명: 조광호(42세 남자).', '조동우 씨는 성동구의 변화를 지켜보며 성실하게 살아온, 손재주 좋고 다정한 성격의 80세 할아버지입니다.']",정보 없음,제공된 페르소나 정보에는 조동우 씨에 대해 질문한 사실이 없습니다.,1.0,0.0,0.0,0.0,3,P025-Q05-F-비존재,F-비존재,정보 없음
조동우 씨는 1994년에 결혼했다. (참/거짓),"['조동우 씨는 1979년에 결혼했습니다.', '조동우 씨의 자녀는 1명: 조광호(42세 남자).', '조동우 씨는 80세 남자이며, 서울 서울-성동구에 거주합니다. 최종 학력은 2~3년제 전문대학이고, 직업은 무직입니다.', '조동우 씨는 손주들이 고민을 털어놓을 때 가르치려 들기보다 묵묵히 들어주는 다정한 할아버지입니다. 아내와는 가끔 사소한 일로 투닥거리지만, 결국은 아내가 좋아하는 간식을 슬쩍 챙겨오는 세심함으로 갈등을 매듭짓습니다.', '조동우 씨는 성동구의 변화를 지켜보며 성실하게 살아온, 손재주 좋고 다정한 성격의 80세 할아버지입니다.']",F. 조동우 씨는 1979년에 결혼했습니다.,제공된 페르소나 정보 기준 조동우 씨의 결혼 정보: 1979년에 결혼.,1.0,0.6062333942921386,0.9999999999,0.5,3,P025-Q06-F-시점오류,F-시점오류,F
조동우 씨는 서울 성동시에 산다. (참/거짓),"['조동우 씨는 80세 남자이며, 서울 서울-성동구에 거주합니다. 최종 학력은 2~3년제 전문대학이고, 직업은 무직입니다.', '조동우 씨는 성동구의 변화를 지켜보며 성실하게 살아온, 손재주 좋고 다정한 성격의 80세 할아버지입니다.', '조동우 씨는 1979년에 결혼했습니다.', '조동우 씨는 두세 달에 한 번 큰맘 먹고 아내와 함께 성수동의 정갈한 초밥집을 찾아가 신선한 생선회 한 점의 맛을 즐깁니다. 가끔은 가족들과 함께 두툼한 돼지갈비를 굽는 한식당에서 왁자지껄하게 식사하며 입맛을 돋웁니다.', '조동우 씨의 자녀는 1명: 조광호(42세 남자).']",F. 조동우 씨는 서울 성동구에 거주합니다.,제공된 페르소나 정보 기준 조동우 씨의 거주지: 서울 성동구.,1.0,0.5485292788446365,0.99999999995,0.5,3,P025-Q07-ADV-부분일치,ADV-부분일치,F
조동우 씨는 1978년에 결혼했다. (참/거짓),"['조동우 씨는 1979년에 결혼했습니다.', '조동우 씨는 80세 남자이며, 서울 서울-성동구에 거주합니다. 최종 학력은 2~3년제 전문대학이고, 직업은 무직입니다.', '조동우 씨의 자녀는 1명: 조광호(42세 남자).', '조동우 씨는 성동구의 변화를 지켜보며 성실하게 살아온, 손재주 좋고 다정한 성격의 80세 할아버지입니다.', '조동우 씨는 손주들이 고민을 털어놓을 때 가르치려 들기보다 묵묵히 들어주는 다정한 할아버지입니다. 아내와는 가끔 사소한 일로 투닥거리지만, 결국은 아내가 좋아하는 간식을 슬쩍 챙겨오는 세심함으로 갈등을 매듭짓습니다.']",F. 조동우 씨는 1979년에 결혼했습니다.,제공된 페르소나 정보 기준 조동우 씨의 결혼 정보: 1979년에 결혼.,1.0,0.5976363303110731,0.9999999999,0.0,3,P025-Q08-ADV-시점근접,ADV-시점근접,F
조동우 씨의 자녀 이름은 조철수이다. (참/거짓),"['조동우 씨의 자녀는 1명: 조광호(42세 남자).', '조동우 씨는 1979년에 결혼했습니다.', '조동우 씨는 손주들이 고민을 털어놓을 때 가르치려 들기보다 묵묵히 들어주는 다정한 할아버지입니다. 아내와는 가끔 사소한 일로 투닥거리지만, 결국은 아내가 좋아하는 간식을 슬쩍 챙겨오는 세심함으로 갈등을 매듭짓습니다.', '조동우 씨는 80세 남자이며, 서울 서울-성동구에 거주합니다. 최종 학력은 2~3년제 전문대학이고, 직업은 무직입니다.', '조동우 씨는 성동구의 변화를 지켜보며 성실하게 살아온, 손재주 좋고 다정한 성격의 80세 할아버지입니다.']",F. 조동우 씨의 자녀는 조광호입니다.,제공된 페르소나 정보 기준 조동우 씨의 자녀 정보: 자녀 1명(조광호).,1.0,0.6930117806369439,0.9999999999,0.0,3,P025-Q09-ADV-유사인물,ADV-유사인물,F
이경희 씨의 거주지는 어디인가요?,"['이경희 씨는 1973년에 결혼했습니다. 2007년 배우자와 사별했습니다.', '이경희 씨는 83세 여자이며, 대구 대구-남구에 거주합니다. 최종 학력은 초등학교이고, 직업은 무직입니다.', '이경희 씨는 대구 남구의 정겨운 골목에서 가족과 이웃을 보듬으며, 당뇨 관리와 소소한 산책으로 건강한 노후를 보내려는 83세 할머니입니다.', '이경희 씨는 짜지 않게 담근 깻잎김치와 알싸한 파김치로 가족들의 입맛을 사로잡는 손맛의 소유자입니다. 2주에 한 번 외식을 할 때는 고깃집 대신 깔끔한 일식집에서 정갈한 초밥이나 우동을 즐기며 입맛을 바꿉니다.', '이경희 씨가 즐겨먹는 음식은 설렁탕, 취미는 산책, 좋아하는 문화는 옛날 영화입니다.']",대구 대구-남구에 거주합니다.,이경희 씨의 거주지: 대구 남구.,1.0,0.5583139840143505,0.5833333333041666,1.0,3,P026-Q01-T-거주지,T-거주지,대구 남구
이경희 씨의 직업은 무엇인가요?,"['이경희 씨는 1973년에 결혼했습니다. 2007년 배우자와 사별했습니다.', '이경희 씨는 83세 여자이며, 대구 대구-남구에 거주합니다. 최종 학력은 초등학교이고, 직업은 무직입니다.', '이경희 씨가 즐겨먹는 음식은 설렁탕, 취미는 산책, 좋아하는 문화는 옛날 영화입니다.', '이경희 씨는 짜지 않게 담근 깻잎김치와 알싸한 파김치로 가족들의 입맛을 사로잡는 손맛의 소유자입니다. 2주에 한 번 외식을 할 때는 고깃집 대신 깔끔한 일식집에서 정갈한 초밥이나 우동을 즐기며 입맛을 바꿉니다.', '이경희 씨는 대구 남구의 정겨운 골목에서 가족과 이웃을 보듬으며, 당뇨 관리와 소소한 산책으로 건강한 노후를 보내려는 83세 할머니입니다.']",이경희 씨의 직업은 무직입니다.,이경희 씨의 직업: 무직.,1.0,0.9738220829369384,0.49999999995,1.0,3,P026-Q02-T-직업,T-직업,무직
이경희 씨의 최종 학력은 무엇인가요?,"['이경희 씨는 83세 여자이며, 대구 대구-남구에 거주합니다. 최종 학력은 초등학교이고, 직업은 무직입니다.', '이경희 씨는 1973년에 결혼했습니다. 2007년 배우자와 사별했습니다.', '이경희 씨가 즐겨먹는 음식은 설렁탕, 취미는 산책, 좋아하는 문화는 옛날 영화입니다.', '이경희 씨의 자녀는 1명: 이민수(51세 남자).', '이경희 씨의 주요 질환은 전립선비대, 관절염이고, 복용 약물은 탐스로신, 아세트아미노펜, 셀레콕시브입니다.']",이경희 씨의 최종 학력은 초등학교입니다.,이경희 씨의 최종 학력: 초등학교.,1.0,0.9214659171583184,0.9999999999,1.0,3,P026-Q03-T-학력,T-학력,초등학교
이경희 씨는 충청북에 살고 있다. (참/거짓),"['이경희 씨는 83세 여자이며, 대구 대구-남구에 거주합니다. 최종 학력은 초등학교이고, 직업은 무직입니다.', '이경희 씨는 1973년에 결혼했습니다. 2007년 배우자와 사별했습니다.', '이경희 씨는 대구 남구의 정겨운 골목에서 가족과 이웃을 보듬으며, 당뇨 관리와 소소한 산책으로 건강한 노후를 보내려는 83세 할머니입니다.', '이경희 씨가 즐겨먹는 음식은 설렁탕, 취미는 산책, 좋아하는 문화는 옛날 영화입니다.', '이경희 씨는 짜지 않게 담근 깻잎김치와 알싸한 파김치로 가족들의 입맛을 사로잡는 손맛의 소유자입니다. 2주에 한 번 외식을 할 때는 고깃집 대신 깔끔한 일식집에서 정갈한 초밥이나 우동을 즐기며 입맛을 바꿉니다.']",F. 이경희 씨는 대구 대구-남구에 거주합니다.,제공된 페르소나 정보 기준 이경희 씨의 거주지: 대구 남구.,1.0,0.6382447775757826,0.8333333332916666,0.5,3,P026-Q04-F-반대,F-반대,F
이경희 씨의 현재 운영 중인 사업자명은 무엇인가요?,"['이경희 씨는 1973년에 결혼했습니다. 2007년 배우자와 사별했습니다.', '이경희 씨는 83세 여자이며, 대구 대구-남구에 거주합니다. 최종 학력은 초등학교이고, 직업은 무직입니다.', '이경희 씨는 대구 남구의 정겨운 골목에서 가족과 이웃을 보듬으며, 당뇨 관리와 소소한 산책으로 건강한 노후를 보내려는 83세 할머니입니다.', '이경희 씨는 짜지 않게 담근 깻잎김치와 알싸한 파김치로 가족들의 입맛을 사로잡는 손맛의 소유자입니다. 2주에 한 번 외식을 할 때는 고깃집 대신 깔끔한 일식집에서 정갈한 초밥이나 우동을 즐기며 입맛을 바꿉니다.', '이경희 씨의 자녀는 1명: 이민수(51세 남자).']",정보 없음,제공된 페르소나 정보에는 이경희 씨에 대해 질문한 사실이 없습니다.,1.0,0.0,0.0,0.0,3,P026-Q05-F-비존재,F-비존재,정보 없음
이경희 씨는 1983년에 결혼했다. (참/거짓),"['이경희 씨는 1973년에 결혼했습니다. 2007년 배우자와 사별했습니다.', '이경희 씨는 83세 여자이며, 대구 대구-남구에 거주합니다. 최종 학력은 초등학교이고, 직업은 무직입니다.', '이경희 씨의 자녀는 1명: 이민수(51세 남자).', '이경희 씨는 대구 남구의 정겨운 골목에서 가족과 이웃을 보듬으며, 당뇨 관리와 소소한 산책으로 건강한 노후를 보내려는 83세 할머니입니다.', '이경희 씨가 즐겨먹는 음식은 설렁탕, 취미는 산책, 좋아하는 문화는 옛날 영화입니다.']",F. 이경희 씨는 1973년에 결혼했습니다.,제공된 페르소나 정보 기준 이경희 씨의 결혼 정보: 1973년에 결혼.,1.0,0.5683335222059213,0.9999999999,0.5,3,P026-Q06-F-시점오류,F-시점오류,F
이경희 씨는 대구 남시에 산다. (참/거짓),"['이경희 씨는 83세 여자이며, 대구 대구-남구에 거주합니다. 최종 학력은 초등학교이고, 직업은 무직입니다.', '이경희 씨는 대구 남구의 정겨운 골목에서 가족과 이웃을 보듬으며, 당뇨 관리와 소소한 산책으로 건강한 노후를 보내려는 83세 할머니입니다.', '이경희 씨는 짜지 않게 담근 깻잎김치와 알싸한 파김치로 가족들의 입맛을 사로잡는 손맛의 소유자입니다. 2주에 한 번 외식을 할 때는 고깃집 대신 깔끔한 일식집에서 정갈한 초밥이나 우동을 즐기며 입맛을 바꿉니다.', '이경희 씨는 1973년에 결혼했습니다. 2007년 배우자와 사별했습니다.', '대구 남구의 오래된 골목에서 나고 자라며 전후 복구 시기의 고단함을 몸소 겪었습니다. 초등학교 졸업 후 바로 살림을 시작해, 이웃 간의 정과 도리를 중시하는 동네 분위기 속에서 사람 대하는 법을 배웠습니다.']",F. 이경희 씨는 대구 남구에 거주합니다.,제공된 페르소나 정보 기준 이경희 씨의 거주지: 대구 남구.,1.0,0.5522450997580777,0.8666666666377778,1.0,3,P026-Q07-ADV-부분일치,ADV-부분일치,F
이경희 씨는 1972년에 결혼했다. (참/거짓),"['이경희 씨는 1973년에 결혼했습니다. 2007년 배우자와 사별했습니다.', '이경희 씨는 83세 여자이며, 대구 대구-남구에 거주합니다. 최종 학력은 초등학교이고, 직업은 무직입니다.', '이경희 씨가 즐겨먹는 음식은 설렁탕, 취미는 산책, 좋아하는 문화는 옛날 영화입니다.', '이경희 씨의 자녀는 1명: 이민수(51세 남자).', '이경희 씨는 사별 후 친인척들과 함께 살며 집안 곳곳의 먼지를 털어내고 정리하는 것으로 자신의 존재 가치를 확인합니다. 막내 손주의 결혼식 날 가장 고운 한복을 입고 건강하게 서 있겠다는 일념 하나로 매일 아침 몸 상태를 꼼꼼히 살핍니다.']",F. 이경희 씨는 1973년에 결혼했습니다.,제공된 페르소나 정보 기준 이경희 씨의 결혼 정보: 1973년에 결혼.,1.0,0.5432546491419777,0.9999999999,1.0,3,P026-Q08-ADV-시점근접,ADV-시점근접,F
이경희 씨의 자녀 이름은 이지훈이다. (참/거짓),"['이경희 씨의 자녀는 1명: 이민수(51세 남자).', '이경희 씨는 1973년에 결혼했습니다. 2007년 배우자와 사별했습니다.', '이경희 씨는 83세 여자이며, 대구 대구-남구에 거주합니다. 최종 학력은 초등학교이고, 직업은 무직입니다.', '이경희 씨는 짜지 않게 담근 깻잎김치와 알싸한 파김치로 가족들의 입맛을 사로잡는 손맛의 소유자입니다. 2주에 한 번 외식을 할 때는 고깃집 대신 깔끔한 일식집에서 정갈한 초밥이나 우동을 즐기며 입맛을 바꿉니다.', '이경희 씨가 즐겨먹는 음식은 설렁탕, 취미는 산책, 좋아하는 문화는 옛날 영화입니다.']",F. 자녀의 이름은 이민수입니다.,제공된 페르소나 정보 기준 이경희 씨의 자녀 정보: 자녀 1명(이민수).,1.0,0.5200201459922456,0.9999999999,0.0,3,P026-Q09-ADV-유사인물,ADV-유사인물,F
김송자 씨의 거주지는 어디인가요?,"['김송자 씨는 1968년에 결혼했습니다. 2014년 배우자와 사별했습니다.', '김송자 씨는 88세 여자이며, 경기 경기-하남시에 거주합니다. 최종 학력은 초등학교이고, 직업은 무직입니다.', '김송자 씨는 하남의 변화를 몸소 겪으며 살아온 강인한 생존력과 꼼꼼한 살림 솜씨를 가진 88세 어른으로, 규칙적인 일상과 활발한 사회활동을 통해 자신의 품위를 유지하며 살아갑니다.', '김송자 씨가 즐겨먹는 음식은 비빔밥, 취미는 장기, 좋아하는 문화는 이미자 노래입니다.', '김송자 씨의 자녀는 1명: 김민수(54세 남자).']",경기 하남시에 거주합니다.,김송자 씨의 거주지: 경기 하남시.,1.0,0.5309132380296745,0.5833333333041666,1.0,3,P027-Q01-T-거주지,T-거주지,경기 하남시
김송자 씨의 직업은 무엇인가요?,"['김송자 씨는 88세 여자이며, 경기 경기-하남시에 거주합니다. 최종 학력은 초등학교이고, 직업은 무직입니다.', '김송자 씨는 1968년에 결혼했습니다. 2014년 배우자와 사별했습니다.', '김송자 씨는 하남의 변화를 몸소 겪으며 살아온 강인한 생존력과 꼼꼼한 살림 솜씨를 가진 88세 어른으로, 규칙적인 일상과 활발한 사회활동을 통해 자신의 품위를 유지하며 살아갑니다.', '김송자 씨가 즐겨먹는 음식은 비빔밥, 취미는 장기, 좋아하는 문화는 이미자 노래입니다.', '김송자 씨의 자녀는 1명: 김민수(54세 남자).']",김송자 씨의 직업은 무직입니다.,김송자 씨의 직업: 무직.,1.0,0.9698940665079444,0.9999999999,1.0,3,P027-Q02-T-직업,T-직업,무직
김송자 씨의 최종 학력은 무엇인가요?,"['김송자 씨는 88세 여자이며, 경기 경기-하남시에 거주합니다. 최종 학력은 초등학교이고, 직업은 무직입니다.', '김송자 씨는 1968년에 결혼했습니다. 2014년 배우자와 사별했습니다.', '김송자 씨는 하남의 변화를 몸소 겪으며 살아온 강인한 생존력과 꼼꼼한 살림 솜씨를 가진 88세 어른으로, 규칙적인 일상과 활발한 사회활동을 통해 자신의 품위를 유지하며 살아갑니다.', '김송자 씨가 즐겨먹는 음식은 비빔밥, 취미는 장기, 좋아하는 문화는 이미자 노래입니다.', '김송자 씨의 자녀는 1명: 김민수(54세 남자).']",김송자 씨의 최종 학력은 초등학교입니다.,김송자 씨의 최종 학력: 초등학교.,1.0,0.9164309697068383,0.9999999999,1.0,3,P027-Q03-T-학력,T-학력,초등학교
김송자 씨는 전북에 살고 있다. (참/거짓),"['김송자 씨는 88세 여자이며, 경기 경기-하남시에 거주합니다. 최종 학력은 초등학교이고, 직업은 무직입니다.', '김송자 씨는 하남의 변화를 몸소 겪으며 살아온 강인한 생존력과 꼼꼼한 살림 솜씨를 가진 88세 어른으로, 규칙적인 일상과 활발한 사회활동을 통해 자신의 품위를 유지하며 살아갑니다.', '김송자 씨는 1968년에 결혼했습니다. 2014년 배우자와 사별했습니다.', '김송자 씨가 즐겨먹는 음식은 비빔밥, 취미는 장기, 좋아하는 문화는 이미자 노래입니다.', '김송자 씨는 사별 후 친인척들과 함께 아파트에서 살며 집안의 가장 어른으로서 무게중심을 잡고, 가끔은 고집스러운 성격 탓에 조카들과 사소한 의견 충돌을 빚기도 하지만 결국 정성스럽게 무친 나물 반찬으로 화해의 손길을 건넵니다.']",F. 경기 하남시에 거주합니다.,제공된 페르소나 정보 기준 김송자 씨의 거주지: 경기 하남시.,1.0,0.4592052116022994,0.9999999999,0.5,3,P027-Q04-F-반대,F-반대,F
김송자 씨의 반려동물의 이름은 무엇인가요?,"['김송자 씨는 1968년에 결혼했습니다. 2014년 배우자와 사별했습니다.', '김송자 씨는 하남의 변화를 몸소 겪으며 살아온 강인한 생존력과 꼼꼼한 살림 솜씨를 가진 88세 어른으로, 규칙적인 일상과 활발한 사회활동을 통해 자신의 품위를 유지하며 살아갑니다.', '김송자 씨의 자녀는 1명: 김민수(54세 남자).', '김송자 씨가 즐겨먹는 음식은 비빔밥, 취미는 장기, 좋아하는 문화는 이미자 노래입니다.', '김송자 씨는 사별 후 친인척들과 함께 아파트에서 살며 집안의 가장 어른으로서 무게중심을 잡고, 가끔은 고집스러운 성격 탓에 조카들과 사소한 의견 충돌을 빚기도 하지만 결국 정성스럽게 무친 나물 반찬으로 화해의 손길을 건넵니다.']",정보 없음,제공된 페르소나 정보에는 김송자 씨에 대해 질문한 사실이 없습니다.,1.0,0.0,0.0,0.0,3,P027-Q05-F-비존재,F-비존재,정보 없음
김송자 씨는 1978년에 결혼했다. (참/거짓),"['김송자 씨는 1968년에 결혼했습니다. 2014년 배우자와 사별했습니다.', '김송자 씨의 자녀는 1명: 김민수(54세 남자).', '김송자 씨는 88세 여자이며, 경기 경기-하남시에 거주합니다. 최종 학력은 초등학교이고, 직업은 무직입니다.', '김송자 씨는 하남의 변화를 몸소 겪으며 살아온 강인한 생존력과 꼼꼼한 살림 솜씨를 가진 88세 어른으로, 규칙적인 일상과 활발한 사회활동을 통해 자신의 품위를 유지하며 살아갑니다.', '김송자 씨는 사별 후 친인척들과 함께 아파트에서 살며 집안의 가장 어른으로서 무게중심을 잡고, 가끔은 고집스러운 성격 탓에 조카들과 사소한 의견 충돌을 빚기도 하지만 결국 정성스럽게 무친 나물 반찬으로 화해의 손길을 건넵니다.']",F. 김송자 씨는 1968년에 결혼했습니다.,제공된 페르소나 정보 기준 김송자 씨의 결혼 정보: 1968년에 결혼.,1.0,0.6360819215352952,0.9999999999,0.0,3,P027-Q06-F-시점오류,F-시점오류,F
김송자 씨는 경기 하남구에 산다. (참/거짓),"['김송자 씨는 88세 여자이며, 경기 경기-하남시에 거주합니다. 최종 학력은 초등학교이고, 직업은 무직입니다.', '김송자 씨는 하남의 변화를 몸소 겪으며 살아온 강인한 생존력과 꼼꼼한 살림 솜씨를 가진 88세 어른으로, 규칙적인 일상과 활발한 사회활동을 통해 자신의 품위를 유지하며 살아갑니다.', '김송자 씨는 1968년에 결혼했습니다. 2014년 배우자와 사별했습니다.', '김송자 씨의 자녀는 1명: 김민수(54세 남자).', '김송자 씨는 사별 후 친인척들과 함께 아파트에서 살며 집안의 가장 어른으로서 무게중심을 잡고, 가끔은 고집스러운 성격 탓에 조카들과 사소한 의견 충돌을 빚기도 하지만 결국 정성스럽게 무친 나물 반찬으로 화해의 손길을 건넵니다.']",F. 경기 하남시 거주입니다.,제공된 페르소나 정보 기준 김송자 씨의 거주지: 경기 하남시.,1.0,0.4061676652177088,0.9999999999,0.0,3,P027-Q07-ADV-부분일치,ADV-부분일치,F
김송자 씨는 1969년에 결혼했다. (참/거짓),"['김송자 씨는 1968년에 결혼했습니다. 2014년 배우자와 사별했습니다.', '김송자 씨의 자녀는 1명: 김민수(54세 남자).', '김송자 씨는 88세 여자이며, 경기 경기-하남시에 거주합니다. 최종 학력은 초등학교이고, 직업은 무직입니다.', '김송자 씨는 하남의 변화를 몸소 겪으며 살아온 강인한 생존력과 꼼꼼한 살림 솜씨를 가진 88세 어른으로, 규칙적인 일상과 활발한 사회활동을 통해 자신의 품위를 유지하며 살아갑니다.', '김송자 씨는 사별 후 친인척들과 함께 아파트에서 살며 집안의 가장 어른으로서 무게중심을 잡고, 가끔은 고집스러운 성격 탓에 조카들과 사소한 의견 충돌을 빚기도 하지만 결국 정성스럽게 무친 나물 반찬으로 화해의 손길을 건넵니다.']",F. 김송자 씨는 1968년에 결혼했습니다.,제공된 페르소나 정보 기준 김송자 씨의 결혼 정보: 1968년에 결혼.,1.0,0.6504443098061434,0.9999999999,0.0,3,P027-Q08-ADV-시점근접,ADV-시점근접,F
김송자 씨의 자녀 이름은 김지훈이다. (참/거짓),"['김송자 씨의 자녀는 1명: 김민수(54세 남자).', '김송자 씨는 1968년에 결혼했습니다. 2014년 배우자와 사별했습니다.', '김송자 씨는 88세 여자이며, 경기 경기-하남시에 거주합니다. 최종 학력은 초등학교이고, 직업은 무직입니다.', '김송자 씨는 하남의 변화를 몸소 겪으며 살아온 강인한 생존력과 꼼꼼한 살림 솜씨를 가진 88세 어른으로, 규칙적인 일상과 활발한 사회활동을 통해 자신의 품위를 유지하며 살아갑니다.', '김송자 씨의 주요 질환은 당뇨, 고혈압, 전립선비대이고, 복용 약물은 탐스로신, 메트포르민, 암로디핀, 로사르탄입니다.']",F. 김송자 씨의 자녀는 김민수입니다.,제공된 페르소나 정보 기준 김송자 씨의 자녀 정보: 자녀 1명(김민수).,1.0,0.7105575360755895,0.9999999999,0.0,3,P027-Q09-ADV-유사인물,ADV-유사인물,F
김경태 씨의 거주지는 어디인가요?,"['김경태 씨는 대전 서구에서 홀로 거주하며 텃밭 가꾸기와 TV 시청, 이웃과의 수다로 평온한 노년을 보내는 83세 할머니입니다.', '김경태 씨는 83세 여자이며, 대전 대전-서구에 거주합니다. 최종 학력은 초등학교이고, 직업은 무직입니다.', '김경태 씨는 1976년에 결혼했습니다. 2023년 배우자와 사별했습니다.', '김경태 님은 배움에 대한 갈증이 있었으나 시대적 상황으로 초등학교 졸업 후 빠르게 가사와 육아에 뛰어들어야 했던 세대의 삶을 살아왔습니다. 대전 서구의 아파트에서 오랫동안 거주하며 이웃들과 촘촘한 관계를 맺어왔고, 익숙한 동네 골목과 단골 가게들이 주는 안정감 속에서 심리적 평온을 찾습니다.', '김경태 씨가 즐겨먹는 음식은 설렁탕, 취미는 독서, 좋아하는 문화는 이미자 노래입니다.']",대전 서구에 거주합니다.,김경태 씨의 거주지: 대전 서구.,1.0,0.5329536238832833,0.9166666666361112,1.0,3,P028-Q01-T-거주지,T-거주지,대전 서구
김경태 씨의 직업은 무엇인가요?,"['김경태 씨는 83세 여자이며, 대전 대전-서구에 거주합니다. 최종 학력은 초등학교이고, 직업은 무직입니다.', '김경태 씨는 1976년에 결혼했습니다. 2023년 배우자와 사별했습니다.', '김경태 씨는 대전 서구에서 홀로 거주하며 텃밭 가꾸기와 TV 시청, 이웃과의 수다로 평온한 노년을 보내는 83세 할머니입니다.', '김경태 씨가 즐겨먹는 음식은 설렁탕, 취미는 독서, 좋아하는 문화는 이미자 노래입니다.', '김경태 씨의 자녀는 1명: 김광호(46세 남자).']",김경태 씨의 직업은 무직입니다.,김경태 씨의 직업: 무직.,1.0,0.9662561417602477,0.9999999999,1.0,3,P028-Q02-T-직업,T-직업,무직
김경태 씨의 최종 학력은 무엇인가요?,"['김경태 씨는 83세 여자이며, 대전 대전-서구에 거주합니다. 최종 학력은 초등학교이고, 직업은 무직입니다.', '김경태 씨는 1976년에 결혼했습니다. 2023년 배우자와 사별했습니다.', '김경태 씨가 즐겨먹는 음식은 설렁탕, 취미는 독서, 좋아하는 문화는 이미자 노래입니다.', '김경태 님은 배움에 대한 갈증이 있었으나 시대적 상황으로 초등학교 졸업 후 빠르게 가사와 육아에 뛰어들어야 했던 세대의 삶을 살아왔습니다. 대전 서구의 아파트에서 오랫동안 거주하며 이웃들과 촘촘한 관계를 맺어왔고, 익숙한 동네 골목과 단골 가게들이 주는 안정감 속에서 심리적 평온을 찾습니다.', '김경태 씨의 자녀는 1명: 김광호(46세 남자).']",김경태 씨의 최종 학력은 초등학교입니다.,김경태 씨의 최종 학력: 초등학교.,1.0,0.9141434789779274,0.7499999999625,1.0,3,P028-Q03-T-학력,T-학력,초등학교
김경태 씨는 충청남에 살고 있다. (참/거짓),"['김경태 씨는 83세 여자이며, 대전 대전-서구에 거주합니다. 최종 학력은 초등학교이고, 직업은 무직입니다.', '김경태 씨는 대전 서구에서 홀로 거주하며 텃밭 가꾸기와 TV 시청, 이웃과의 수다로 평온한 노년을 보내는 83세 할머니입니다.', '김경태 씨는 1976년에 결혼했습니다. 2023년 배우자와 사별했습니다.', '김경태 님은 배움에 대한 갈증이 있었으나 시대적 상황으로 초등학교 졸업 후 빠르게 가사와 육아에 뛰어들어야 했던 세대의 삶을 살아왔습니다. 대전 서구의 아파트에서 오랫동안 거주하며 이웃들과 촘촘한 관계를 맺어왔고, 익숙한 동네 골목과 단골 가게들이 주는 안정감 속에서 심리적 평온을 찾습니다.', '김경태 씨의 자녀는 1명: 김광호(46세 남자).']",F. 김경태 씨는 대전 서구에 거주합니다.,제공된 페르소나 정보 기준 김경태 씨의 거주지: 대전 서구.,1.0,0.53123365242965,0.9166666666361112,1.0,3,P028-Q04-F-반대,F-반대,F
김경태 씨의 현재 운영 중인 사업자명은 무엇인가요?,"['김경태 씨는 83세 여자이며, 대전 대전-서구에 거주합니다. 최종 학력은 초등학교이고, 직업은 무직입니다.', '김경태 씨는 1976년에 결혼했습니다. 2023년 배우자와 사별했습니다.', '김경태 씨는 대전 서구에서 홀로 거주하며 텃밭 가꾸기와 TV 시청, 이웃과의 수다로 평온한 노년을 보내는 83세 할머니입니다.', '김경태 씨의 자녀는 1명: 김광호(46세 남자).', '김경태 씨가 즐겨먹는 음식은 설렁탕, 취미는 독서, 좋아하는 문화는 이미자 노래입니다.']",정보 없음,제공된 페르소나 정보에는 김경태 씨에 대해 질문한 사실이 없습니다.,1.0,0.0,0.0,0.0,3,P028-Q05-F-비존재,F-비존재,정보 없음
김경태 씨는 1991년에 결혼했다. (참/거짓),"['김경태 씨는 1976년에 결혼했습니다. 2023년 배우자와 사별했습니다.', '김경태 씨의 자녀는 1명: 김광호(46세 남자).', '김경태 씨는 83세 여자이며, 대전 대전-서구에 거주합니다. 최종 학력은 초등학교이고, 직업은 무직입니다.', '김경태 씨는 대전 서구에서 홀로 거주하며 텃밭 가꾸기와 TV 시청, 이웃과의 수다로 평온한 노년을 보내는 83세 할머니입니다.', '김경태 씨는 사별 후 홀로 아파트에 거주하며 외로움을 느끼기도 하지만, 오랜 시간 함께 지낸 동네 이웃들을 가족처럼 여기며 촘촘한 관계를 맺고 있습니다. 배움의 기회를 놓치고 빠르게 가사와 육아에 뛰어들어야 했던 지난날의 회한을 이제는 이웃들과의 수다와 소박한 일상으로 달랩니다.']",F. 김경태 씨는 1976년에 결혼했습니다.,제공된 페르소나 정보 기준 김경태 씨의 결혼 정보: 1976년에 결혼.,1.0,0.5958172368724948,0.9999999999,0.5,3,P028-Q06-F-시점오류,F-시점오류,F
김경태 씨는 대전 서시에 산다. (참/거짓),"['김경태 씨는 83세 여자이며, 대전 대전-서구에 거주합니다. 최종 학력은 초등학교이고, 직업은 무직입니다.', '김경태 씨는 대전 서구에서 홀로 거주하며 텃밭 가꾸기와 TV 시청, 이웃과의 수다로 평온한 노년을 보내는 83세 할머니입니다.', '김경태 님은 배움에 대한 갈증이 있었으나 시대적 상황으로 초등학교 졸업 후 빠르게 가사와 육아에 뛰어들어야 했던 세대의 삶을 살아왔습니다. 대전 서구의 아파트에서 오랫동안 거주하며 이웃들과 촘촘한 관계를 맺어왔고, 익숙한 동네 골목과 단골 가게들이 주는 안정감 속에서 심리적 평온을 찾습니다.', '김경태 씨는 사별 후 홀로 아파트에 거주하며 외로움을 느끼기도 하지만, 오랜 시간 함께 지낸 동네 이웃들을 가족처럼 여기며 촘촘한 관계를 맺고 있습니다. 배움의 기회를 놓치고 빠르게 가사와 육아에 뛰어들어야 했던 지난날의 회한을 이제는 이웃들과의 수다와 소박한 일상으로 달랩니다.', '김경태 씨는 1976년에 결혼했습니다. 2023년 배우자와 사별했습니다.']",F. 김경태 씨는 대전 서구에 거주합니다.,제공된 페르소나 정보 기준 김경태 씨의 거주지: 대전 서구.,1.0,0.4955109808930233,0.9999999999666668,1.0,3,P028-Q07-ADV-부분일치,ADV-부분일치,F
김경태 씨는 1977년에 결혼했다. (참/거짓),"['김경태 씨는 1976년에 결혼했습니다. 2023년 배우자와 사별했습니다.', '김경태 씨의 자녀는 1명: 김광호(46세 남자).', '김경태 씨는 83세 여자이며, 대전 대전-서구에 거주합니다. 최종 학력은 초등학교이고, 직업은 무직입니다.', '김경태 씨는 대전 서구에서 홀로 거주하며 텃밭 가꾸기와 TV 시청, 이웃과의 수다로 평온한 노년을 보내는 83세 할머니입니다.', '김경태 씨가 즐겨먹는 음식은 설렁탕, 취미는 독서, 좋아하는 문화는 이미자 노래입니다.']",F. 김경태 씨는 1976년에 결혼했습니다.,제공된 페르소나 정보 기준 김경태 씨의 결혼 정보: 1976년에 결혼.,1.0,0.5892598662058562,0.9999999999,0.5,3,P028-Q08-ADV-시점근접,ADV-시점근접,F
김경태 씨의 자녀 이름은 김민수이다. (참/거짓),"['김경태 씨의 자녀는 1명: 김광호(46세 남자).', '김경태 씨는 83세 여자이며, 대전 대전-서구에 거주합니다. 최종 학력은 초등학교이고, 직업은 무직입니다.', '김경태 씨는 1976년에 결혼했습니다. 2023년 배우자와 사별했습니다.', '김경태 씨가 즐겨먹는 음식은 설렁탕, 취미는 독서, 좋아하는 문화는 이미자 노래입니다.', '김경태 씨의 주요 질환은 전립선비대, 위염, 고지혈증이고, 복용 약물은 아토르바스타틴, 로수바스타틴, 라베프라졸, 오메프라졸입니다.']",F. 김경태 씨의 자녀는 김광호입니다.,제공된 페르소나 정보 기준 김경태 씨의 자녀 정보: 자녀 1명(김광호).,1.0,0.678387879761504,0.9999999999,1.0,3,P028-Q09-ADV-유사인물,ADV-유사인물,F
홍용주 씨의 거주지는 어디인가요?,"['홍용주 씨는 1973년에 결혼했습니다. 2016년 배우자와 사별했습니다.', '홍용주 씨는 86세 여자이며, 경기 경기-고양시 덕양구에 거주합니다. 최종 학력은 무학이고, 직업은 무직입니다.', '홍용주 씨는 고양시 덕양구에서 자가 아파트에 거주하며, 전통적인 손맛과 현대적인 호기심을 동시에 품고 살아가는 86세의 감각적인 할머니입니다.', '홍용주 씨가 즐겨먹는 음식은 된장찌개, 취미는 사진 찍기, 좋아하는 문화는 임영웅 노래입니다.', '홍용주 씨의 자녀는 2명: 홍영수(48세 남자), 홍영숙(44세 여자).']",경기 고양시 덕양구의 자가 아파트에 거주합니다.,홍용주 씨의 거주지: 경기 고양시 덕양구.,1.0,0.5351885230489308,0.5833333333041666,1.0,3,P029-Q01-T-거주지,T-거주지,경기 고양시 덕양구
홍용주 씨의 직업은 무엇인가요?,"['홍용주 씨는 1973년에 결혼했습니다. 2016년 배우자와 사별했습니다.', '홍용주 씨는 86세 여자이며, 경기 경기-고양시 덕양구에 거주합니다. 최종 학력은 무학이고, 직업은 무직입니다.', '홍용주 씨가 즐겨먹는 음식은 된장찌개, 취미는 사진 찍기, 좋아하는 문화는 임영웅 노래입니다.', '홍용주 씨는 고양시 덕양구에서 자가 아파트에 거주하며, 전통적인 손맛과 현대적인 호기심을 동시에 품고 살아가는 86세의 감각적인 할머니입니다.', '홍용주 씨는 쌉싸름한 제철 나물 무침과 깊은 맛의 된장찌개로 집안의 입맛을 사로잡는 전통의 손맛을 보유한 동시에, 베트남 쌀국수나 태국의 똠얌꿍처럼 생소한 향신료가 들어간 외국 요리를 즐기는 과감한 미식가입니다. 유튜브에서 본 해외 요리법을 따라 집에서 이국적인 풍미를 재현하려 노력하지만, 가끔 간 조절에 실패해 너무 짜게 만드는 바람에 가족들이 밥을 평소보다 더 많이 먹게 만드는 실수를 범하곤 합니다.']",홍용주 씨의 직업은 무직입니다.,홍용주 씨의 직업: 무직.,1.0,0.7737797089132336,0.49999999995,1.0,3,P029-Q02-T-직업,T-직업,무직
홍용주 씨의 최종 학력은 무엇인가요?,"['홍용주 씨는 86세 여자이며, 경기 경기-고양시 덕양구에 거주합니다. 최종 학력은 무학이고, 직업은 무직입니다.', '홍용주 씨는 1973년에 결혼했습니다. 2016년 배우자와 사별했습니다.', '홍용주 씨가 즐겨먹는 음식은 된장찌개, 취미는 사진 찍기, 좋아하는 문화는 임영웅 노래입니다.', '홍용주 씨는 고양시 덕양구에서 자가 아파트에 거주하며, 전통적인 손맛과 현대적인 호기심을 동시에 품고 살아가는 86세의 감각적인 할머니입니다.', '홍용주 씨의 주요 질환은 전립선비대, 당뇨이고, 복용 약물은 탐스로신, 메트포르민, 글리메피리드입니다.']",홍용주 씨의 최종 학력은 무학입니다.,홍용주 씨의 최종 학력: 무학.,1.0,0.853523070917015,0.9999999999,1.0,3,P029-Q03-T-학력,T-학력,무학
홍용주 씨는 경상북에 살고 있다. (참/거짓),"['홍용주 씨는 86세 여자이며, 경기 경기-고양시 덕양구에 거주합니다. 최종 학력은 무학이고, 직업은 무직입니다.', '홍용주 씨는 1973년에 결혼했습니다. 2016년 배우자와 사별했습니다.', '홍용주 씨는 고양시 덕양구에서 자가 아파트에 거주하며, 전통적인 손맛과 현대적인 호기심을 동시에 품고 살아가는 86세의 감각적인 할머니입니다.', '홍용주 씨가 즐겨먹는 음식은 된장찌개, 취미는 사진 찍기, 좋아하는 문화는 임영웅 노래입니다.', '홍용주 씨는 쌉싸름한 제철 나물 무침과 깊은 맛의 된장찌개로 집안의 입맛을 사로잡는 전통의 손맛을 보유한 동시에, 베트남 쌀국수나 태국의 똠얌꿍처럼 생소한 향신료가 들어간 외국 요리를 즐기는 과감한 미식가입니다. 유튜브에서 본 해외 요리법을 따라 집에서 이국적인 풍미를 재현하려 노력하지만, 가끔 간 조절에 실패해 너무 짜게 만드는 바람에 가족들이 밥을 평소보다 더 많이 먹게 만드는 실수를 범하곤 합니다.']",F. 경기 고양시 덕양구에 거주합니다.,제공된 페르소나 정보 기준 홍용주 씨의 거주지: 경기 고양시 덕양구.,1.0,0.4482914429652933,0.8333333332916666,0.5,3,P029-Q04-F-반대,F-반대,F
홍용주 씨의 현재 운영 중인 사업자명은 무엇인가요?,"['홍용주 씨는 1973년에 결혼했습니다. 2016년 배우자와 사별했습니다.', '홍용주 씨는 고양시 덕양구에서 자가 아파트에 거주하며, 전통적인 손맛과 현대적인 호기심을 동시에 품고 살아가는 86세의 감각적인 할머니입니다.', '홍용주 씨는 86세 여자이며, 경기 경기-고양시 덕양구에 거주합니다. 최종 학력은 무학이고, 직업은 무직입니다.', '홍용주 씨가 즐겨먹는 음식은 된장찌개, 취미는 사진 찍기, 좋아하는 문화는 임영웅 노래입니다.', '홍용주 씨의 자녀는 2명: 홍영수(48세 남자), 홍영숙(44세 여자).']",정보 없음,제공된 페르소나 정보에는 홍용주 씨에 대해 질문한 사실이 없습니다.,1.0,0.0,0.0,0.0,3,P029-Q05-F-비존재,F-비존재,정보 없음
홍용주 씨는 1988년에 결혼했다. (참/거짓),"['홍용주 씨는 1973년에 결혼했습니다. 2016년 배우자와 사별했습니다.', '홍용주 씨의 자녀는 2명: 홍영수(48세 남자), 홍영숙(44세 여자).', '홍용주 씨는 86세 여자이며, 경기 경기-고양시 덕양구에 거주합니다. 최종 학력은 무학이고, 직업은 무직입니다.', '홍용주 씨는 고양시 덕양구에서 자가 아파트에 거주하며, 전통적인 손맛과 현대적인 호기심을 동시에 품고 살아가는 86세의 감각적인 할머니입니다.', '홍용주 씨가 즐겨먹는 음식은 된장찌개, 취미는 사진 찍기, 좋아하는 문화는 임영웅 노래입니다.']",F. 홍용주 씨는 1973년에 결혼했습니다.,제공된 페르소나 정보 기준 홍용주 씨의 결혼 정보: 1973년에 결혼.,1.0,0.7687237393253925,0.9999999999,1.0,3,P029-Q06-F-시점오류,F-시점오류,F
홍용주 씨는 경기 고양시 덕양시에 산다. (참/거짓),"['홍용주 씨는 86세 여자이며, 경기 경기-고양시 덕양구에 거주합니다. 최종 학력은 무학이고, 직업은 무직입니다.', '홍용주 씨는 고양시 덕양구에서 자가 아파트에 거주하며, 전통적인 손맛과 현대적인 호기심을 동시에 품고 살아가는 86세의 감각적인 할머니입니다.', '홍용주 씨는 1973년에 결혼했습니다. 2016년 배우자와 사별했습니다.', '홍용주 씨가 즐겨먹는 음식은 된장찌개, 취미는 사진 찍기, 좋아하는 문화는 임영웅 노래입니다.', '홍용주 씨의 자녀는 2명: 홍영수(48세 남자), 홍영숙(44세 여자).']",T. 경기 고양시 덕양구에 거주합니다.,제공된 페르소나 정보 기준 홍용주 씨의 거주지: 경기 고양시 덕양구.,1.0,0.4078068517493795,0.99999999995,1.0,3,P029-Q07-ADV-부분일치,ADV-부분일치,F
홍용주 씨는 1974년에 결혼했다. (참/거짓),"['홍용주 씨는 1973년에 결혼했습니다. 2016년 배우자와 사별했습니다.', '홍용주 씨의 자녀는 2명: 홍영수(48세 남자), 홍영숙(44세 여자).', '홍용주 씨는 86세 여자이며, 경기 경기-고양시 덕양구에 거주합니다. 최종 학력은 무학이고, 직업은 무직입니다.', '홍용주 씨가 즐겨먹는 음식은 된장찌개, 취미는 사진 찍기, 좋아하는 문화는 임영웅 노래입니다.', '홍용주 씨는 고양시 덕양구에서 자가 아파트에 거주하며, 전통적인 손맛과 현대적인 호기심을 동시에 품고 살아가는 86세의 감각적인 할머니입니다.']",F. 홍용주 씨는 1973년에 결혼했습니다.,제공된 페르소나 정보 기준 홍용주 씨의 결혼 정보: 1973년에 결혼.,1.0,0.7663029560003513,0.9999999999,0.5,3,P029-Q08-ADV-시점근접,ADV-시점근접,F
홍용주 씨의 자녀 이름은 홍현주이다. (참/거짓),"['홍용주 씨의 자녀는 2명: 홍영수(48세 남자), 홍영숙(44세 여자).', '홍용주 씨는 1973년에 결혼했습니다. 2016년 배우자와 사별했습니다.', '홍용주 씨는 86세 여자이며, 경기 경기-고양시 덕양구에 거주합니다. 최종 학력은 무학이고, 직업은 무직입니다.', '홍용주 씨의 주요 질환은 전립선비대, 당뇨이고, 복용 약물은 탐스로신, 메트포르민, 글리메피리드입니다.', '홍용주 씨가 즐겨먹는 음식은 된장찌개, 취미는 사진 찍기, 좋아하는 문화는 임영웅 노래입니다.']",F. 자녀는 홍영수와 홍영숙입니다.,"제공된 페르소나 정보 기준 홍용주 씨의 자녀 정보: 자녀 2명(홍영수, 홍영숙).",1.0,0.5221938171459485,0.0,0.5,3,P029-Q09-ADV-유사인물,ADV-유사인물,F
이경란 씨의 거주지는 어디인가요?,"['이경란 씨는 1975년에 결혼했습니다. 2018년 배우자와 사별했습니다.', '이경란 씨는 81세 여자이며, 인천 인천-남동구에 거주합니다. 최종 학력은 무학이고, 직업은 건물 청소원입니다.', '이경란 씨는 인천 남동구에서 청소원으로 일하며 임영웅 노래와 난초 가꾸기로 일상의 활력을 찾는, 사교성 넘치는 여든한 살의 활기찬 어르신입니다.', '이경란 씨가 즐겨먹는 음식은 갈비탕, 취미는 산책, 좋아하는 문화는 동물 다큐멘터리입니다.', '이경란 씨는 일주일에 한 번 친구들과 함께 지글지글 익어가는 삼겹살집이나 깔끔한 초밥집을 찾아가 식사를 즐기고, 한 달에 한 번쯤은 호기심에 배달 앱으로 치킨을 시켜 먹어봅니다.']",인천 인천-남동구에 거주합니다.,이경란 씨의 거주지: 인천 남동구.,1.0,0.5262964535755411,0.5833333333041666,1.0,3,P030-Q01-T-거주지,T-거주지,인천 남동구
이경란 씨의 직업은 무엇인가요?,"['이경란 씨는 인천 남동구에서 청소원으로 일하며 임영웅 노래와 난초 가꾸기로 일상의 활력을 찾는, 사교성 넘치는 여든한 살의 활기찬 어르신입니다.', '이경란 씨는 1975년에 결혼했습니다. 2018년 배우자와 사별했습니다.', '이경란 씨는 81세 여자이며, 인천 인천-남동구에 거주합니다. 최종 학력은 무학이고, 직업은 건물 청소원입니다.', '이경란 씨가 즐겨먹는 음식은 갈비탕, 취미는 산책, 좋아하는 문화는 동물 다큐멘터리입니다.', '이경란 씨는 일주일에 한 번 친구들과 함께 지글지글 익어가는 삼겹살집이나 깔끔한 초밥집을 찾아가 식사를 즐기고, 한 달에 한 번쯤은 호기심에 배달 앱으로 치킨을 시켜 먹어봅니다.']",이경란 씨의 직업은 건물 청소원입니다.,이경란 씨의 직업: 건물 청소원.,1.0,0.9630940125709972,0.8333333332916666,1.0,3,P030-Q02-T-직업,T-직업,건물 청소원
이경란 씨의 최종 학력은 무엇인가요?,"['이경란 씨는 81세 여자이며, 인천 인천-남동구에 거주합니다. 최종 학력은 무학이고, 직업은 건물 청소원입니다.', '이경란 씨는 1975년에 결혼했습니다. 2018년 배우자와 사별했습니다.', '이경란 씨가 즐겨먹는 음식은 갈비탕, 취미는 산책, 좋아하는 문화는 동물 다큐멘터리입니다.', '이경란 씨는 인천 남동구에서 청소원으로 일하며 임영웅 노래와 난초 가꾸기로 일상의 활력을 찾는, 사교성 넘치는 여든한 살의 활기찬 어르신입니다.', '이경란 씨의 주요 질환은 관절염, 골다공증, 전립선비대이고, 복용 약물은 아세트아미노펜, 셀레콕시브, 알렌드로네이트, 탐스로신입니다.']",이경란 씨의 최종 학력은 무학입니다.,이경란 씨의 최종 학력: 무학.,1.0,0.9082081871759964,0.9999999999,1.0,3,P030-Q03-T-학력,T-학력,무학
이경란 씨는 전라남에 살고 있다. (참/거짓),"['이경란 씨는 인천 남동구에서 청소원으로 일하며 임영웅 노래와 난초 가꾸기로 일상의 활력을 찾는, 사교성 넘치는 여든한 살의 활기찬 어르신입니다.', '이경란 씨는 81세 여자이며, 인천 인천-남동구에 거주합니다. 최종 학력은 무학이고, 직업은 건물 청소원입니다.', '이경란 씨는 1975년에 결혼했습니다. 2018년 배우자와 사별했습니다.', '이경란 씨가 즐겨먹는 음식은 갈비탕, 취미는 산책, 좋아하는 문화는 동물 다큐멘터리입니다.', '이경란 씨는 일주일에 한 번 친구들과 함께 지글지글 익어가는 삼겹살집이나 깔끔한 초밥집을 찾아가 식사를 즐기고, 한 달에 한 번쯤은 호기심에 배달 앱으로 치킨을 시켜 먹어봅니다.']",F. 이경란 씨는 인천 남동구에 거주합니다.,제공된 페르소나 정보 기준 이경란 씨의 거주지: 인천 남동구.,1.0,0.4128337481984491,0.99999999995,0.5,3,P030-Q04-F-반대,F-반대,F
이경란 씨의 정기 후원하는 단체의 이름은 무엇인가요?,"['이경란 씨가 즐겨먹는 음식은 갈비탕, 취미는 산책, 좋아하는 문화는 동물 다큐멘터리입니다.', '이경란 씨는 1975년에 결혼했습니다. 2018년 배우자와 사별했습니다.', '이경란 씨는 인천 남동구에서 청소원으로 일하며 임영웅 노래와 난초 가꾸기로 일상의 활력을 찾는, 사교성 넘치는 여든한 살의 활기찬 어르신입니다.', '이경란 씨는 일주일에 한 번 친구들과 함께 지글지글 익어가는 삼겹살집이나 깔끔한 초밥집을 찾아가 식사를 즐기고, 한 달에 한 번쯤은 호기심에 배달 앱으로 치킨을 시켜 먹어봅니다.', '이경란 씨는 81세 여자이며, 인천 인천-남동구에 거주합니다. 최종 학력은 무학이고, 직업은 건물 청소원입니다.']",정보 없음,제공된 페르소나 정보에는 이경란 씨에 대해 질문한 사실이 없습니다.,1.0,0.0,0.0,0.0,3,P030-Q05-F-비존재,F-비존재,정보 없음
이경란 씨는 1985년에 결혼했다. (참/거짓),"['이경란 씨는 1975년에 결혼했습니다. 2018년 배우자와 사별했습니다.', '이경란 씨의 자녀는 3명: 이선영(49세 여자), 이정우(45세 남자), 이성민(43세 남자).', '이경란 씨는 81세 여자이며, 인천 인천-남동구에 거주합니다. 최종 학력은 무학이고, 직업은 건물 청소원입니다.', '이경란 씨는 인천 남동구에서 청소원으로 일하며 임영웅 노래와 난초 가꾸기로 일상의 활력을 찾는, 사교성 넘치는 여든한 살의 활기찬 어르신입니다.', '이경란 씨가 즐겨먹는 음식은 갈비탕, 취미는 산책, 좋아하는 문화는 동물 다큐멘터리입니다.']",F. 이경란 씨는 1975년에 결혼했습니다.,제공된 페르소나 정보 기준 이경란 씨의 결혼 정보: 1975년에 결혼.,1.0,0.5705954944273683,0.9999999999,1.0,3,P030-Q06-F-시점오류,F-시점오류,F
이경란 씨의 직업은 건물 관리인이다. (참/거짓),"['이경란 씨는 81세 여자이며, 인천 인천-남동구에 거주합니다. 최종 학력은 무학이고, 직업은 건물 청소원입니다.', '이경란 씨는 인천 남동구에서 청소원으로 일하며 임영웅 노래와 난초 가꾸기로 일상의 활력을 찾는, 사교성 넘치는 여든한 살의 활기찬 어르신입니다.', '이경란 씨가 즐겨먹는 음식은 갈비탕, 취미는 산책, 좋아하는 문화는 동물 다큐멘터리입니다.', '이경란 씨는 1975년에 결혼했습니다. 2018년 배우자와 사별했습니다.', '이경란 씨는 사별 후 홀로 아파트에 거주하며 적적함을 느끼기도 하지만, 가끔 찾아오는 손주에게 최신 스마트폰 사용법을 배우며 세대 차이를 좁히는 시간을 가장 소중하게 여깁니다.']",F. 이경란 씨의 직업은 건물 청소원입니다.,제공된 페르소나 정보 기준 이경란 씨의 직업: 건물 청소원.,1.0,0.6997581915314317,0.99999999995,0.0,3,P030-Q07-ADV-부분일치,ADV-부분일치,F
이경란 씨는 1974년에 결혼했다. (참/거짓),"['이경란 씨는 1975년에 결혼했습니다. 2018년 배우자와 사별했습니다.', '이경란 씨의 자녀는 3명: 이선영(49세 여자), 이정우(45세 남자), 이성민(43세 남자).', '이경란 씨는 인천 남동구에서 청소원으로 일하며 임영웅 노래와 난초 가꾸기로 일상의 활력을 찾는, 사교성 넘치는 여든한 살의 활기찬 어르신입니다.', '이경란 씨는 81세 여자이며, 인천 인천-남동구에 거주합니다. 최종 학력은 무학이고, 직업은 건물 청소원입니다.', '이경란 씨가 즐겨먹는 음식은 갈비탕, 취미는 산책, 좋아하는 문화는 동물 다큐멘터리입니다.']",F. 이경란 씨는 1975년에 결혼했습니다.,제공된 페르소나 정보 기준 이경란 씨의 결혼 정보: 1975년에 결혼.,1.0,0.5442686851012016,0.9999999999,1.0,3,P030-Q08-ADV-시점근접,ADV-시점근접,F
이경란 씨의 자녀 이름은 이영수이다. (참/거짓),"['이경란 씨의 자녀는 3명: 이선영(49세 여자), 이정우(45세 남자), 이성민(43세 남자).', '이경란 씨는 1975년에 결혼했습니다. 2018년 배우자와 사별했습니다.', '이경란 씨는 인천 남동구에서 청소원으로 일하며 임영웅 노래와 난초 가꾸기로 일상의 활력을 찾는, 사교성 넘치는 여든한 살의 활기찬 어르신입니다.', '이경란 씨는 81세 여자이며, 인천 인천-남동구에 거주합니다. 최종 학력은 무학이고, 직업은 건물 청소원입니다.', '이경란 씨가 즐겨먹는 음식은 갈비탕, 취미는 산책, 좋아하는 문화는 동물 다큐멘터리입니다.']","F. 자녀는 이선영, 이정우, 이성민입니다.","제공된 페르소나 정보 기준 이경란 씨의 자녀 정보: 자녀 3명(이선영, 이정우, 이성민).",1.0,0.4776172848518643,0.9999999999,0.0,3,P030-Q09-ADV-유사인물,ADV-유사인물,F
김원규 씨의 거주지는 어디인가요?,"['김원규 씨는 1991년에 결혼했습니다.', '김원규 씨는 부평에서 성실하게 근무하는 경비원이자, 가족을 위해 헌신하며 건강과 일상의 소소한 행복 사이에서 균형을 잡으려 노력하는 60대 가장입니다.', '김원규 씨는 65세 남자이며, 인천 인천-부평구에 거주합니다. 최종 학력은 고등학교이고, 직업은 건물 경비원입니다.', '김원규 씨는 무뚝뚝한 표현 방식 때문에 서툴 때가 많지만, 퇴근길에 아내가 좋아하는 과일을 사 들고 오는 것으로 마음을 전하는 전형적인 한국의 아버지입니다. 자녀들이 성인이 된 후에도 함께 살며 그들의 고민을 묵묵히 들어주고, 주말이면 가족 모두를 이끌고 강화도 바다로 나가는 든든한 버팀목 역할을 합니다.', '김원규 씨가 즐겨먹는 음식은 보리밥, 취미는 산책, 좋아하는 문화는 트로트입니다.']",김원규 씨는 인천 인천-부평구에 거주합니다.,김원규 씨의 거주지: 인천 부평구.,1.0,0.9390563666704734,0.5833333333041666,1.0,4,P001-Q01-T-거주지,T-거주지,인천 부평구
김원규 씨의 직업은 무엇인가요?,"['김원규 씨는 1991년에 결혼했습니다.', '김원규 씨는 65세 남자이며, 인천 인천-부평구에 거주합니다. 최종 학력은 고등학교이고, 직업은 건물 경비원입니다.', '김원규 씨는 부평에서 성실하게 근무하는 경비원이자, 가족을 위해 헌신하며 건강과 일상의 소소한 행복 사이에서 균형을 잡으려 노력하는 60대 가장입니다.', '김원규 씨는 무뚝뚝한 표현 방식 때문에 서툴 때가 많지만, 퇴근길에 아내가 좋아하는 과일을 사 들고 오는 것으로 마음을 전하는 전형적인 한국의 아버지입니다. 자녀들이 성인이 된 후에도 함께 살며 그들의 고민을 묵묵히 들어주고, 주말이면 가족 모두를 이끌고 강화도 바다로 나가는 든든한 버팀목 역할을 합니다.', '김원규 씨가 즐겨먹는 음식은 보리밥, 취미는 산책, 좋아하는 문화는 트로트입니다.']",김원규 씨의 직업은 건물 경비원입니다.,김원규 씨의 직업: 건물 경비원.,1.0,0.9651247770136092,0.5833333333041666,1.0,4,P001-Q02-T-직업,T-직업,건물 경비원
김원규 씨의 최종 학력은 무엇인가요?,"['김원규 씨는 1991년에 결혼했습니다.', '김원규 씨는 65세 남자이며, 인천 인천-부평구에 거주합니다. 최종 학력은 고등학교이고, 직업은 건물 경비원입니다.', '김원규 씨는 무뚝뚝한 표현 방식 때문에 서툴 때가 많지만, 퇴근길에 아내가 좋아하는 과일을 사 들고 오는 것으로 마음을 전하는 전형적인 한국의 아버지입니다. 자녀들이 성인이 된 후에도 함께 살며 그들의 고민을 묵묵히 들어주고, 주말이면 가족 모두를 이끌고 강화도 바다로 나가는 든든한 버팀목 역할을 합니다.', '김원규 씨의 주요 질환은 고혈압, 당뇨이고, 복용 약물은 암로디핀, 로사르탄, 메트포르민, 글리메피리드입니다.', '김원규 씨가 즐겨먹는 음식은 보리밥, 취미는 산책, 좋아하는 문화는 트로트입니다.']",김원규 씨의 최종 학력은 고등학교입니다.,김원규 씨의 최종 학력: 고등학교.,1.0,0.9234117100295424,0.49999999995,1.0,4,P001-Q03-T-학력,T-학력,고등학교
김원규 씨는 전라남에 살고 있다. (참/거짓),"['김원규 씨는 1991년에 결혼했습니다.', '김원규 씨는 부평에서 성실하게 근무하는 경비원이자, 가족을 위해 헌신하며 건강과 일상의 소소한 행복 사이에서 균형을 잡으려 노력하는 60대 가장입니다.', '김원규 씨는 65세 남자이며, 인천 인천-부평구에 거주합니다. 최종 학력은 고등학교이고, 직업은 건물 경비원입니다.', '김원규 씨가 즐겨먹는 음식은 보리밥, 취미는 산책, 좋아하는 문화는 트로트입니다.', '김원규 씨는 무뚝뚝한 표현 방식 때문에 서툴 때가 많지만, 퇴근길에 아내가 좋아하는 과일을 사 들고 오는 것으로 마음을 전하는 전형적인 한국의 아버지입니다. 자녀들이 성인이 된 후에도 함께 살며 그들의 고민을 묵묵히 들어주고, 주말이면 가족 모두를 이끌고 강화도 바다로 나가는 든든한 버팀목 역할을 합니다.']","F, 김원규 씨는 인천 인천-부평구에 거주합니다.",제공된 페르소나 정보 기준 김원규 씨의 거주지: 인천 부평구.,1.0,0.7727956760832599,0.5833333333041666,0.5,4,P001-Q04-F-반대,F-반대,F
김원규 씨의 최근 가입한 동호회의 이름은 무엇인가요?,"['김원규 씨는 1991년에 결혼했습니다.', '김원규 씨가 즐겨먹는 음식은 보리밥, 취미는 산책, 좋아하는 문화는 트로트입니다.', '김원규 씨는 부평에서 성실하게 근무하는 경비원이자, 가족을 위해 헌신하며 건강과 일상의 소소한 행복 사이에서 균형을 잡으려 노력하는 60대 가장입니다.', '김원규 씨는 65세 남자이며, 인천 인천-부평구에 거주합니다. 최종 학력은 고등학교이고, 직업은 건물 경비원입니다.', '김원규 씨는 무뚝뚝한 표현 방식 때문에 서툴 때가 많지만, 퇴근길에 아내가 좋아하는 과일을 사 들고 오는 것으로 마음을 전하는 전형적인 한국의 아버지입니다. 자녀들이 성인이 된 후에도 함께 살며 그들의 고민을 묵묵히 들어주고, 주말이면 가족 모두를 이끌고 강화도 바다로 나가는 든든한 버팀목 역할을 합니다.']",정보 없음,제공된 페르소나 정보에는 김원규 씨에 대해 질문한 사실이 없습니다.,1.0,0.0,0.0,0.0,4,P001-Q05-F-비존재,F-비존재,정보 없음
김원규 씨는 2001년에 결혼했다. (참/거짓),"['김원규 씨는 1991년에 결혼했습니다.', '김원규 씨의 자녀는 2명: 김혜진(32세 여자), 김재영(30세 남자).', '김원규 씨는 65세 남자이며, 인천 인천-부평구에 거주합니다. 최종 학력은 고등학교이고, 직업은 건물 경비원입니다.', '김원규 씨는 무뚝뚝한 표현 방식 때문에 서툴 때가 많지만, 퇴근길에 아내가 좋아하는 과일을 사 들고 오는 것으로 마음을 전하는 전형적인 한국의 아버지입니다. 자녀들이 성인이 된 후에도 함께 살며 그들의 고민을 묵묵히 들어주고, 주말이면 가족 모두를 이끌고 강화도 바다로 나가는 든든한 버팀목 역할을 합니다.', '김원규 씨는 부평에서 성실하게 근무하는 경비원이자, 가족을 위해 헌신하며 건강과 일상의 소소한 행복 사이에서 균형을 잡으려 노력하는 60대 가장입니다.']","F, 김원규 씨는 1991년에 결혼했습니다.",제공된 페르소나 정보 기준 김원규 씨의 결혼 정보: 1991년에 결혼.,1.0,0.6118874654722557,0.9999999999,0.5,4,P001-Q06-F-시점오류,F-시점오류,F
김원규 씨의 직업은 산업 경비원이다. (참/거짓),"['김원규 씨는 65세 남자이며, 인천 인천-부평구에 거주합니다. 최종 학력은 고등학교이고, 직업은 건물 경비원입니다.', '김원규 씨는 부평에서 성실하게 근무하는 경비원이자, 가족을 위해 헌신하며 건강과 일상의 소소한 행복 사이에서 균형을 잡으려 노력하는 60대 가장입니다.', '김원규 씨는 1991년에 결혼했습니다.', '김원규 씨가 즐겨먹는 음식은 보리밥, 취미는 산책, 좋아하는 문화는 트로트입니다.', '김원규 씨는 무뚝뚝한 표현 방식 때문에 서툴 때가 많지만, 퇴근길에 아내가 좋아하는 과일을 사 들고 오는 것으로 마음을 전하는 전형적인 한국의 아버지입니다. 자녀들이 성인이 된 후에도 함께 살며 그들의 고민을 묵묵히 들어주고, 주말이면 가족 모두를 이끌고 강화도 바다로 나가는 든든한 버팀목 역할을 합니다.']","F, 김원규 씨의 직업은 건물 경비원입니다.",제공된 페르소나 정보 기준 김원규 씨의 직업: 건물 경비원.,1.0,0.6721593502995713,0.9999999999,0.0,4,P001-Q07-ADV-부분일치,ADV-부분일치,F
김원규 씨는 1990년에 결혼했다. (참/거짓),"['김원규 씨는 1991년에 결혼했습니다.', '김원규 씨의 자녀는 2명: 김혜진(32세 여자), 김재영(30세 남자).', '김원규 씨는 무뚝뚝한 표현 방식 때문에 서툴 때가 많지만, 퇴근길에 아내가 좋아하는 과일을 사 들고 오는 것으로 마음을 전하는 전형적인 한국의 아버지입니다. 자녀들이 성인이 된 후에도 함께 살며 그들의 고민을 묵묵히 들어주고, 주말이면 가족 모두를 이끌고 강화도 바다로 나가는 든든한 버팀목 역할을 합니다.', '김원규 씨는 65세 남자이며, 인천 인천-부평구에 거주합니다. 최종 학력은 고등학교이고, 직업은 건물 경비원입니다.', '김원규 씨는 부평에서 성실하게 근무하는 경비원이자, 가족을 위해 헌신하며 건강과 일상의 소소한 행복 사이에서 균형을 잡으려 노력하는 60대 가장입니다.']","F, 김원규 씨는 1991년에 결혼했습니다.",제공된 페르소나 정보 기준 김원규 씨의 결혼 정보: 1991년에 결혼.,1.0,0.6064101040565294,0.9999999999,0.0,4,P001-Q08-ADV-시점근접,ADV-시점근접,F
김원규 씨의 자녀 이름은 김민지이다. (참/거짓),"['김원규 씨의 자녀는 2명: 김혜진(32세 여자), 김재영(30세 남자).', '김원규 씨는 1991년에 결혼했습니다.', '김원규 씨는 무뚝뚝한 표현 방식 때문에 서툴 때가 많지만, 퇴근길에 아내가 좋아하는 과일을 사 들고 오는 것으로 마음을 전하는 전형적인 한국의 아버지입니다. 자녀들이 성인이 된 후에도 함께 살며 그들의 고민을 묵묵히 들어주고, 주말이면 가족 모두를 이끌고 강화도 바다로 나가는 든든한 버팀목 역할을 합니다.', '김원규 씨의 주요 질환은 고혈압, 당뇨이고, 복용 약물은 암로디핀, 로사르탄, 메트포르민, 글리메피리드입니다.', '김원규 씨는 65세 남자이며, 인천 인천-부평구에 거주합니다. 최종 학력은 고등학교이고, 직업은 건물 경비원입니다.']",F. 김원규 씨의 자녀 이름은 김혜진과 김재영입니다.,"제공된 페르소나 정보 기준 김원규 씨의 자녀 정보: 자녀 2명(김혜진, 김재영).",1.0,0.7049228518029876,0.0,0.5,4,P001-Q09-ADV-유사인물,ADV-유사인물,F
이재환 씨의 거주지는 어디인가요?,"['이재환 씨는 순천에 거주하며 인문학적 소양과 꼼꼼한 계획성을 바탕으로 문화관광해설사를 꿈꾸는, 정적인 삶과 지적 탐구를 지향하는 60대 남성입니다.', '이재환 씨는 자녀가 없습니다.', '이재환 씨는 61세 남자이며, 전라남 전라남-순천시에 거주합니다. 최종 학력은 4년제 대학교, 전공은 예술·인문이고, 직업은 무직입니다.', '이재환 씨는 1988년에 결혼했습니다.', '이재환 씨의 주요 질환은 관절염이고, 복용 약물은 아세트아미노펜, 셀레콕시브입니다.']",이재환 씨는 순천시에 거주합니다.,이재환 씨의 거주지: 전라남 순천시.,1.0,0.8243538895327781,0.8333333332916666,1.0,4,P002-Q01-T-거주지,T-거주지,전라남 순천시
이재환 씨의 직업은 무엇인가요?,"['이재환 씨는 순천에 거주하며 인문학적 소양과 꼼꼼한 계획성을 바탕으로 문화관광해설사를 꿈꾸는, 정적인 삶과 지적 탐구를 지향하는 60대 남성입니다.', '이재환 씨는 61세 남자이며, 전라남 전라남-순천시에 거주합니다. 최종 학력은 4년제 대학교, 전공은 예술·인문이고, 직업은 무직입니다.', '이재환 씨는 1988년에 결혼했습니다.', '이재환 씨는 자녀가 없습니다.', '이재환 씨가 즐겨먹는 음식은 설렁탕, 취미는 화투, 좋아하는 문화는 임영웅 노래입니다.']",이재환 씨의 직업은 무직입니다.,이재환 씨의 직업: 무직.,1.0,0.5583310730451722,0.49999999995,1.0,4,P002-Q02-T-직업,T-직업,무직
이재환 씨의 최종 학력은 무엇인가요?,"['이재환 씨는 61세 남자이며, 전라남 전라남-순천시에 거주합니다. 최종 학력은 4년제 대학교, 전공은 예술·인문이고, 직업은 무직입니다.', '이재환 씨는 1988년에 결혼했습니다.', '이재환 씨는 자녀가 없습니다.', '이재환 씨는 순천에 거주하며 인문학적 소양과 꼼꼼한 계획성을 바탕으로 문화관광해설사를 꿈꾸는, 정적인 삶과 지적 탐구를 지향하는 60대 남성입니다.', '이재환 씨의 주요 질환은 관절염이고, 복용 약물은 아세트아미노펜, 셀레콕시브입니다.']",이재환 씨의 최종 학력은 4년제 대학교입니다.,이재환 씨의 최종 학력: 4년제 대학교(예술·인문).,1.0,0.921371540482658,0.9999999999,1.0,4,P002-Q03-T-학력,T-학력,4년제 대학교
이재환 씨는 부산에 살고 있다. (참/거짓),"['이재환 씨는 61세 남자이며, 전라남 전라남-순천시에 거주합니다. 최종 학력은 4년제 대학교, 전공은 예술·인문이고, 직업은 무직입니다.', '이재환 씨는 순천에 거주하며 인문학적 소양과 꼼꼼한 계획성을 바탕으로 문화관광해설사를 꿈꾸는, 정적인 삶과 지적 탐구를 지향하는 60대 남성입니다.', '이재환 씨는 자녀가 없습니다.', '이재환 씨는 1988년에 결혼했습니다.', '이재환 씨는 2주에 한 번 시내의 오래된 중식당을 찾아 아내와 함께 탕수육과 짬뽕을 나누어 먹는 소소한 외식 시간을 손꼽아 기다립니다. 고기 중심의 식단보다는 정갈한 나물 위주의 한식을 즐기며, 배달 앱을 사용하는 법은 알지만 굳이 쓰지 않고 직접 식당을 방문하는 정성을 들입니다.']",F. 이재환 씨는 전라남 순천시에 거주합니다.,제공된 페르소나 정보 기준 이재환 씨의 거주지: 전라남 순천시.,1.0,0.4923792761847915,0.99999999995,0.5,4,P002-Q04-F-반대,F-반대,F
이재환 씨의 현재 운영 중인 사업자명은 무엇인가요?,"['이재환 씨는 자녀가 없습니다.', '이재환 씨는 1988년에 결혼했습니다.', '이재환 씨는 순천에 거주하며 인문학적 소양과 꼼꼼한 계획성을 바탕으로 문화관광해설사를 꿈꾸는, 정적인 삶과 지적 탐구를 지향하는 60대 남성입니다.', '이재환 씨는 61세 남자이며, 전라남 전라남-순천시에 거주합니다. 최종 학력은 4년제 대학교, 전공은 예술·인문이고, 직업은 무직입니다.', '이재환 씨의 주요 질환은 관절염이고, 복용 약물은 아세트아미노펜, 셀레콕시브입니다.']",정보 없음,제공된 페르소나 정보에는 이재환 씨에 대해 질문한 사실이 없습니다.,1.0,0.0,0.0,0.0,4,P002-Q05-F-비존재,F-비존재,정보 없음
이재환 씨는 1998년에 결혼했다. (참/거짓),"['이재환 씨는 1988년에 결혼했습니다.', '이재환 씨는 자녀가 없습니다.', '이재환 씨는 61세 남자이며, 전라남 전라남-순천시에 거주합니다. 최종 학력은 4년제 대학교, 전공은 예술·인문이고, 직업은 무직입니다.', '이재환 씨는 순천에 거주하며 인문학적 소양과 꼼꼼한 계획성을 바탕으로 문화관광해설사를 꿈꾸는, 정적인 삶과 지적 탐구를 지향하는 60대 남성입니다.', '이재환 씨는 아내와 함께 SUV를 타고 드라이브를 떠나는 시간을 통해 부부 사이의 돈독한 정을 확인하며 평온한 노후를 보냅니다. 상대의 감정을 세밀하게 살피는 성격 덕분에 아내와 큰 갈등 없이 조화로운 관계를 유지하며, 서로의 취향을 존중하는 차분한 대화를 나눕니다.']","F, 이재환 씨는 1988년에 결혼했습니다.",제공된 페르소나 정보 기준 이재환 씨의 결혼 정보: 1988년에 결혼.,1.0,0.5453650845698931,0.9999999999,0.5,4,P002-Q06-F-시점오류,F-시점오류,F
이재환 씨는 전라남 순천구에 산다. (참/거짓),"['이재환 씨는 61세 남자이며, 전라남 전라남-순천시에 거주합니다. 최종 학력은 4년제 대학교, 전공은 예술·인문이고, 직업은 무직입니다.', '이재환 씨는 순천에 거주하며 인문학적 소양과 꼼꼼한 계획성을 바탕으로 문화관광해설사를 꿈꾸는, 정적인 삶과 지적 탐구를 지향하는 60대 남성입니다.', '이재환 씨는 자녀가 없습니다.', '이재환 씨는 1988년에 결혼했습니다.', '이재환 씨의 주요 질환은 관절염이고, 복용 약물은 아세트아미노펜, 셀레콕시브입니다.']","F, 이재환 씨는 전라남 순천시에 거주합니다.",제공된 페르소나 정보 기준 이재환 씨의 거주지: 전라남 순천시.,1.0,0.4426059579450901,0.99999999995,0.5,4,P002-Q07-ADV-부분일치,ADV-부분일치,F
이재환 씨는 1989년에 결혼했다. (참/거짓),"['이재환 씨는 1988년에 결혼했습니다.', '이재환 씨는 자녀가 없습니다.', '이재환 씨는 61세 남자이며, 전라남 전라남-순천시에 거주합니다. 최종 학력은 4년제 대학교, 전공은 예술·인문이고, 직업은 무직입니다.', '이재환 씨는 순천에 거주하며 인문학적 소양과 꼼꼼한 계획성을 바탕으로 문화관광해설사를 꿈꾸는, 정적인 삶과 지적 탐구를 지향하는 60대 남성입니다.', '이재환 씨는 아내와 함께 SUV를 타고 드라이브를 떠나는 시간을 통해 부부 사이의 돈독한 정을 확인하며 평온한 노후를 보냅니다. 상대의 감정을 세밀하게 살피는 성격 덕분에 아내와 큰 갈등 없이 조화로운 관계를 유지하며, 서로의 취향을 존중하는 차분한 대화를 나눕니다.']","F, 이재환 씨는 1988년에 결혼했습니다.",제공된 페르소나 정보 기준 이재환 씨의 결혼 정보: 1988년에 결혼.,1.0,0.5546631804150884,0.9999999999,0.0,4,P002-Q08-ADV-시점근접,ADV-시점근접,F
이 사람의 이름은 이성호이다. (참/거짓),"['이재환 씨는 순천에 거주하며 인문학적 소양과 꼼꼼한 계획성을 바탕으로 문화관광해설사를 꿈꾸는, 정적인 삶과 지적 탐구를 지향하는 60대 남성입니다.', '이재환 씨는 61세 남자이며, 전라남 전라남-순천시에 거주합니다. 최종 학력은 4년제 대학교, 전공은 예술·인문이고, 직업은 무직입니다.', '이재환 씨의 주요 질환은 관절염이고, 복용 약물은 아세트아미노펜, 셀레콕시브입니다.', '이재환 씨는 자녀가 없습니다.', '이재환 씨가 즐겨먹는 음식은 설렁탕, 취미는 화투, 좋아하는 문화는 임영웅 노래입니다.']",F. 이 사람의 이름은 이재환입니다.,제공된 페르소나 정보 기준 이재환 씨의 이름: 이재환.,1.0,0.6508054037680034,0.0,0.0,4,P002-Q09-ADV-유사인물,ADV-유사인물,F
유영실 씨의 거주지는 어디인가요?,"['유영실 씨는 1988년에 결혼했습니다.', '유영실 씨는 68세 남자이며, 서울 서울-강서구에 거주합니다. 최종 학력은 고등학교이고, 직업은 전화 상담원입니다.', '유영실 씨는 섬세한 공감 능력으로 사람을 대하는 노련한 상담원이자, 예술적 감수성과 절제된 생활 습관을 지닌 강서구의 다정한 가장입니다.', '유영실 씨의 자녀는 1명: 유준호(34세 남자).', '유영실 씨가 즐겨먹는 음식은 보리밥, 취미는 라디오 듣기, 좋아하는 문화는 전국노래자랑입니다.']",유영실 씨는 서울 서울-강서구에 거주합니다.,유영실 씨의 거주지: 서울 강서구.,1.0,0.9460349114518956,0.5833333333041666,1.0,4,P003-Q01-T-거주지,T-거주지,서울 강서구
유영실 씨의 직업은 무엇인가요?,"['유영실 씨는 1988년에 결혼했습니다.', '유영실 씨는 68세 남자이며, 서울 서울-강서구에 거주합니다. 최종 학력은 고등학교이고, 직업은 전화 상담원입니다.', '유영실 씨는 섬세한 공감 능력으로 사람을 대하는 노련한 상담원이자, 예술적 감수성과 절제된 생활 습관을 지닌 강서구의 다정한 가장입니다.', '유영실 씨는 집안의 중심을 잡는 든든한 아버지이자 남편으로, 자녀들의 고민 섞인 말 한마디에도 귀를 기울이며 따뜻한 조언을 건네는 다정한 성격입니다. 가끔은 세대 차이로 인해 대화가 끊길 때면 씁쓸함을 느끼지만, 묵묵히 과일을 깎아 내어놓으며 가족 간의 화목을 유지하려 노력합니다.', '유영실 씨가 즐겨먹는 음식은 보리밥, 취미는 라디오 듣기, 좋아하는 문화는 전국노래자랑입니다.']",유영실 씨의 직업은 전화 상담원입니다.,유영실 씨의 직업: 전화 상담원.,1.0,0.971834530445602,0.5833333333041666,1.0,4,P003-Q02-T-직업,T-직업,전화 상담원
유영실 씨의 최종 학력은 무엇인가요?,"['유영실 씨는 68세 남자이며, 서울 서울-강서구에 거주합니다. 최종 학력은 고등학교이고, 직업은 전화 상담원입니다.', '유영실 씨는 1988년에 결혼했습니다.', '유영실 씨는 섬세한 공감 능력으로 사람을 대하는 노련한 상담원이자, 예술적 감수성과 절제된 생활 습관을 지닌 강서구의 다정한 가장입니다.', '유영실 씨가 즐겨먹는 음식은 보리밥, 취미는 라디오 듣기, 좋아하는 문화는 전국노래자랑입니다.', '유영실 씨의 자녀는 1명: 유준호(34세 남자).']",유영실 씨의 최종 학력은 고등학교입니다.,유영실 씨의 최종 학력: 고등학교.,1.0,0.9205532495158072,0.9999999999,1.0,4,P003-Q03-T-학력,T-학력,고등학교
유영실 씨는 강원에 살고 있다. (참/거짓),"['유영실 씨는 1988년에 결혼했습니다.', '유영실 씨는 68세 남자이며, 서울 서울-강서구에 거주합니다. 최종 학력은 고등학교이고, 직업은 전화 상담원입니다.', '유영실 씨는 섬세한 공감 능력으로 사람을 대하는 노련한 상담원이자, 예술적 감수성과 절제된 생활 습관을 지닌 강서구의 다정한 가장입니다.', '유영실 씨의 자녀는 1명: 유준호(34세 남자).', '유영실 씨가 즐겨먹는 음식은 보리밥, 취미는 라디오 듣기, 좋아하는 문화는 전국노래자랑입니다.']",F. 유영실 씨는 서울-강서구에 거주합니다.,제공된 페르소나 정보 기준 유영실 씨의 거주지: 서울 강서구.,1.0,0.7821978699437638,0.49999999995,0.5,4,P003-Q04-F-반대,F-반대,F
유영실 씨의 현재 운영 중인 사업자명은 무엇인가요?,"['유영실 씨는 1988년에 결혼했습니다.', '유영실 씨는 68세 남자이며, 서울 서울-강서구에 거주합니다. 최종 학력은 고등학교이고, 직업은 전화 상담원입니다.', '유영실 씨의 자녀는 1명: 유준호(34세 남자).', '유영실 씨는 섬세한 공감 능력으로 사람을 대하는 노련한 상담원이자, 예술적 감수성과 절제된 생활 습관을 지닌 강서구의 다정한 가장입니다.', '유영실 씨가 즐겨먹는 음식은 보리밥, 취미는 라디오 듣기, 좋아하는 문화는 전국노래자랑입니다.']",정보 없음,제공된 페르소나 정보에는 유영실 씨에 대해 질문한 사실이 없습니다.,1.0,0.0,0.0,0.0,4,P003-Q05-F-비존재,F-비존재,정보 없음
유영실 씨는 1973년에 결혼했다. (참/거짓),"['유영실 씨는 1988년에 결혼했습니다.', '유영실 씨의 자녀는 1명: 유준호(34세 남자).', '유영실 씨는 68세 남자이며, 서울 서울-강서구에 거주합니다. 최종 학력은 고등학교이고, 직업은 전화 상담원입니다.', '유영실 씨는 집안의 중심을 잡는 든든한 아버지이자 남편으로, 자녀들의 고민 섞인 말 한마디에도 귀를 기울이며 따뜻한 조언을 건네는 다정한 성격입니다. 가끔은 세대 차이로 인해 대화가 끊길 때면 씁쓸함을 느끼지만, 묵묵히 과일을 깎아 내어놓으며 가족 간의 화목을 유지하려 노력합니다.', '유영실 씨는 섬세한 공감 능력으로 사람을 대하는 노련한 상담원이자, 예술적 감수성과 절제된 생활 습관을 지닌 강서구의 다정한 가장입니다.']",F. 유영실 씨는 1988년에 결혼했습니다.,제공된 페르소나 정보 기준 유영실 씨의 결혼 정보: 1988년에 결혼.,1.0,0.8435163701351681,0.9999999999,0.5,4,P003-Q06-F-시점오류,F-시점오류,F
유영실 씨의 직업은 전화 영업원이다. (참/거짓),"['유영실 씨는 68세 남자이며, 서울 서울-강서구에 거주합니다. 최종 학력은 고등학교이고, 직업은 전화 상담원입니다.', '유영실 씨는 1988년에 결혼했습니다.', '유영실 씨는 섬세한 공감 능력으로 사람을 대하는 노련한 상담원이자, 예술적 감수성과 절제된 생활 습관을 지닌 강서구의 다정한 가장입니다.', '유영실 씨는 집안의 중심을 잡는 든든한 아버지이자 남편으로, 자녀들의 고민 섞인 말 한마디에도 귀를 기울이며 따뜻한 조언을 건네는 다정한 성격입니다. 가끔은 세대 차이로 인해 대화가 끊길 때면 씁쓸함을 느끼지만, 묵묵히 과일을 깎아 내어놓으며 가족 간의 화목을 유지하려 노력합니다.', '유영실 씨의 자녀는 1명: 유준호(34세 남자).']","F, 유영실 씨의 직업은 전화 상담원입니다.",제공된 페르소나 정보 기준 유영실 씨의 직업: 전화 상담원.,1.0,0.7584952777635391,0.9999999999,1.0,4,P003-Q07-ADV-부분일치,ADV-부분일치,F
유영실 씨는 1989년에 결혼했다. (참/거짓),"['유영실 씨는 1988년에 결혼했습니다.', '유영실 씨의 자녀는 1명: 유준호(34세 남자).', '유영실 씨는 68세 남자이며, 서울 서울-강서구에 거주합니다. 최종 학력은 고등학교이고, 직업은 전화 상담원입니다.', '유영실 씨는 섬세한 공감 능력으로 사람을 대하는 노련한 상담원이자, 예술적 감수성과 절제된 생활 습관을 지닌 강서구의 다정한 가장입니다.', '유영실 씨는 집안의 중심을 잡는 든든한 아버지이자 남편으로, 자녀들의 고민 섞인 말 한마디에도 귀를 기울이며 따뜻한 조언을 건네는 다정한 성격입니다. 가끔은 세대 차이로 인해 대화가 끊길 때면 씁쓸함을 느끼지만, 묵묵히 과일을 깎아 내어놓으며 가족 간의 화목을 유지하려 노력합니다.']",F. 유영실 씨는 1988년에 결혼했습니다.,제공된 페르소나 정보 기준 유영실 씨의 결혼 정보: 1988년에 결혼.,1.0,0.8383368054671236,0.9999999999,0.0,4,P003-Q08-ADV-시점근접,ADV-시점근접,F
유영실 씨의 자녀 이름은 유재영이다. (참/거짓),"['유영실 씨의 자녀는 1명: 유준호(34세 남자).', '유영실 씨는 1988년에 결혼했습니다.', '유영실 씨는 68세 남자이며, 서울 서울-강서구에 거주합니다. 최종 학력은 고등학교이고, 직업은 전화 상담원입니다.', '유영실 씨는 집안의 중심을 잡는 든든한 아버지이자 남편으로, 자녀들의 고민 섞인 말 한마디에도 귀를 기울이며 따뜻한 조언을 건네는 다정한 성격입니다. 가끔은 세대 차이로 인해 대화가 끊길 때면 씁쓸함을 느끼지만, 묵묵히 과일을 깎아 내어놓으며 가족 간의 화목을 유지하려 노력합니다.', '유영실 씨는 섬세한 공감 능력으로 사람을 대하는 노련한 상담원이자, 예술적 감수성과 절제된 생활 습관을 지닌 강서구의 다정한 가장입니다.']",F. 유영실 씨의 자녀 이름은 유준호입니다.,제공된 페르소나 정보 기준 유영실 씨의 자녀 정보: 자녀 1명(유준호).,1.0,0.7563208234702435,0.9999999999,0.0,4,P003-Q09-ADV-유사인물,ADV-유사인물,F
기경수 씨의 거주지는 어디인가요?,"['기경수 씨는 1997년에 결혼했습니다.', '기경수 씨는 62세 남자이며, 전북 전북-전주시 완산구에 거주합니다. 최종 학력은 4년제 대학교, 전공은 서비스이고, 직업은 무직입니다.', '기경수 씨는 배우자와 함께 전주 아파트에서 거주하며 예의와 격식을 중시하는 가풍을 유지하려 노력합니다. 기경수 씨는 가족들에게 정중한 말투를 사용하지만, 집안의 물건 배치나 청소 상태가 자신의 기준에서 벗어나면 날카로운 지적을 쏟아내어 집안 분위기를 순식간에 얼어붙게 만듭니다.', '기경수 씨가 즐겨먹는 음식은 떡볶이, 취미는 산책, 좋아하는 문화는 임영웅 노래입니다.', '기경수 씨는 2주에 한 번 정도 단골 식당을 찾아 뜨끈한 콩나물국밥 한 그릇으로 식사를 해결하며 소박한 만족감을 느낍니다. 기경수 씨는 한 달에 한 번 배달 음식을 시켜 먹을 때면 주로 간단한 김밥이나 떡볶이 같은 분식류를 선택해 천천히 맛을 음미합니다.']",기경수 씨는 전북 전북-전주시 완산구에 거주합니다.,기경수 씨의 거주지: 전북 전주시 완산구.,1.0,0.920297506092473,0.5833333333041666,1.0,4,P004-Q01-T-거주지,T-거주지,전북 전주시 완산구
기경수 씨의 직업은 무엇인가요?,"['기경수 씨는 1997년에 결혼했습니다.', '기경수 씨는 62세 남자이며, 전북 전북-전주시 완산구에 거주합니다. 최종 학력은 4년제 대학교, 전공은 서비스이고, 직업은 무직입니다.', '기경수 씨가 즐겨먹는 음식은 떡볶이, 취미는 산책, 좋아하는 문화는 임영웅 노래입니다.', '기경수 씨는 서비스업의 노련함과 당뇨라는 건강상의 제약을 동시에 가진 채, 전주의 고즈넉한 일상 속에서 질서 정연한 은퇴 생활을 영위하는 고집 센 신사입니다.', '기경수 씨는 2주에 한 번 정도 단골 식당을 찾아 뜨끈한 콩나물국밥 한 그릇으로 식사를 해결하며 소박한 만족감을 느낍니다. 기경수 씨는 한 달에 한 번 배달 음식을 시켜 먹을 때면 주로 간단한 김밥이나 떡볶이 같은 분식류를 선택해 천천히 맛을 음미합니다.']",기경수 씨의 직업은 무직입니다.,기경수 씨의 직업: 무직.,1.0,0.9685702161202618,0.49999999995,1.0,4,P004-Q02-T-직업,T-직업,무직
기경수 씨의 최종 학력은 무엇인가요?,"['기경수 씨는 1997년에 결혼했습니다.', '기경수 씨는 62세 남자이며, 전북 전북-전주시 완산구에 거주합니다. 최종 학력은 4년제 대학교, 전공은 서비스이고, 직업은 무직입니다.', '기경수 씨가 즐겨먹는 음식은 떡볶이, 취미는 산책, 좋아하는 문화는 임영웅 노래입니다.', '기경수 씨의 주요 질환은 관절염이고, 복용 약물은 아세트아미노펜, 셀레콕시브입니다.', '기경수 씨의 자녀는 2명: 기지훈(26세 남자), 기준호(23세 남자).']",기경수 씨의 최종 학력은 4년제 대학교입니다.,기경수 씨의 최종 학력: 4년제 대학교(서비스).,1.0,0.9059275219232276,0.49999999995,1.0,4,P004-Q03-T-학력,T-학력,4년제 대학교
기경수 씨는 인천에 살고 있다. (참/거짓),"['기경수 씨는 1997년에 결혼했습니다.', '기경수 씨는 62세 남자이며, 전북 전북-전주시 완산구에 거주합니다. 최종 학력은 4년제 대학교, 전공은 서비스이고, 직업은 무직입니다.', '기경수 씨는 배우자와 함께 전주 아파트에서 거주하며 예의와 격식을 중시하는 가풍을 유지하려 노력합니다. 기경수 씨는 가족들에게 정중한 말투를 사용하지만, 집안의 물건 배치나 청소 상태가 자신의 기준에서 벗어나면 날카로운 지적을 쏟아내어 집안 분위기를 순식간에 얼어붙게 만듭니다.', '기경수 씨가 즐겨먹는 음식은 떡볶이, 취미는 산책, 좋아하는 문화는 임영웅 노래입니다.', '기경수 씨는 2주에 한 번 정도 단골 식당을 찾아 뜨끈한 콩나물국밥 한 그릇으로 식사를 해결하며 소박한 만족감을 느낍니다. 기경수 씨는 한 달에 한 번 배달 음식을 시켜 먹을 때면 주로 간단한 김밥이나 떡볶이 같은 분식류를 선택해 천천히 맛을 음미합니다.']","F, 기경수 씨는 전북 전주시 완산구에 거주합니다.",제공된 페르소나 정보 기준 기경수 씨의 거주지: 전북 전주시 완산구.,1.0,0.7767479203961608,0.5833333333041666,0.0,4,P004-Q04-F-반대,F-반대,F
기경수 씨의 최근 가입한 동호회의 이름은 무엇인가요?,"['기경수 씨는 1997년에 결혼했습니다.', '기경수 씨는 62세 남자이며, 전북 전북-전주시 완산구에 거주합니다. 최종 학력은 4년제 대학교, 전공은 서비스이고, 직업은 무직입니다.', '기경수 씨가 즐겨먹는 음식은 떡볶이, 취미는 산책, 좋아하는 문화는 임영웅 노래입니다.', '기경수 씨는 2주에 한 번 정도 단골 식당을 찾아 뜨끈한 콩나물국밥 한 그릇으로 식사를 해결하며 소박한 만족감을 느낍니다. 기경수 씨는 한 달에 한 번 배달 음식을 시켜 먹을 때면 주로 간단한 김밥이나 떡볶이 같은 분식류를 선택해 천천히 맛을 음미합니다.', '기경수 씨는 배우자와 함께 전주 아파트에서 거주하며 예의와 격식을 중시하는 가풍을 유지하려 노력합니다. 기경수 씨는 가족들에게 정중한 말투를 사용하지만, 집안의 물건 배치나 청소 상태가 자신의 기준에서 벗어나면 날카로운 지적을 쏟아내어 집안 분위기를 순식간에 얼어붙게 만듭니다.']",정보 없음,제공된 페르소나 정보에는 기경수 씨에 대해 질문한 사실이 없습니다.,1.0,0.0,0.0,0.0,4,P004-Q05-F-비존재,F-비존재,정보 없음
기경수 씨는 1982년에 결혼했다. (참/거짓),"['기경수 씨는 1997년에 결혼했습니다.', '기경수 씨는 62세 남자이며, 전북 전북-전주시 완산구에 거주합니다. 최종 학력은 4년제 대학교, 전공은 서비스이고, 직업은 무직입니다.', '기경수 씨의 자녀는 2명: 기지훈(26세 남자), 기준호(23세 남자).', '기경수 씨는 배우자와 함께 전주 아파트에서 거주하며 예의와 격식을 중시하는 가풍을 유지하려 노력합니다. 기경수 씨는 가족들에게 정중한 말투를 사용하지만, 집안의 물건 배치나 청소 상태가 자신의 기준에서 벗어나면 날카로운 지적을 쏟아내어 집안 분위기를 순식간에 얼어붙게 만듭니다.', '기경수 씨가 즐겨먹는 음식은 떡볶이, 취미는 산책, 좋아하는 문화는 임영웅 노래입니다.']",F. 기경수 씨는 1997년에 결혼했습니다.,제공된 페르소나 정보 기준 기경수 씨의 결혼 정보: 1997년에 결혼.,1.0,0.5805264435552085,0.9999999999,0.5,4,P004-Q06-F-시점오류,F-시점오류,F
기경수 씨는 전북 전주시 완산시에 산다. (참/거짓),"['기경수 씨는 62세 남자이며, 전북 전북-전주시 완산구에 거주합니다. 최종 학력은 4년제 대학교, 전공은 서비스이고, 직업은 무직입니다.', '기경수 씨는 배우자와 함께 전주 아파트에서 거주하며 예의와 격식을 중시하는 가풍을 유지하려 노력합니다. 기경수 씨는 가족들에게 정중한 말투를 사용하지만, 집안의 물건 배치나 청소 상태가 자신의 기준에서 벗어나면 날카로운 지적을 쏟아내어 집안 분위기를 순식간에 얼어붙게 만듭니다.', '기경수 씨는 1997년에 결혼했습니다.', '기경수 씨가 즐겨먹는 음식은 떡볶이, 취미는 산책, 좋아하는 문화는 임영웅 노래입니다.', '전주 완산구의 고즈넉한 분위기와 한옥마을 인근의 정취 속에서 생활하며, 예의와 격식을 중시하는 전북 지역 특유의 정서가 깊게 배어 있습니다. 대학에서 서비스 전공을 하며 익힌 정중함이 몸에 배어 있으나, 내면에는 자신만의 뚜렷한 기준과 고집이 공존하는 세대적 특성을 보입니다.']","F, 기경수 씨는 전북",제공된 페르소나 정보 기준 기경수 씨의 거주지: 전북 전주시 완산구.,0.5,0.6456477445370854,0.699999999965,1.0,4,P004-Q07-ADV-부분일치,ADV-부분일치,F
기경수 씨는 1996년에 결혼했다. (참/거짓),"['기경수 씨는 1997년에 결혼했습니다.', '기경수 씨의 자녀는 2명: 기지훈(26세 남자), 기준호(23세 남자).', '기경수 씨는 62세 남자이며, 전북 전북-전주시 완산구에 거주합니다. 최종 학력은 4년제 대학교, 전공은 서비스이고, 직업은 무직입니다.', '기경수 씨는 배우자와 함께 전주 아파트에서 거주하며 예의와 격식을 중시하는 가풍을 유지하려 노력합니다. 기경수 씨는 가족들에게 정중한 말투를 사용하지만, 집안의 물건 배치나 청소 상태가 자신의 기준에서 벗어나면 날카로운 지적을 쏟아내어 집안 분위기를 순식간에 얼어붙게 만듭니다.', '기경수 씨가 즐겨먹는 음식은 떡볶이, 취미는 산책, 좋아하는 문화는 임영웅 노래입니다.']",F. 기경수 씨는 1997년에 결혼했습니다.,제공된 페르소나 정보 기준 기경수 씨의 결혼 정보: 1997년에 결혼.,1.0,0.5996892850635122,0.9999999999,0.0,4,P004-Q08-ADV-시점근접,ADV-시점근접,F
기경수 씨의 자녀 이름은 기민수이다. (참/거짓),"['기경수 씨는 1997년에 결혼했습니다.', '기경수 씨의 자녀는 2명: 기지훈(26세 남자), 기준호(23세 남자).', '기경수 씨는 62세 남자이며, 전북 전북-전주시 완산구에 거주합니다. 최종 학력은 4년제 대학교, 전공은 서비스이고, 직업은 무직입니다.', '기경수 씨가 즐겨먹는 음식은 떡볶이, 취미는 산책, 좋아하는 문화는 임영웅 노래입니다.', '기경수 씨의 주요 질환은 관절염이고, 복용 약물은 아세트아미노펜, 셀레콕시브입니다.']",F. 기경수 씨의 자녀 이름은 기지훈과 기준호입니다.,"제공된 페르소나 정보 기준 기경수 씨의 자녀 정보: 자녀 2명(기지훈, 기준호).",1.0,0.7512802368361117,0.0,1.0,4,P004-Q09-ADV-유사인물,ADV-유사인물,F
이강철 씨의 거주지는 어디인가요?,"['이강철 씨는 1989년에 결혼했습니다.', '이강철 씨는 67세 남자이며, 서울 서울-서초구에 거주합니다. 최종 학력은 고등학교이고, 직업은 전화 상담원입니다.', '이강철 씨는 서초구에서 성실하게 근무하는 전기·가스 상담원이자, 철저한 자기관리와 실속 있는 삶을 지향하는 60대 가장입니다.', '이강철 씨는 아내와 함께 서초구의 전세 아파트에서 서로의 일상을 공유하며, 함께 수목원을 여행하는 것으로 부부간의 정을 확인합니다. 이강철 씨는 겉으로는 무뚝뚝하고 단호한 성격이지만, 아내가 좋아하는 꽃이 핀 수목원 정보를 미리 알아보고 예약하는 세심한 면모를 보입니다.', '이강철 씨가 즐겨먹는 음식은 잡채, 취미는 바둑, 좋아하는 문화는 이미자 노래입니다.']",이강철 씨는 서울 서울-서초구에 거주합니다.,이강철 씨의 거주지: 서울 서초구.,1.0,0.9325560948124236,0.6388888888675925,1.0,4,P005-Q01-T-거주지,T-거주지,서울 서초구
이강철 씨의 직업은 무엇인가요?,"['이강철 씨는 1989년에 결혼했습니다.', '이강철 씨는 67세 남자이며, 서울 서울-서초구에 거주합니다. 최종 학력은 고등학교이고, 직업은 전화 상담원입니다.', '이강철 씨는 서초구에서 성실하게 근무하는 전기·가스 상담원이자, 철저한 자기관리와 실속 있는 삶을 지향하는 60대 가장입니다.', '이강철 씨가 즐겨먹는 음식은 잡채, 취미는 바둑, 좋아하는 문화는 이미자 노래입니다.', '이강철 씨의 주요 질환은 협심증이고, 복용 약물은 니트로글리세린, 아스피린입니다.']",이강철 씨의 직업은,이강철 씨의 직업: 전화 상담원.,0.0,0.0,0.5833333333041666,1.0,4,P005-Q02-T-직업,T-직업,전화 상담원
이강철 씨의 최종 학력은 무엇인가요?,"['이강철 씨는 67세 남자이며, 서울 서울-서초구에 거주합니다. 최종 학력은 고등학교이고, 직업은 전화 상담원입니다.', '이강철 씨는 1989년에 결혼했습니다.', '이강철 씨의 주요 질환은 협심증이고, 복용 약물은 니트로글리세린, 아스피린입니다.', '이강철 씨가 즐겨먹는 음식은 잡채, 취미는 바둑, 좋아하는 문화는 이미자 노래입니다.', '이강철 씨는 서초구에서 성실하게 근무하는 전기·가스 상담원이자, 철저한 자기관리와 실속 있는 삶을 지향하는 60대 가장입니다.']",이강철 씨의 최종 학력은 고등학교입니다.,이강철 씨의 최종 학력: 고등학교.,1.0,0.9116046100257272,0.9999999999,1.0,4,P005-Q03-T-학력,T-학력,고등학교
이강철 씨는 전북에 살고 있다. (참/거짓),"['이강철 씨는 1989년에 결혼했습니다.', '이강철 씨는 67세 남자이며, 서울 서울-서초구에 거주합니다. 최종 학력은 고등학교이고, 직업은 전화 상담원입니다.', '이강철 씨는 서초구에서 성실하게 근무하는 전기·가스 상담원이자, 철저한 자기관리와 실속 있는 삶을 지향하는 60대 가장입니다.', '이강철 씨가 즐겨먹는 음식은 잡채, 취미는 바둑, 좋아하는 문화는 이미자 노래입니다.', '이강철 씨는 아내와 함께 서초구의 전세 아파트에서 서로의 일상을 공유하며, 함께 수목원을 여행하는 것으로 부부간의 정을 확인합니다. 이강철 씨는 겉으로는 무뚝뚝하고 단호한 성격이지만, 아내가 좋아하는 꽃이 핀 수목원 정보를 미리 알아보고 예약하는 세심한 면모를 보입니다.']","F, 이강철 씨는 서울 서초구에 거주합니다.",제공된 페르소나 정보 기준 이강철 씨의 거주지: 서울 서초구.,1.0,0.6604518360068794,0.5888888888692593,0.5,4,P005-Q04-F-반대,F-반대,F
이강철 씨의 정기 후원하는 단체의 이름은 무엇인가요?,"['이강철 씨는 1989년에 결혼했습니다.', '이강철 씨는 서초구에서 성실하게 근무하는 전기·가스 상담원이자, 철저한 자기관리와 실속 있는 삶을 지향하는 60대 가장입니다.', '이강철 씨의 주요 질환은 협심증이고, 복용 약물은 니트로글리세린, 아스피린입니다.', '이강철 씨는 67세 남자이며, 서울 서울-서초구에 거주합니다. 최종 학력은 고등학교이고, 직업은 전화 상담원입니다.', '이강철 씨가 즐겨먹는 음식은 잡채, 취미는 바둑, 좋아하는 문화는 이미자 노래입니다.']",정보 없음,제공된 페르소나 정보에는 이강철 씨에 대해 질문한 사실이 없습니다.,1.0,0.0,0.0,0.0,4,P005-Q05-F-비존재,F-비존재,정보 없음
이강철 씨는 1979년에 결혼했다. (참/거짓),"['이강철 씨는 1989년에 결혼했습니다.', '이강철 씨는 67세 남자이며, 서울 서울-서초구에 거주합니다. 최종 학력은 고등학교이고, 직업은 전화 상담원입니다.', '이강철 씨의 자녀는 1명: 이기훈(35세 남자).', '이강철 씨는 아내와 함께 서초구의 전세 아파트에서 서로의 일상을 공유하며, 함께 수목원을 여행하는 것으로 부부간의 정을 확인합니다. 이강철 씨는 겉으로는 무뚝뚝하고 단호한 성격이지만, 아내가 좋아하는 꽃이 핀 수목원 정보를 미리 알아보고 예약하는 세심한 면모를 보입니다.', '이강철 씨는 서초구에서 성실하게 근무하는 전기·가스 상담원이자, 철저한 자기관리와 실속 있는 삶을 지향하는 60대 가장입니다.']",F. 이강철 씨는 1989년에 결혼했습니다.,제공된 페르소나 정보 기준 이강철 씨의 결혼 정보: 1989년에 결혼.,1.0,0.4854769409288848,0.9999999999,0.0,4,P005-Q06-F-시점오류,F-시점오류,F
이강철 씨의 직업은 전화 영업원이다. (참/거짓),"['이강철 씨는 67세 남자이며, 서울 서울-서초구에 거주합니다. 최종 학력은 고등학교이고, 직업은 전화 상담원입니다.', '이강철 씨는 서초구에서 성실하게 근무하는 전기·가스 상담원이자, 철저한 자기관리와 실속 있는 삶을 지향하는 60대 가장입니다.', '이강철 씨는 1989년에 결혼했습니다.', '이강철 씨가 즐겨먹는 음식은 잡채, 취미는 바둑, 좋아하는 문화는 이미자 노래입니다.', '이강철 씨의 자녀는 1명: 이기훈(35세 남자).']",F. 이강철 씨의 직업은 전화 상담원입니다.,제공된 페르소나 정보 기준 이강철 씨의 직업: 전화 상담원.,1.0,0.7159085756858815,0.99999999995,1.0,4,P005-Q07-ADV-부분일치,ADV-부분일치,F
이강철 씨는 1988년에 결혼했다. (참/거짓),"['이강철 씨는 1989년에 결혼했습니다.', '이강철 씨의 자녀는 1명: 이기훈(35세 남자).', '이강철 씨는 67세 남자이며, 서울 서울-서초구에 거주합니다. 최종 학력은 고등학교이고, 직업은 전화 상담원입니다.', '이강철 씨는 아내와 함께 서초구의 전세 아파트에서 서로의 일상을 공유하며, 함께 수목원을 여행하는 것으로 부부간의 정을 확인합니다. 이강철 씨는 겉으로는 무뚝뚝하고 단호한 성격이지만, 아내가 좋아하는 꽃이 핀 수목원 정보를 미리 알아보고 예약하는 세심한 면모를 보입니다.', '이강철 씨는 서초구에서 성실하게 근무하는 전기·가스 상담원이자, 철저한 자기관리와 실속 있는 삶을 지향하는 60대 가장입니다.']","F, 이강철 씨는 1989년에 결혼했습니다.",제공된 페르소나 정보 기준 이강철 씨의 결혼 정보: 1989년에 결혼.,1.0,0.506222999694461,0.9999999999,0.0,4,P005-Q08-ADV-시점근접,ADV-시점근접,F
이강철 씨의 자녀 이름은 이정우이다. (참/거짓),"['이강철 씨의 자녀는 1명: 이기훈(35세 남자).', '이강철 씨는 1989년에 결혼했습니다.', '이강철 씨는 67세 남자이며, 서울 서울-서초구에 거주합니다. 최종 학력은 고등학교이고, 직업은 전화 상담원입니다.', '이강철 씨는 서초구에서 성실하게 근무하는 전기·가스 상담원이자, 철저한 자기관리와 실속 있는 삶을 지향하는 60대 가장입니다.', '이강철 씨의 주요 질환은 협심증이고, 복용 약물은 니트로글리세린, 아스피린입니다.']",F. 이강철 씨의 자녀 이름은 이기훈입니다.,제공된 페르소나 정보 기준 이강철 씨의 자녀 정보: 자녀 1명(이기훈).,1.0,0.4696259624541751,0.9999999999,0.0,4,P005-Q09-ADV-유사인물,ADV-유사인물,F
우동화 씨의 거주지는 어디인가요?,"['우동화 씨는 자녀가 없습니다.', '우동화 씨는 1991년에 결혼했습니다.', '우동화 씨는 65세 여자이며, 경기 경기-수원시 장안구에 거주합니다. 최종 학력은 중학교이고, 직업은 음식 서비스 종사원입니다.', '우동화 씨는 장안구의 오래된 단독주택에서 남편과 함께 서로의 투박한 일상을 공유하며, 가끔은 말다툼을 벌이기도 하지만 결국은 같이 텔레비전 앞에 앉아 과일을 깎아 먹는 평범한 부부의 삶을 삽니다.', '우동화 씨는 수원 장안구에서 학교 급식실 조리원으로 일하며, 소박한 일상의 안정과 친구들과의 수다를 통해 삶의 활력을 얻는 60대 여성입니다.']",우동화 씨는 경기 경기-수원시 장안구에 거주합니다.,우동화 씨의 거주지: 경기 수원시 장안구.,1.0,0.5535015377407703,0.4777777777618519,1.0,4,P006-Q01-T-거주지,T-거주지,경기 수원시 장안구
우동화 씨의 직업은 무엇인가요?,"['우동화 씨는 1991년에 결혼했습니다.', '우동화 씨는 자녀가 없습니다.', '우동화 씨는 65세 여자이며, 경기 경기-수원시 장안구에 거주합니다. 최종 학력은 중학교이고, 직업은 음식 서비스 종사원입니다.', '우동화 씨는 수원 장안구에서 학교 급식실 조리원으로 일하며, 소박한 일상의 안정과 친구들과의 수다를 통해 삶의 활력을 얻는 60대 여성입니다.', '우동화 씨가 즐겨먹는 음식은 김밥, 취미는 맛집 탐방, 좋아하는 문화는 내셔널 지오그래픽입니다.']",우동화 씨의 직업은 학교 급식실 조리원입니다.,우동화 씨의 직업: 음식 서비스 종사원.,1.0,0.5525731019441388,0.4166666666458333,1.0,4,P006-Q02-T-직업,T-직업,음식 서비스 종사원
우동화 씨의 최종 학력은 무엇인가요?,"['우동화 씨는 1991년에 결혼했습니다.', '우동화 씨는 65세 여자이며, 경기 경기-수원시 장안구에 거주합니다. 최종 학력은 중학교이고, 직업은 음식 서비스 종사원입니다.', '우동화 씨는 자녀가 없습니다.', '우동화 씨는 수원 장안구에서 학교 급식실 조리원으로 일하며, 소박한 일상의 안정과 친구들과의 수다를 통해 삶의 활력을 얻는 60대 여성입니다.', '우동화 씨가 즐겨먹는 음식은 김밥, 취미는 맛집 탐방, 좋아하는 문화는 내셔널 지오그래픽입니다.']",우동화 씨의 최종 학력은 중학교입니다.,우동화 씨의 최종 학력: 중학교.,1.0,0.918298773222051,0.49999999995,1.0,4,P006-Q03-T-학력,T-학력,중학교
우동화 씨는 전라남에 살고 있다. (참/거짓),"['우동화 씨는 1991년에 결혼했습니다.', '우동화 씨는 자녀가 없습니다.', '우동화 씨는 일주일에 한 번, 단골 분식집에서 매콤한 떡볶이와 꼬마김밥을 주문해 친구들과 수다를 떨며, 집에서는 고기 없는 깔끔한 나물 반찬 위주의 소박한 식탁을 차립니다.', '우동화 씨는 장안구의 오래된 단독주택에서 남편과 함께 서로의 투박한 일상을 공유하며, 가끔은 말다툼을 벌이기도 하지만 결국은 같이 텔레비전 앞에 앉아 과일을 깎아 먹는 평범한 부부의 삶을 삽니다.', '우동화 씨는 65세 여자이며, 경기 경기-수원시 장안구에 거주합니다. 최종 학력은 중학교이고, 직업은 음식 서비스 종사원입니다.']","F, 우동화 씨는 경기 경기-수원시 장안구에 거주합니다.",제공된 페르소나 정보 기준 우동화 씨의 거주지: 경기 수원시 장안구.,1.0,0.5383263530018697,0.32499999998375,0.5,4,P006-Q04-F-반대,F-반대,F
우동화 씨의 최근 가입한 동호회의 이름은 무엇인가요?,"['우동화 씨는 1991년에 결혼했습니다.', '우동화 씨는 자녀가 없습니다.', '우동화 씨가 즐겨먹는 음식은 김밥, 취미는 맛집 탐방, 좋아하는 문화는 내셔널 지오그래픽입니다.', '우동화 씨는 65세 여자이며, 경기 경기-수원시 장안구에 거주합니다. 최종 학력은 중학교이고, 직업은 음식 서비스 종사원입니다.', '우동화 씨는 일주일에 한 번, 단골 분식집에서 매콤한 떡볶이와 꼬마김밥을 주문해 친구들과 수다를 떨며, 집에서는 고기 없는 깔끔한 나물 반찬 위주의 소박한 식탁을 차립니다.']",정보 없음,제공된 페르소나 정보에는 우동화 씨에 대해 질문한 사실이 없습니다.,1.0,0.0,0.0,0.0,4,P006-Q05-F-비존재,F-비존재,정보 없음
우동화 씨는 1976년에 결혼했다. (참/거짓),"['우동화 씨는 1991년에 결혼했습니다.', '우동화 씨는 자녀가 없습니다.', '우동화 씨는 장안구의 오래된 단독주택에서 남편과 함께 서로의 투박한 일상을 공유하며, 가끔은 말다툼을 벌이기도 하지만 결국은 같이 텔레비전 앞에 앉아 과일을 깎아 먹는 평범한 부부의 삶을 삽니다.', '우동화 씨는 65세 여자이며, 경기 경기-수원시 장안구에 거주합니다. 최종 학력은 중학교이고, 직업은 음식 서비스 종사원입니다.', '우동화 씨는 수원 장안구에서 학교 급식실 조리원으로 일하며, 소박한 일상의 안정과 친구들과의 수다를 통해 삶의 활력을 얻는 60대 여성입니다.']",F. 우동화 씨는 1991년에 결혼했습니다.,제공된 페르소나 정보 기준 우동화 씨의 결혼 정보: 1991년에 결혼.,1.0,0.5534281775437451,0.9999999999,0.0,4,P006-Q06-F-시점오류,F-시점오류,F
우동화 씨의 직업은 주방 보조원이다. (참/거짓),"['우동화 씨는 65세 여자이며, 경기 경기-수원시 장안구에 거주합니다. 최종 학력은 중학교이고, 직업은 음식 서비스 종사원입니다.', '우동화 씨는 수원 장안구에서 학교 급식실 조리원으로 일하며, 소박한 일상의 안정과 친구들과의 수다를 통해 삶의 활력을 얻는 60대 여성입니다.', '우동화 씨는 자녀가 없습니다.', '우동화 씨는 일주일에 한 번, 단골 분식집에서 매콤한 떡볶이와 꼬마김밥을 주문해 친구들과 수다를 떨며, 집에서는 고기 없는 깔끔한 나물 반찬 위주의 소박한 식탁을 차립니다.', '우동화 씨가 즐겨먹는 음식은 김밥, 취미는 맛집 탐방, 좋아하는 문화는 내셔널 지오그래픽입니다.']","F, 우동화 씨의 직업은 음식",제공된 페르소나 정보 기준 우동화 씨의 직업: 음식 서비스 종사원.,,0.7060066835728911,0.99999999995,0.0,4,P006-Q07-ADV-부분일치,ADV-부분일치,F
우동화 씨는 1992년에 결혼했다. (참/거짓),"['우동화 씨는 1991년에 결혼했습니다.', '우동화 씨는 자녀가 없습니다.', '우동화 씨는 장안구의 오래된 단독주택에서 남편과 함께 서로의 투박한 일상을 공유하며, 가끔은 말다툼을 벌이기도 하지만 결국은 같이 텔레비전 앞에 앉아 과일을 깎아 먹는 평범한 부부의 삶을 삽니다.', '우동화 씨는 65세 여자이며, 경기 경기-수원시 장안구에 거주합니다. 최종 학력은 중학교이고, 직업은 음식 서비스 종사원입니다.', '우동화 씨가 즐겨먹는 음식은 김밥, 취미는 맛집 탐방, 좋아하는 문화는 내셔널 지오그래픽입니다.']","F, 우동화 씨는 1991년에 결혼했습니다.",제공된 페르소나 정보 기준 우동화 씨의 결혼 정보: 1991년에 결혼.,1.0,0.5383887002574551,0.9999999999,0.0,4,P006-Q08-ADV-시점근접,ADV-시점근접,F
이 사람의 이름은 우지영이다. (참/거짓),"['우동화 씨는 65세 여자이며, 경기 경기-수원시 장안구에 거주합니다. 최종 학력은 중학교이고, 직업은 음식 서비스 종사원입니다.', '우동화 씨는 수원 장안구에서 학교 급식실 조리원으로 일하며, 소박한 일상의 안정과 친구들과의 수다를 통해 삶의 활력을 얻는 60대 여성입니다.', '우동화 씨는 자녀가 없습니다.', '우동화 씨가 즐겨먹는 음식은 김밥, 취미는 맛집 탐방, 좋아하는 문화는 내셔널 지오그래픽입니다.', '우동화 씨는 장안구의 오래된 단독주택에서 남편과 함께 서로의 투박한 일상을 공유하며, 가끔은 말다툼을 벌이기도 하지만 결국은 같이 텔레비전 앞에 앉아 과일을 깎아 먹는 평범한 부부의 삶을 삽니다.']","F, 이 사람의 이름은 우동화입니다.",제공된 페르소나 정보 기준 우동화 씨의 이름: 우동화.,1.0,0.6341887709143478,0.0,0.0,4,P006-Q09-ADV-유사인물,ADV-유사인물,F
권양희 씨의 거주지는 어디인가요?,"['권양희 씨는 미혼입니다.', '권양희 씨는 자녀가 없습니다.', '권양희 씨는 대구 수성구의 자가 아파트에서 거주하며, 신문 읽기와 원예, 수성못 산책으로 평온한 노후를 보내는 실용적이고 차분한 성격의 60대 미혼 여성입니다.', '권양희 씨는 63세 여자이며, 대구 대구-수성구에 거주합니다. 최종 학력은 고등학교이고, 직업은 무직입니다.', '권양희 씨는 수성구 아파트에서 홀로 거주하며 독립적인 삶을 꾸리고 있지만, 주말마다 찾아오는 가족들을 위해 정성스럽게 음식을 준비하며 깊은 유대감을 나눕니다. 고등학교 시절부터 인연을 맺어온 오랜 친구들과 수시로 전화 통화를 하며 서로의 안부를 묻고 소소한 일상을 공유하는 것으로 적적함을 달랩니다.']",권양희 씨는 대구 수성구의 자가 아파트에 거주합니다.,권양희 씨의 거주지: 대구 수성구.,1.0,0.5537895826192125,0.4777777777618519,1.0,4,P007-Q01-T-거주지,T-거주지,대구 수성구
권양희 씨의 직업은 무엇인가요?,"['권양희 씨는 미혼입니다.', '권양희 씨는 자녀가 없습니다.', '권양희 씨는 63세 여자이며, 대구 대구-수성구에 거주합니다. 최종 학력은 고등학교이고, 직업은 무직입니다.', '권양희 씨는 대구 수성구의 자가 아파트에서 거주하며, 신문 읽기와 원예, 수성못 산책으로 평온한 노후를 보내는 실용적이고 차분한 성격의 60대 미혼 여성입니다.', '권양희 씨가 즐겨먹는 음식은 떡볶이, 취미는 수영, 좋아하는 문화는 옛날 영화입니다.']",권양희 씨의 직업은 무직입니다.,권양희 씨의 직업: 무직.,1.0,0.9693570629721352,0.3333333333,1.0,4,P007-Q02-T-직업,T-직업,무직
권양희 씨의 최종 학력은 무엇인가요?,"['권양희 씨는 미혼입니다.', '권양희 씨는 63세 여자이며, 대구 대구-수성구에 거주합니다. 최종 학력은 고등학교이고, 직업은 무직입니다.', '권양희 씨는 자녀가 없습니다.', '권양희 씨는 대구 수성구의 자가 아파트에서 거주하며, 신문 읽기와 원예, 수성못 산책으로 평온한 노후를 보내는 실용적이고 차분한 성격의 60대 미혼 여성입니다.', '권양희 씨가 즐겨먹는 음식은 떡볶이, 취미는 수영, 좋아하는 문화는 옛날 영화입니다.']",권양희 씨의 최종 학력은 고등학교입니다.,권양희 씨의 최종 학력: 고등학교.,1.0,0.9123388194637078,0.49999999995,1.0,4,P007-Q03-T-학력,T-학력,고등학교
권양희 씨는 경상남에 살고 있다. (참/거짓),"['권양희 씨는 미혼입니다.', '권양희 씨는 63세 여자이며, 대구 대구-수성구에 거주합니다. 최종 학력은 고등학교이고, 직업은 무직입니다.', '권양희 씨는 대구 수성구의 자가 아파트에서 거주하며, 신문 읽기와 원예, 수성못 산책으로 평온한 노후를 보내는 실용적이고 차분한 성격의 60대 미혼 여성입니다.', '권양희 씨는 자녀가 없습니다.', '권양희 씨는 수성구 아파트에서 홀로 거주하며 독립적인 삶을 꾸리고 있지만, 주말마다 찾아오는 가족들을 위해 정성스럽게 음식을 준비하며 깊은 유대감을 나눕니다. 고등학교 시절부터 인연을 맺어온 오랜 친구들과 수시로 전화 통화를 하며 서로의 안부를 묻고 소소한 일상을 공유하는 것으로 적적함을 달랩니다.']","F, 권양희 씨는 대구 수성구에 거주합니다.",제공된 페르소나 정보 기준 권양희 씨의 거주지: 대구 수성구.,1.0,0.5634027861200009,0.5888888888692593,0.5,4,P007-Q04-F-반대,F-반대,F
권양희 씨의 정기 후원하는 단체의 이름은 무엇인가요?,"['권양희 씨는 미혼입니다.', '권양희 씨는 자녀가 없습니다.', '권양희 씨는 63세 여자이며, 대구 대구-수성구에 거주합니다. 최종 학력은 고등학교이고, 직업은 무직입니다.', '권양희 씨가 즐겨먹는 음식은 떡볶이, 취미는 수영, 좋아하는 문화는 옛날 영화입니다.', '권양희 씨는 대구 수성구의 자가 아파트에서 거주하며, 신문 읽기와 원예, 수성못 산책으로 평온한 노후를 보내는 실용적이고 차분한 성격의 60대 미혼 여성입니다.']",정보 없음,제공된 페르소나 정보에는 권양희 씨에 대해 질문한 사실이 없습니다.,1.0,0.0,0.0,0.0,4,P007-Q05-F-비존재,F-비존재,정보 없음
권양희 씨는 1953년에 태어났다. (참/거짓),"['권양희 씨는 미혼입니다.', '권양희 씨는 63세 여자이며, 대구 대구-수성구에 거주합니다. 최종 학력은 고등학교이고, 직업은 무직입니다.', '권양희 씨는 자녀가 없습니다.', '권양희 씨는 대구 수성구의 자가 아파트에서 거주하며, 신문 읽기와 원예, 수성못 산책으로 평온한 노후를 보내는 실용적이고 차분한 성격의 60대 미혼 여성입니다.', '권양희 씨가 즐겨먹는 음식은 떡볶이, 취미는 수영, 좋아하는 문화는 옛날 영화입니다.']",F. 정보 없음.,제공된 페르소나 정보 기준 권양희 씨의 해당 사실: 정보 없음.,1.0,0.0,0.0,0.0,4,P007-Q06-F-시점오류,F-시점오류,F
권양희 씨는 대구 수성시에 산다. (참/거짓),"['권양희 씨는 대구 수성구의 자가 아파트에서 거주하며, 신문 읽기와 원예, 수성못 산책으로 평온한 노후를 보내는 실용적이고 차분한 성격의 60대 미혼 여성입니다.', '권양희 씨는 63세 여자이며, 대구 대구-수성구에 거주합니다. 최종 학력은 고등학교이고, 직업은 무직입니다.', '권양희 씨는 미혼입니다.', '권양희 씨는 수성구 아파트에서 홀로 거주하며 독립적인 삶을 꾸리고 있지만, 주말마다 찾아오는 가족들을 위해 정성스럽게 음식을 준비하며 깊은 유대감을 나눕니다. 고등학교 시절부터 인연을 맺어온 오랜 친구들과 수시로 전화 통화를 하며 서로의 안부를 묻고 소소한 일상을 공유하는 것으로 적적함을 달랩니다.', '권양희 씨는 자녀가 없습니다.']","F, 권양희 씨는 대구",제공된 페르소나 정보 기준 권양희 씨의 거주지: 대구 수성구.,0.5,0.6843650935090732,0.9166666666361112,1.0,4,P007-Q07-ADV-부분일치,ADV-부분일치,F
권양희 씨는 1962년에 태어났다. (참/거짓),"['권양희 씨는 미혼입니다.', '권양희 씨는 자녀가 없습니다.', '권양희 씨는 63세 여자이며, 대구 대구-수성구에 거주합니다. 최종 학력은 고등학교이고, 직업은 무직입니다.', '권양희 씨는 대구 수성구의 자가 아파트에서 거주하며, 신문 읽기와 원예, 수성못 산책으로 평온한 노후를 보내는 실용적이고 차분한 성격의 60대 미혼 여성입니다.', '권양희 씨가 즐겨먹는 음식은 떡볶이, 취미는 수영, 좋아하는 문화는 옛날 영화입니다.']",정보 없음,제공된 페르소나 정보 기준 권양희 씨의 해당 사실: 정보 없음.,1.0,0.0,0.0,0.0,4,P007-Q08-ADV-시점근접,ADV-시점근접,F
이 사람의 이름은 권선영이다. (참/거짓),"['권양희 씨는 미혼입니다.', '권양희 씨는 63세 여자이며, 대구 대구-수성구에 거주합니다. 최종 학력은 고등학교이고, 직업은 무직입니다.', '권양희 씨는 대구 수성구의 자가 아파트에서 거주하며, 신문 읽기와 원예, 수성못 산책으로 평온한 노후를 보내는 실용적이고 차분한 성격의 60대 미혼 여성입니다.', '권양희 씨는 자녀가 없습니다.', '권양희 씨는 수성구 아파트에서 홀로 거주하며 독립적인 삶을 꾸리고 있지만, 주말마다 찾아오는 가족들을 위해 정성스럽게 음식을 준비하며 깊은 유대감을 나눕니다. 고등학교 시절부터 인연을 맺어온 오랜 친구들과 수시로 전화 통화를 하며 서로의 안부를 묻고 소소한 일상을 공유하는 것으로 적적함을 달랩니다.']",F. 이 사람의 이름은 권양희입니다.,제공된 페르소나 정보 기준 권양희 씨의 이름: 권양희.,1.0,0.621917265541751,0.0,0.0,4,P007-Q09-ADV-유사인물,ADV-유사인물,F
이미숙 씨의 거주지는 어디인가요?,"['이미숙 씨는 1997년에 결혼했습니다.', '이미숙 씨는 노원구에서 성실하게 가정을 일궈온 60대 주부로, 건강 관리와 가족의 화목을 최우선으로 여기며 소박한 일상의 평화를 찾는 분입니다.', '이미숙 씨는 62세 여자이며, 서울 서울-노원구에 거주합니다. 최종 학력은 중학교이고, 직업은 무직입니다.', '이미숙 씨는 중계동 다세대 주택에서 남편과 자녀들을 위해 헌신해 왔으며, 정해진 규칙을 중요하게 여기면서도 자식들의 간곡한 부탁에는 결국 마음이 약해져 다 들어주고 마는 전형적인 한국의 어머니입니다. 가끔은 자녀들의 무심함에 서운함을 느끼지만, 함께 빵집에서 디저트를 나누어 먹는 짧은 순간에 모든 갈등을 잊고 만족해합니다.', '이미숙 씨가 즐겨먹는 음식은 잡채, 취미는 화투, 좋아하는 문화는 조용필 노래입니다.']",이미숙 씨는 서울 노원구 중계동,이미숙 씨의 거주지: 서울 노원구.,1.0,0.7432648305487777,0.5833333333041666,1.0,4,P008-Q01-T-거주지,T-거주지,서울 노원구
이미숙 씨의 직업은 무엇인가요?,"['이미숙 씨는 1997년에 결혼했습니다.', '이미숙 씨는 62세 여자이며, 서울 서울-노원구에 거주합니다. 최종 학력은 중학교이고, 직업은 무직입니다.', '이미숙 씨는 노원구에서 성실하게 가정을 일궈온 60대 주부로, 건강 관리와 가족의 화목을 최우선으로 여기며 소박한 일상의 평화를 찾는 분입니다.', '이미숙 씨는 중계동 다세대 주택에서 남편과 자녀들을 위해 헌신해 왔으며, 정해진 규칙을 중요하게 여기면서도 자식들의 간곡한 부탁에는 결국 마음이 약해져 다 들어주고 마는 전형적인 한국의 어머니입니다. 가끔은 자녀들의 무심함에 서운함을 느끼지만, 함께 빵집에서 디저트를 나누어 먹는 짧은 순간에 모든 갈등을 잊고 만족해합니다.', '이미숙 씨가 즐겨먹는 음식은 잡채, 취미는 화투, 좋아하는 문화는 조용필 노래입니다.']",이미숙 씨의 직업은 무직입니다.,이미숙 씨의 직업: 무직.,1.0,0.6971193159523069,0.49999999995,1.0,4,P008-Q02-T-직업,T-직업,무직
이미숙 씨의 최종 학력은 무엇인가요?,"['이미숙 씨는 62세 여자이며, 서울 서울-노원구에 거주합니다. 최종 학력은 중학교이고, 직업은 무직입니다.', '이미숙 씨는 1997년에 결혼했습니다.', '이미숙 씨는 노원구에서 성실하게 가정을 일궈온 60대 주부로, 건강 관리와 가족의 화목을 최우선으로 여기며 소박한 일상의 평화를 찾는 분입니다.', '이미숙 씨가 즐겨먹는 음식은 잡채, 취미는 화투, 좋아하는 문화는 조용필 노래입니다.', '이미숙 씨의 주요 질환은 협심증, 고혈압이고, 복용 약물은 니트로글리세린, 아스피린, 암로디핀, 로사르탄입니다.']",이미숙 씨의 최종 학력은 중학교입니다.,이미숙 씨의 최종 학력: 중학교.,1.0,0.6978276941839073,0.9999999999,1.0,4,P008-Q03-T-학력,T-학력,중학교
이미숙 씨는 강원에 살고 있다. (참/거짓),"['이미숙 씨는 62세 여자이며, 서울 서울-노원구에 거주합니다. 최종 학력은 중학교이고, 직업은 무직입니다.', '이미숙 씨는 1997년에 결혼했습니다.', '이미숙 씨는 노원구에서 성실하게 가정을 일궈온 60대 주부로, 건강 관리와 가족의 화목을 최우선으로 여기며 소박한 일상의 평화를 찾는 분입니다.', '이미숙 씨는 중계동 다세대 주택에서 남편과 자녀들을 위해 헌신해 왔으며, 정해진 규칙을 중요하게 여기면서도 자식들의 간곡한 부탁에는 결국 마음이 약해져 다 들어주고 마는 전형적인 한국의 어머니입니다. 가끔은 자녀들의 무심함에 서운함을 느끼지만, 함께 빵집에서 디저트를 나누어 먹는 짧은 순간에 모든 갈등을 잊고 만족해합니다.', '이미숙 씨의 자녀는 1명: 이병철(28세 남자).']",F. 이미숙 씨는 서울-노원구에 거주합니다.,제공된 페르소나 정보 기준 이미숙 씨의 거주지: 서울 노원구.,1.0,0.7412522471705575,0.8333333332916666,0.5,4,P008-Q04-F-반대,F-반대,F
이미숙 씨의 반려동물의 이름은 무엇인가요?,"['이미숙 씨는 1997년에 결혼했습니다.', '이미숙 씨는 노원구에서 성실하게 가정을 일궈온 60대 주부로, 건강 관리와 가족의 화목을 최우선으로 여기며 소박한 일상의 평화를 찾는 분입니다.', '이미숙 씨가 즐겨먹는 음식은 잡채, 취미는 화투, 좋아하는 문화는 조용필 노래입니다.', '이미숙 씨의 자녀는 1명: 이병철(28세 남자).', '이미숙 씨는 62세 여자이며, 서울 서울-노원구에 거주합니다. 최종 학력은 중학교이고, 직업은 무직입니다.']",정보 없음,제공된 페르소나 정보에는 이미숙 씨에 대해 질문한 사실이 없습니다.,1.0,0.0,0.0,0.0,4,P008-Q05-F-비존재,F-비존재,정보 없음
이미숙 씨는 2012년에 결혼했다. (참/거짓),"['이미숙 씨는 1997년에 결혼했습니다.', '이미숙 씨는 62세 여자이며, 서울 서울-노원구에 거주합니다. 최종 학력은 중학교이고, 직업은 무직입니다.', '이미숙 씨의 자녀는 1명: 이병철(28세 남자).', '이미숙 씨는 노원구에서 성실하게 가정을 일궈온 60대 주부로, 건강 관리와 가족의 화목을 최우선으로 여기며 소박한 일상의 평화를 찾는 분입니다.', '이미숙 씨는 중계동 다세대 주택에서 남편과 자녀들을 위해 헌신해 왔으며, 정해진 규칙을 중요하게 여기면서도 자식들의 간곡한 부탁에는 결국 마음이 약해져 다 들어주고 마는 전형적인 한국의 어머니입니다. 가끔은 자녀들의 무심함에 서운함을 느끼지만, 함께 빵집에서 디저트를 나누어 먹는 짧은 순간에 모든 갈등을 잊고 만족해합니다.']",F. 이미숙 씨는 1997년에 결혼했습니다.,제공된 페르소나 정보 기준 이미숙 씨의 결혼 정보: 1997년에 결혼.,1.0,0.7790494180469413,0.9999999999,1.0,4,P008-Q06-F-시점오류,F-시점오류,F
이미숙 씨는 서울 노원시에 산다. (참/거짓),"['이미숙 씨는 62세 여자이며, 서울 서울-노원구에 거주합니다. 최종 학력은 중학교이고, 직업은 무직입니다.', '이미숙 씨는 노원구에서 성실하게 가정을 일궈온 60대 주부로, 건강 관리와 가족의 화목을 최우선으로 여기며 소박한 일상의 평화를 찾는 분입니다.', '이미숙 씨는 1997년에 결혼했습니다.', '이미숙 씨는 중계동 다세대 주택에서 남편과 자녀들을 위해 헌신해 왔으며, 정해진 규칙을 중요하게 여기면서도 자식들의 간곡한 부탁에는 결국 마음이 약해져 다 들어주고 마는 전형적인 한국의 어머니입니다. 가끔은 자녀들의 무심함에 서운함을 느끼지만, 함께 빵집에서 디저트를 나누어 먹는 짧은 순간에 모든 갈등을 잊고 만족해합니다.', '이미숙 씨의 자녀는 1명: 이병철(28세 남자).']","F, 이미숙 씨는 서울 노원구에",제공된 페르소나 정보 기준 이미숙 씨의 거주지: 서울 노원구.,1.0,0.7315213465002849,0.99999999995,1.0,4,P008-Q07-ADV-부분일치,ADV-부분일치,F
이미숙 씨는 1996년에 결혼했다. (참/거짓),"['이미숙 씨는 1997년에 결혼했습니다.', '이미숙 씨는 62세 여자이며, 서울 서울-노원구에 거주합니다. 최종 학력은 중학교이고, 직업은 무직입니다.', '이미숙 씨의 자녀는 1명: 이병철(28세 남자).', '이미숙 씨는 노원구에서 성실하게 가정을 일궈온 60대 주부로, 건강 관리와 가족의 화목을 최우선으로 여기며 소박한 일상의 평화를 찾는 분입니다.', '이미숙 씨는 중계동 다세대 주택에서 남편과 자녀들을 위해 헌신해 왔으며, 정해진 규칙을 중요하게 여기면서도 자식들의 간곡한 부탁에는 결국 마음이 약해져 다 들어주고 마는 전형적인 한국의 어머니입니다. 가끔은 자녀들의 무심함에 서운함을 느끼지만, 함께 빵집에서 디저트를 나누어 먹는 짧은 순간에 모든 갈등을 잊고 만족해합니다.']",F. 이미숙 씨는 1997년에 결혼했습니다.,제공된 페르소나 정보 기준 이미숙 씨의 결혼 정보: 1997년에 결혼.,1.0,0.7870495352985168,0.9999999999,0.0,4,P008-Q08-ADV-시점근접,ADV-시점근접,F
이미숙 씨의 자녀 이름은 이준호이다. (참/거짓),"['이미숙 씨의 자녀는 1명: 이병철(28세 남자).', '이미숙 씨는 1997년에 결혼했습니다.', '이미숙 씨는 62세 여자이며, 서울 서울-노원구에 거주합니다. 최종 학력은 중학교이고, 직업은 무직입니다.', '이미숙 씨는 중계동 다세대 주택에서 남편과 자녀들을 위해 헌신해 왔으며, 정해진 규칙을 중요하게 여기면서도 자식들의 간곡한 부탁에는 결국 마음이 약해져 다 들어주고 마는 전형적인 한국의 어머니입니다. 가끔은 자녀들의 무심함에 서운함을 느끼지만, 함께 빵집에서 디저트를 나누어 먹는 짧은 순간에 모든 갈등을 잊고 만족해합니다.', '이미숙 씨는 노원구에서 성실하게 가정을 일궈온 60대 주부로, 건강 관리와 가족의 화목을 최우선으로 여기며 소박한 일상의 평화를 찾는 분입니다.']",F. 이미숙 씨의 자녀 이름은 이병철입니다.,제공된 페르소나 정보 기준 이미숙 씨의 자녀 정보: 자녀 1명(이병철).,1.0,0.7035202969327051,0.9999999999,0.0,4,P008-Q09-ADV-유사인물,ADV-유사인물,F
이진숙 씨의 거주지는 어디인가요?,"['이진숙 씨는 1991년에 결혼했습니다.', '이진숙 씨는 65세 여자이며, 경기 경기-광명시에 거주합니다. 최종 학력은 중학교이고, 직업은 요양 보호사입니다.', '이진숙 씨는 광명시에서 요양 보호사로 일하며 배움의 열정을 놓지 않고 사회복지사를 꿈꾸는, 다정하면서도 섬세한 60대 여성입니다.', '이진숙 씨는 평생을 함께한 남편과 단둘이 거주하며 서로 의지하는 안정적인 관계를 유지하고 있습니다. 이진숙 씨는 남편과 함께하는 외출과 식사를 통해 정서적 충만함을 느끼지만, 때로는 혼자만의 시간이 필요해 방 안에서 조용히 낮잠을 청하며 에너지를 보충합니다.', '이진숙 씨가 즐겨먹는 음식은 비빔밥, 취미는 등산, 좋아하는 문화는 트로트입니다.']",이진숙 씨는 경기 경기-광명시에 거주합니다.,이진숙 씨의 거주지: 경기 광명시.,1.0,0.833412879339655,0.5833333333041666,1.0,4,P009-Q01-T-거주지,T-거주지,경기 광명시
이진숙 씨의 직업은 무엇인가요?,"['이진숙 씨는 1991년에 결혼했습니다.', '이진숙 씨는 광명시에서 요양 보호사로 일하며 배움의 열정을 놓지 않고 사회복지사를 꿈꾸는, 다정하면서도 섬세한 60대 여성입니다.', '이진숙 씨는 65세 여자이며, 경기 경기-광명시에 거주합니다. 최종 학력은 중학교이고, 직업은 요양 보호사입니다.', '이진숙 씨가 즐겨먹는 음식은 비빔밥, 취미는 등산, 좋아하는 문화는 트로트입니다.', '이진숙 씨의 자녀는 1명: 이수정(32세 여자).']",이진숙 씨의 직업은 요양 보호사입니다.,이진숙 씨의 직업: 요양 보호사.,1.0,0.9672280113972804,0.5833333333041666,1.0,4,P009-Q02-T-직업,T-직업,요양 보호사
이진숙 씨의 최종 학력은 무엇인가요?,"['이진숙 씨는 65세 여자이며, 경기 경기-광명시에 거주합니다. 최종 학력은 중학교이고, 직업은 요양 보호사입니다.', '이진숙 씨는 1991년에 결혼했습니다.', '이진숙 씨는 광명시에서 요양 보호사로 일하며 배움의 열정을 놓지 않고 사회복지사를 꿈꾸는, 다정하면서도 섬세한 60대 여성입니다.', '이진숙 씨의 자녀는 1명: 이수정(32세 여자).', '이진숙 씨가 즐겨먹는 음식은 비빔밥, 취미는 등산, 좋아하는 문화는 트로트입니다.']",이진숙 씨의 최종 학력은 중학교입니다.,이진숙 씨의 최종 학력: 중학교.,1.0,0.9089092464707642,0.9999999999,1.0,4,P009-Q03-T-학력,T-학력,중학교
이진숙 씨는 경상북에 살고 있다. (참/거짓),"['이진숙 씨는 1991년에 결혼했습니다.', '이진숙 씨는 광명시에서 요양 보호사로 일하며 배움의 열정을 놓지 않고 사회복지사를 꿈꾸는, 다정하면서도 섬세한 60대 여성입니다.', '이진숙 씨는 65세 여자이며, 경기 경기-광명시에 거주합니다. 최종 학력은 중학교이고, 직업은 요양 보호사입니다.', '이진숙 씨는 평생을 함께한 남편과 단둘이 거주하며 서로 의지하는 안정적인 관계를 유지하고 있습니다. 이진숙 씨는 남편과 함께하는 외출과 식사를 통해 정서적 충만함을 느끼지만, 때로는 혼자만의 시간이 필요해 방 안에서 조용히 낮잠을 청하며 에너지를 보충합니다.', '이진숙 씨가 즐겨먹는 음식은 비빔밥, 취미는 등산, 좋아하는 문화는 트로트입니다.']",F. 이진숙 씨는 경기 경기-광명시에 거주합니다.,제공된 페르소나 정보 기준 이진숙 씨의 거주지: 경기 광명시.,1.0,0.6724563968288854,0.5833333333041666,0.5,4,P009-Q04-F-반대,F-반대,F
이진숙 씨의 반려동물의 이름은 무엇인가요?,"['이진숙 씨는 1991년에 결혼했습니다.', '이진숙 씨가 즐겨먹는 음식은 비빔밥, 취미는 등산, 좋아하는 문화는 트로트입니다.', '이진숙 씨는 평생을 함께한 남편과 단둘이 거주하며 서로 의지하는 안정적인 관계를 유지하고 있습니다. 이진숙 씨는 남편과 함께하는 외출과 식사를 통해 정서적 충만함을 느끼지만, 때로는 혼자만의 시간이 필요해 방 안에서 조용히 낮잠을 청하며 에너지를 보충합니다.', '이진숙 씨의 자녀는 1명: 이수정(32세 여자).', '이진숙 씨는 광명시에서 요양 보호사로 일하며 배움의 열정을 놓지 않고 사회복지사를 꿈꾸는, 다정하면서도 섬세한 60대 여성입니다.']",정보 없음,제공된 페르소나 정보에는 이진숙 씨에 대해 질문한 사실이 없습니다.,1.0,0.0,0.0,0.0,4,P009-Q05-F-비존재,F-비존재,정보 없음
이진숙 씨는 1976년에 결혼했다. (참/거짓),"['이진숙 씨는 1991년에 결혼했습니다.', '이진숙 씨의 자녀는 1명: 이수정(32세 여자).', '이진숙 씨는 평생을 함께한 남편과 단둘이 거주하며 서로 의지하는 안정적인 관계를 유지하고 있습니다. 이진숙 씨는 남편과 함께하는 외출과 식사를 통해 정서적 충만함을 느끼지만, 때로는 혼자만의 시간이 필요해 방 안에서 조용히 낮잠을 청하며 에너지를 보충합니다.', '이진숙 씨는 광명시에서 요양 보호사로 일하며 배움의 열정을 놓지 않고 사회복지사를 꿈꾸는, 다정하면서도 섬세한 60대 여성입니다.', '이진숙 씨는 65세 여자이며, 경기 경기-광명시에 거주합니다. 최종 학력은 중학교이고, 직업은 요양 보호사입니다.']",F. 이진숙 씨는 1991년에 결혼했습니다.,제공된 페르소나 정보 기준 이진숙 씨의 결혼 정보: 1991년에 결혼.,1.0,0.4871514111348791,0.9999999999,0.5,4,P009-Q06-F-시점오류,F-시점오류,F
이진숙 씨의 직업은 요양 시설 청소원이다. (참/거짓),"['이진숙 씨는 65세 여자이며, 경기 경기-광명시에 거주합니다. 최종 학력은 중학교이고, 직업은 요양 보호사입니다.', '이진숙 씨는 광명시에서 요양 보호사로 일하며 배움의 열정을 놓지 않고 사회복지사를 꿈꾸는, 다정하면서도 섬세한 60대 여성입니다.', '이진숙 씨는 1991년에 결혼했습니다.', '이진숙 씨는 평생을 함께한 남편과 단둘이 거주하며 서로 의지하는 안정적인 관계를 유지하고 있습니다. 이진숙 씨는 남편과 함께하는 외출과 식사를 통해 정서적 충만함을 느끼지만, 때로는 혼자만의 시간이 필요해 방 안에서 조용히 낮잠을 청하며 에너지를 보충합니다.', '이진숙 씨의 자녀는 1명: 이수정(32세 여자).']","F, 이진숙 씨의 직업은 요양 보호사입니다.",제공된 페르소나 정보 기준 이진숙 씨의 직업: 요양 보호사.,1.0,0.6947902058121719,0.9999999999,1.0,4,P009-Q07-ADV-부분일치,ADV-부분일치,F
이진숙 씨는 1992년에 결혼했다. (참/거짓),"['이진숙 씨는 1991년에 결혼했습니다.', '이진숙 씨의 자녀는 1명: 이수정(32세 여자).', '이진숙 씨는 평생을 함께한 남편과 단둘이 거주하며 서로 의지하는 안정적인 관계를 유지하고 있습니다. 이진숙 씨는 남편과 함께하는 외출과 식사를 통해 정서적 충만함을 느끼지만, 때로는 혼자만의 시간이 필요해 방 안에서 조용히 낮잠을 청하며 에너지를 보충합니다.', '이진숙 씨는 65세 여자이며, 경기 경기-광명시에 거주합니다. 최종 학력은 중학교이고, 직업은 요양 보호사입니다.', '이진숙 씨는 광명시에서 요양 보호사로 일하며 배움의 열정을 놓지 않고 사회복지사를 꿈꾸는, 다정하면서도 섬세한 60대 여성입니다.']",F. 이진숙 씨는 1991년에 결혼했습니다.,제공된 페르소나 정보 기준 이진숙 씨의 결혼 정보: 1991년에 결혼.,1.0,0.4855188784686969,0.9999999999,0.0,4,P009-Q08-ADV-시점근접,ADV-시점근접,F
이진숙 씨의 자녀 이름은 이은영이다. (참/거짓),"['이진숙 씨의 자녀는 1명: 이수정(32세 여자).', '이진숙 씨는 1991년에 결혼했습니다.', '이진숙 씨는 65세 여자이며, 경기 경기-광명시에 거주합니다. 최종 학력은 중학교이고, 직업은 요양 보호사입니다.', '이진숙 씨는 광명시에서 요양 보호사로 일하며 배움의 열정을 놓지 않고 사회복지사를 꿈꾸는, 다정하면서도 섬세한 60대 여성입니다.', '이진숙 씨가 즐겨먹는 음식은 비빔밥, 취미는 등산, 좋아하는 문화는 트로트입니다.']",F. 이진숙 씨의 자녀 이름은 이수정입니다.,제공된 페르소나 정보 기준 이진숙 씨의 자녀 정보: 자녀 1명(이수정).,1.0,0.7667473034189203,0.9999999999,0.0,4,P009-Q09-ADV-유사인물,ADV-유사인물,F
오양순 씨의 거주지는 어디인가요?,"['오양순 씨는 1992년에 결혼했습니다.', '오양순 씨는 중랑구 망우동에서 강인한 생활력으로 가족을 일궈온 60대 여성으로, 임영웅의 노래와 중랑천 산책, 친구들과의 맛집 여행으로 소소한 행복을 찾는 분입니다.', '오양순 씨는 62세 여자이며, 서울 서울-중랑구에 거주합니다. 최종 학력은 중학교이고, 직업은 무직입니다.', '오양순 님은 중랑구 망우동의 좁은 골목길 정취에 익숙하며, 중학교 졸업 후 빠르게 사회생활을 시작해 가족을 건사해 온 강인함이 몸에 배어 있습니다. 동네 복지관에서 만난 또래들과 정답게 수다를 떨며 삶의 애환을 나누는 시간을 소중히 여기며, 세대 간의 예의를 중요하게 생각합니다.', '오양순 씨는 무뚝뚝한 남편과 다세대주택에서 함께 살며 묵묵히 가정을 건사해 왔고, 이제는 서로의 존재만으로도 안심이 되는 노년의 동반자 관계를 유지하고 있습니다.']",오양순 씨는 서울 중랑구 망우동에 거주합니다.,오양순 씨의 거주지: 서울 중랑구.,1.0,0.930479564693747,0.6388888888675925,1.0,4,P010-Q01-T-거주지,T-거주지,서울 중랑구
오양순 씨의 직업은 무엇인가요?,"['오양순 씨는 1992년에 결혼했습니다.', '오양순 씨는 62세 여자이며, 서울 서울-중랑구에 거주합니다. 최종 학력은 중학교이고, 직업은 무직입니다.', '오양순 씨는 중랑구 망우동에서 강인한 생활력으로 가족을 일궈온 60대 여성으로, 임영웅의 노래와 중랑천 산책, 친구들과의 맛집 여행으로 소소한 행복을 찾는 분입니다.', '오양순 님은 중랑구 망우동의 좁은 골목길 정취에 익숙하며, 중학교 졸업 후 빠르게 사회생활을 시작해 가족을 건사해 온 강인함이 몸에 배어 있습니다. 동네 복지관에서 만난 또래들과 정답게 수다를 떨며 삶의 애환을 나누는 시간을 소중히 여기며, 세대 간의 예의를 중요하게 생각합니다.', '오양순 씨가 즐겨먹는 음식은 곰탕, 취미는 산책, 좋아하는 문화는 임영웅 노래입니다.']",오양순 씨의 직업은 무직입니다.,오양순 씨의 직업: 무직.,1.0,0.9659338289393958,0.49999999995,1.0,4,P010-Q02-T-직업,T-직업,무직
오양순 씨의 최종 학력은 무엇인가요?,"['오양순 씨는 62세 여자이며, 서울 서울-중랑구에 거주합니다. 최종 학력은 중학교이고, 직업은 무직입니다.', '오양순 씨는 1992년에 결혼했습니다.', '오양순 님은 중랑구 망우동의 좁은 골목길 정취에 익숙하며, 중학교 졸업 후 빠르게 사회생활을 시작해 가족을 건사해 온 강인함이 몸에 배어 있습니다. 동네 복지관에서 만난 또래들과 정답게 수다를 떨며 삶의 애환을 나누는 시간을 소중히 여기며, 세대 간의 예의를 중요하게 생각합니다.', '오양순 씨의 주요 질환은 백내장이고, 복용 약물은 없음입니다.', '오양순 씨는 중랑구 망우동에서 강인한 생활력으로 가족을 일궈온 60대 여성으로, 임영웅의 노래와 중랑천 산책, 친구들과의 맛집 여행으로 소소한 행복을 찾는 분입니다.']",오양순 씨의 최종 학력은 중학교입니다.,오양순 씨의 최종 학력: 중학교.,1.0,0.9011338358656324,0.8333333332916666,1.0,4,P010-Q03-T-학력,T-학력,중학교
오양순 씨는 전북에 살고 있다. (참/거짓),"['오양순 씨는 1992년에 결혼했습니다.', '오양순 씨는 62세 여자이며, 서울 서울-중랑구에 거주합니다. 최종 학력은 중학교이고, 직업은 무직입니다.', '오양순 씨는 중랑구 망우동에서 강인한 생활력으로 가족을 일궈온 60대 여성으로, 임영웅의 노래와 중랑천 산책, 친구들과의 맛집 여행으로 소소한 행복을 찾는 분입니다.', '오양순 씨는 무뚝뚝한 남편과 다세대주택에서 함께 살며 묵묵히 가정을 건사해 왔고, 이제는 서로의 존재만으로도 안심이 되는 노년의 동반자 관계를 유지하고 있습니다.', '오양순 씨는 제철 나물을 정성껏 무쳐 식탁에 올리는 살림꾼이지만, 일주일에 한 번은 친구들과 동네 주점에 모여 안주를 곁들인 수다 타임을 가지며 삶의 애환을 나눕니다.']",F. 오양순 씨는 서울 서울-중랑구에 거주합니다.,제공된 페르소나 정보 기준 오양순 씨의 거주지: 서울 중랑구.,1.0,0.711610629102049,0.5833333333041666,0.5,4,P010-Q04-F-반대,F-반대,F
오양순 씨의 최근 가입한 동호회의 이름은 무엇인가요?,"['오양순 씨는 1992년에 결혼했습니다.', '오양순 님은 중랑구 망우동의 좁은 골목길 정취에 익숙하며, 중학교 졸업 후 빠르게 사회생활을 시작해 가족을 건사해 온 강인함이 몸에 배어 있습니다. 동네 복지관에서 만난 또래들과 정답게 수다를 떨며 삶의 애환을 나누는 시간을 소중히 여기며, 세대 간의 예의를 중요하게 생각합니다.', '오양순 씨는 중랑구 망우동에서 강인한 생활력으로 가족을 일궈온 60대 여성으로, 임영웅의 노래와 중랑천 산책, 친구들과의 맛집 여행으로 소소한 행복을 찾는 분입니다.', '오양순 씨는 62세 여자이며, 서울 서울-중랑구에 거주합니다. 최종 학력은 중학교이고, 직업은 무직입니다.', '오양순 씨가 즐겨먹는 음식은 곰탕, 취미는 산책, 좋아하는 문화는 임영웅 노래입니다.']",정보 없음,제공된 페르소나 정보에는 오양순 씨에 대해 질문한 사실이 없습니다.,1.0,0.0,0.0,0.0,4,P010-Q05-F-비존재,F-비존재,정보 없음
오양순 씨는 2002년에 결혼했다. (참/거짓),"['오양순 씨는 1992년에 결혼했습니다.', '오양순 씨는 무뚝뚝한 남편과 다세대주택에서 함께 살며 묵묵히 가정을 건사해 왔고, 이제는 서로의 존재만으로도 안심이 되는 노년의 동반자 관계를 유지하고 있습니다.', '오양순 씨는 62세 여자이며, 서울 서울-중랑구에 거주합니다. 최종 학력은 중학교이고, 직업은 무직입니다.', '오양순 씨의 자녀는 3명: 오은영(33세 여자), 오민수(31세 남자), 오수진(29세 여자).', '오양순 씨는 중랑구 망우동에서 강인한 생활력으로 가족을 일궈온 60대 여성으로, 임영웅의 노래와 중랑천 산책, 친구들과의 맛집 여행으로 소소한 행복을 찾는 분입니다.']","F, 오양순 씨는 1992년에 결혼했습니다.",제공된 페르소나 정보 기준 오양순 씨의 결혼 정보: 1992년에 결혼.,1.0,0.6292522525160483,0.9999999999,1.0,4,P010-Q06-F-시점오류,F-시점오류,F
오양순 씨는 서울 중랑시에 산다. (참/거짓),"['오양순 씨는 중랑구 망우동에서 강인한 생활력으로 가족을 일궈온 60대 여성으로, 임영웅의 노래와 중랑천 산책, 친구들과의 맛집 여행으로 소소한 행복을 찾는 분입니다.', '오양순 씨는 62세 여자이며, 서울 서울-중랑구에 거주합니다. 최종 학력은 중학교이고, 직업은 무직입니다.', '오양순 님은 중랑구 망우동의 좁은 골목길 정취에 익숙하며, 중학교 졸업 후 빠르게 사회생활을 시작해 가족을 건사해 온 강인함이 몸에 배어 있습니다. 동네 복지관에서 만난 또래들과 정답게 수다를 떨며 삶의 애환을 나누는 시간을 소중히 여기며, 세대 간의 예의를 중요하게 생각합니다.', '오양순 씨는 1992년에 결혼했습니다.', '오양순 씨는 무뚝뚝한 남편과 다세대주택에서 함께 살며 묵묵히 가정을 건사해 왔고, 이제는 서로의 존재만으로도 안심이 되는 노년의 동반자 관계를 유지하고 있습니다.']","F, 오양순 씨는 서울 중",제공된 페르소나 정보 기준 오양순 씨의 거주지: 서울 중랑구.,1.0,0.0,0.9999999999666668,1.0,4,P010-Q07-ADV-부분일치,ADV-부분일치,F
오양순 씨는 1993년에 결혼했다. (참/거짓),"['오양순 씨는 1992년에 결혼했습니다.', '오양순 씨는 무뚝뚝한 남편과 다세대주택에서 함께 살며 묵묵히 가정을 건사해 왔고, 이제는 서로의 존재만으로도 안심이 되는 노년의 동반자 관계를 유지하고 있습니다.', '오양순 씨의 자녀는 3명: 오은영(33세 여자), 오민수(31세 남자), 오수진(29세 여자).', '오양순 씨는 62세 여자이며, 서울 서울-중랑구에 거주합니다. 최종 학력은 중학교이고, 직업은 무직입니다.', '오양순 씨는 중랑구 망우동에서 강인한 생활력으로 가족을 일궈온 60대 여성으로, 임영웅의 노래와 중랑천 산책, 친구들과의 맛집 여행으로 소소한 행복을 찾는 분입니다.']",F. 오양순 씨는 1992년에 결혼했습니다.,제공된 페르소나 정보 기준 오양순 씨의 결혼 정보: 1992년에 결혼.,1.0,0.6407018519687689,0.9999999999,1.0,4,P010-Q08-ADV-시점근접,ADV-시점근접,F
오양순 씨의 자녀 이름은 오미경이다. (참/거짓),"['오양순 씨의 자녀는 3명: 오은영(33세 여자), 오민수(31세 남자), 오수진(29세 여자).', '오양순 씨는 1992년에 결혼했습니다.', '오양순 씨는 중랑구 망우동에서 강인한 생활력으로 가족을 일궈온 60대 여성으로, 임영웅의 노래와 중랑천 산책, 친구들과의 맛집 여행으로 소소한 행복을 찾는 분입니다.', '오양순 씨는 62세 여자이며, 서울 서울-중랑구에 거주합니다. 최종 학력은 중학교이고, 직업은 무직입니다.', '오양순 씨는 무뚝뚝한 남편과 다세대주택에서 함께 살며 묵묵히 가정을 건사해 왔고, 이제는 서로의 존재만으로도 안심이 되는 노년의 동반자 관계를 유지하고 있습니다.']","F. 오양순 씨의 자녀 이름은 오은영, 오민수, 오수진이다.","제공된 페르소나 정보 기준 오양순 씨의 자녀 정보: 자녀 3명(오은영, 오민수, 오수진).",1.0,0.695566600536423,0.0,0.5,4,P010-Q09-ADV-유사인물,ADV-유사인물,F
김인재 씨의 거주지는 어디인가요?,"['김인재 씨는 1986년에 결혼했습니다.', '김인재 씨는 남양주의 아파트에서 아내와 자녀들과 함께 북적이며 살아가며, 가장으로서의 권위보다는 함께 텔레비전을 보며 낮잠을 청하는 편안한 관계를 지향합니다. 가끔 자녀들과 의견 차이가 생겨도 특유의 유연함으로 허허 웃어넘기며 집안의 평화를 유지합니다.', '김인재 씨는 73세 남자이며, 경기 경기-남양주시에 거주합니다. 최종 학력은 초등학교이고, 직업은 그 외 상점 판매원입니다.', '김인재 씨는 남양주에서 상점을 운영하며 몸으로 배운 삶의 지혜와 소박한 일상의 가치를 소중히 여기는 70대 가장입니다.', '김인재 씨의 주요 질환은 백내장, 전립선비대이고, 복용 약물은 탐스로신입니다.']",김인재 씨는 경기-남양주시에 거주합니다.,김인재 씨의 거주지: 경기 남양주시.,1.0,0.9415793993239392,0.6388888888675925,1.0,4,P011-Q01-T-거주지,T-거주지,경기 남양주시
김인재 씨의 직업은 무엇인가요?,"['김인재 씨는 73세 남자이며, 경기 경기-남양주시에 거주합니다. 최종 학력은 초등학교이고, 직업은 그 외 상점 판매원입니다.', '김인재 씨는 1986년에 결혼했습니다.', '김인재 씨는 남양주에서 상점을 운영하며 몸으로 배운 삶의 지혜와 소박한 일상의 가치를 소중히 여기는 70대 가장입니다.', '김인재 씨의 주요 질환은 백내장, 전립선비대이고, 복용 약물은 탐스로신입니다.', '김인재 씨가 즐겨먹는 음식은 김밥, 취미는 산책, 좋아하는 문화는 이미자 노래입니다.']",김인재 씨의 직업은 그 외 상점 판매원입니다.,김인재 씨의 직업: 그 외 상점 판매원.,1.0,0.964103754804927,0.8333333332916666,1.0,4,P011-Q02-T-직업,T-직업,그 외 상점 판매원
김인재 씨의 최종 학력은 무엇인가요?,"['김인재 씨는 73세 남자이며, 경기 경기-남양주시에 거주합니다. 최종 학력은 초등학교이고, 직업은 그 외 상점 판매원입니다.', '김인재 씨는 1986년에 결혼했습니다.', '김인재 씨의 주요 질환은 백내장, 전립선비대이고, 복용 약물은 탐스로신입니다.', '김인재 씨는 남양주에서 상점을 운영하며 몸으로 배운 삶의 지혜와 소박한 일상의 가치를 소중히 여기는 70대 가장입니다.', '김인재 씨가 즐겨먹는 음식은 김밥, 취미는 산책, 좋아하는 문화는 이미자 노래입니다.']",김인재 씨의 최종 학력은 초등학교입니다.,김인재 씨의 최종 학력: 초등학교.,1.0,0.9132249896051968,0.9999999999,1.0,4,P011-Q03-T-학력,T-학력,초등학교
김인재 씨는 전라남에 살고 있다. (참/거짓),"['김인재 씨는 1986년에 결혼했습니다.', '김인재 씨는 73세 남자이며, 경기 경기-남양주시에 거주합니다. 최종 학력은 초등학교이고, 직업은 그 외 상점 판매원입니다.', '김인재 씨는 남양주의 아파트에서 아내와 자녀들과 함께 북적이며 살아가며, 가장으로서의 권위보다는 함께 텔레비전을 보며 낮잠을 청하는 편안한 관계를 지향합니다. 가끔 자녀들과 의견 차이가 생겨도 특유의 유연함으로 허허 웃어넘기며 집안의 평화를 유지합니다.', '김인재 씨는 남양주에서 상점을 운영하며 몸으로 배운 삶의 지혜와 소박한 일상의 가치를 소중히 여기는 70대 가장입니다.', '김인재 씨의 주요 질환은 백내장, 전립선비대이고, 복용 약물은 탐스로신입니다.']",F. 김인재 씨는 경기 경기-남양주시에 거주합니다.,제공된 페르소나 정보 기준 김인재 씨의 거주지: 경기 남양주시.,1.0,0.684242622209751,0.6388888888675925,0.5,4,P011-Q04-F-반대,F-반대,F
김인재 씨의 최근 가입한 동호회의 이름은 무엇인가요?,"['김인재 씨는 1986년에 결혼했습니다.', '김인재 씨는 남양주에서 상점을 운영하며 몸으로 배운 삶의 지혜와 소박한 일상의 가치를 소중히 여기는 70대 가장입니다.', '김인재 씨가 즐겨먹는 음식은 김밥, 취미는 산책, 좋아하는 문화는 이미자 노래입니다.', '김인재 씨는 73세 남자이며, 경기 경기-남양주시에 거주합니다. 최종 학력은 초등학교이고, 직업은 그 외 상점 판매원입니다.', '김인재 씨의 주요 질환은 백내장, 전립선비대이고, 복용 약물은 탐스로신입니다.']",정보 없음,제공된 페르소나 정보에는 김인재 씨에 대해 질문한 사실이 없습니다.,1.0,0.0,0.0,0.0,4,P011-Q05-F-비존재,F-비존재,정보 없음
김인재 씨는 1971년에 결혼했다. (참/거짓),"['김인재 씨는 1986년에 결혼했습니다.', '김인재 씨의 자녀는 2명: 김정우(37세 남자), 김상현(33세 남자).', '김인재 씨는 73세 남자이며, 경기 경기-남양주시에 거주합니다. 최종 학력은 초등학교이고, 직업은 그 외 상점 판매원입니다.', '김인재 씨는 남양주의 아파트에서 아내와 자녀들과 함께 북적이며 살아가며, 가장으로서의 권위보다는 함께 텔레비전을 보며 낮잠을 청하는 편안한 관계를 지향합니다. 가끔 자녀들과 의견 차이가 생겨도 특유의 유연함으로 허허 웃어넘기며 집안의 평화를 유지합니다.', '김인재 씨는 남양주에서 상점을 운영하며 몸으로 배운 삶의 지혜와 소박한 일상의 가치를 소중히 여기는 70대 가장입니다.']","F, 김인재 씨는 1986년에 결혼했습니다.",제공된 페르소나 정보 기준 김인재 씨의 결혼 정보: 1986년에 결혼.,1.0,0.8162271918968053,0.9999999999,0.5,4,P011-Q06-F-시점오류,F-시점오류,F
김인재 씨의 직업은 편의점 판매원이다. (참/거짓),"['김인재 씨는 73세 남자이며, 경기 경기-남양주시에 거주합니다. 최종 학력은 초등학교이고, 직업은 그 외 상점 판매원입니다.', '김인재 씨는 남양주에서 상점을 운영하며 몸으로 배운 삶의 지혜와 소박한 일상의 가치를 소중히 여기는 70대 가장입니다.', '김인재 씨는 1986년에 결혼했습니다.', '김인재 씨가 즐겨먹는 음식은 김밥, 취미는 산책, 좋아하는 문화는 이미자 노래입니다.', '김인재 씨의 주요 질환은 백내장, 전립선비대이고, 복용 약물은 탐스로신입니다.']",F. 김인재 씨의 직업은 그 외 상점 판매원입니다.,제공된 페르소나 정보 기준 김인재 씨의 직업: 그 외 상점 판매원.,1.0,0.6505650104859677,0.9999999999,0.5,4,P011-Q07-ADV-부분일치,ADV-부분일치,F
김인재 씨는 1985년에 결혼했다. (참/거짓),"['김인재 씨는 1986년에 결혼했습니다.', '김인재 씨의 자녀는 2명: 김정우(37세 남자), 김상현(33세 남자).', '김인재 씨는 73세 남자이며, 경기 경기-남양주시에 거주합니다. 최종 학력은 초등학교이고, 직업은 그 외 상점 판매원입니다.', '김인재 씨는 남양주의 아파트에서 아내와 자녀들과 함께 북적이며 살아가며, 가장으로서의 권위보다는 함께 텔레비전을 보며 낮잠을 청하는 편안한 관계를 지향합니다. 가끔 자녀들과 의견 차이가 생겨도 특유의 유연함으로 허허 웃어넘기며 집안의 평화를 유지합니다.', '김인재 씨의 주요 질환은 백내장, 전립선비대이고, 복용 약물은 탐스로신입니다.']","F, 김인재 씨는 1986년에 결혼했습니다.",제공된 페르소나 정보 기준 김인재 씨의 결혼 정보: 1986년에 결혼.,1.0,0.8257143072144864,0.9999999999,1.0,4,P011-Q08-ADV-시점근접,ADV-시점근접,F
김인재 씨의 자녀 이름은 김준호이다. (참/거짓),"['김인재 씨의 자녀는 2명: 김정우(37세 남자), 김상현(33세 남자).', '김인재 씨는 1986년에 결혼했습니다.', '김인재 씨는 73세 남자이며, 경기 경기-남양주시에 거주합니다. 최종 학력은 초등학교이고, 직업은 그 외 상점 판매원입니다.', '김인재 씨의 주요 질환은 백내장, 전립선비대이고, 복용 약물은 탐스로신입니다.', '김인재 씨는 남양주의 아파트에서 아내와 자녀들과 함께 북적이며 살아가며, 가장으로서의 권위보다는 함께 텔레비전을 보며 낮잠을 청하는 편안한 관계를 지향합니다. 가끔 자녀들과 의견 차이가 생겨도 특유의 유연함으로 허허 웃어넘기며 집안의 평화를 유지합니다.']",F. 김인재 씨의 자녀 이름은 김정우와 김상현입니다.,"제공된 페르소나 정보 기준 김인재 씨의 자녀 정보: 자녀 2명(김정우, 김상현).",1.0,0.6724108029694517,0.0,0.0,4,P011-Q09-ADV-유사인물,ADV-유사인물,F
이종덕 씨의 거주지는 어디인가요?,"['이종덕 씨는 1978년에 결혼했습니다.', '이종덕 씨는 75세 남자이며, 서울 서울-서초구에 거주합니다. 최종 학력은 고등학교이고, 직업은 무직입니다.', '이종덕 씨는 서초구의 변화를 함께한 성실한 삶을 바탕으로, 건강한 일상과 소박한 인간관계를 통해 품격 있는 노년을 꾸려가는 신중한 어르신입니다.', '이종덕 씨가 즐겨먹는 음식은 청국장, 취미는 독서, 좋아하는 문화는 전국노래자랑입니다.', '이종덕 씨의 자녀는 2명: 이은주(47세 여자), 이광호(45세 남자).']",이종덕 씨는 서울 서울-서초구에 거주합니다.,이종덕 씨의 거주지: 서울 서초구.,1.0,0.9301364871354704,0.49999999995,1.0,4,P012-Q01-T-거주지,T-거주지,서울 서초구
이종덕 씨의 직업은 무엇인가요?,"['이종덕 씨는 1978년에 결혼했습니다.', '이종덕 씨는 75세 남자이며, 서울 서울-서초구에 거주합니다. 최종 학력은 고등학교이고, 직업은 무직입니다.', '이종덕 씨가 즐겨먹는 음식은 청국장, 취미는 독서, 좋아하는 문화는 전국노래자랑입니다.', '이종덕 씨는 서초구의 변화를 함께한 성실한 삶을 바탕으로, 건강한 일상과 소박한 인간관계를 통해 품격 있는 노년을 꾸려가는 신중한 어르신입니다.', '이종덕 씨의 자녀는 2명: 이은주(47세 여자), 이광호(45세 남자).']",이종덕 씨의 직업은 무직입니다.,이종덕 씨의 직업: 무직.,1.0,0.8234475202311966,0.49999999995,1.0,4,P012-Q02-T-직업,T-직업,무직
이종덕 씨의 최종 학력은 무엇인가요?,"['이종덕 씨는 75세 남자이며, 서울 서울-서초구에 거주합니다. 최종 학력은 고등학교이고, 직업은 무직입니다.', '이종덕 씨는 1978년에 결혼했습니다.', '이종덕 씨가 즐겨먹는 음식은 청국장, 취미는 독서, 좋아하는 문화는 전국노래자랑입니다.', '이종덕 씨의 주요 질환은 위염, 관절염이고, 복용 약물은 라베프라졸, 오메프라졸, 아세트아미노펜, 셀레콕시브입니다.', '이종덕 씨의 자녀는 2명: 이은주(47세 여자), 이광호(45세 남자).']",이종덕 씨의 최종 학력은 고등학교입니다.,이종덕 씨의 최종 학력: 고등학교.,1.0,0.91361850499069,0.9999999999,1.0,4,P012-Q03-T-학력,T-학력,고등학교
이종덕 씨는 전라남에 살고 있다. (참/거짓),"['이종덕 씨는 75세 남자이며, 서울 서울-서초구에 거주합니다. 최종 학력은 고등학교이고, 직업은 무직입니다.', '이종덕 씨는 1978년에 결혼했습니다.', '이종덕 씨는 서초구의 변화를 함께한 성실한 삶을 바탕으로, 건강한 일상과 소박한 인간관계를 통해 품격 있는 노년을 꾸려가는 신중한 어르신입니다.', '이종덕 씨가 즐겨먹는 음식은 청국장, 취미는 독서, 좋아하는 문화는 전국노래자랑입니다.', '이종덕 씨는 함께 나이 들어가는 배우자와의 일상을 소중히 여기며 자녀들에게 짐이 되지 않는 독립적인 노후를 보내고자 노력합니다. 이종덕 씨는 무뚝뚝한 성격 탓에 다정한 말 표현은 서툴지만 아내의 건강 상태를 세심히 살피는 조용한 배려를 보입니다.']","F, 이종덕 씨는 서울 서초구에 거주합니다.",제공된 페르소나 정보 기준 이종덕 씨의 거주지: 서울 서초구.,1.0,0.7586352880430139,0.9999999999,0.5,4,P012-Q04-F-반대,F-반대,F
이종덕 씨의 반려동물의 이름은 무엇인가요?,"['이종덕 씨는 1978년에 결혼했습니다.', '이종덕 씨가 즐겨먹는 음식은 청국장, 취미는 독서, 좋아하는 문화는 전국노래자랑입니다.', '이종덕 씨는 서초구의 변화를 함께한 성실한 삶을 바탕으로, 건강한 일상과 소박한 인간관계를 통해 품격 있는 노년을 꾸려가는 신중한 어르신입니다.', '이종덕 씨의 자녀는 2명: 이은주(47세 여자), 이광호(45세 남자).', '이종덕 씨는 75세 남자이며, 서울 서울-서초구에 거주합니다. 최종 학력은 고등학교이고, 직업은 무직입니다.']",정보 없음,제공된 페르소나 정보에는 이종덕 씨에 대해 질문한 사실이 없습니다.,1.0,0.0,0.0,0.0,4,P012-Q05-F-비존재,F-비존재,정보 없음
이종덕 씨는 1993년에 결혼했다. (참/거짓),"['이종덕 씨는 1978년에 결혼했습니다.', '이종덕 씨의 자녀는 2명: 이은주(47세 여자), 이광호(45세 남자).', '이종덕 씨는 75세 남자이며, 서울 서울-서초구에 거주합니다. 최종 학력은 고등학교이고, 직업은 무직입니다.', '이종덕 씨는 함께 나이 들어가는 배우자와의 일상을 소중히 여기며 자녀들에게 짐이 되지 않는 독립적인 노후를 보내고자 노력합니다. 이종덕 씨는 무뚝뚝한 성격 탓에 다정한 말 표현은 서툴지만 아내의 건강 상태를 세심히 살피는 조용한 배려를 보입니다.', '이종덕 씨는 서초구의 변화를 함께한 성실한 삶을 바탕으로, 건강한 일상과 소박한 인간관계를 통해 품격 있는 노년을 꾸려가는 신중한 어르신입니다.']",F. 이종덕 씨는 1978년에 결혼했습니다.,제공된 페르소나 정보 기준 이종덕 씨의 결혼 정보: 1978년에 결혼.,1.0,0.5657444905881612,0.9999999999,0.5,4,P012-Q06-F-시점오류,F-시점오류,F
이종덕 씨는 서울 서초시에 산다. (참/거짓),"['이종덕 씨는 75세 남자이며, 서울 서울-서초구에 거주합니다. 최종 학력은 고등학교이고, 직업은 무직입니다.', '이종덕 씨는 서초구의 변화를 함께한 성실한 삶을 바탕으로, 건강한 일상과 소박한 인간관계를 통해 품격 있는 노년을 꾸려가는 신중한 어르신입니다.', '이종덕 씨는 1978년에 결혼했습니다.', '이종덕 씨가 즐겨먹는 음식은 청국장, 취미는 독서, 좋아하는 문화는 전국노래자랑입니다.', '이종덕 씨는 함께 나이 들어가는 배우자와의 일상을 소중히 여기며 자녀들에게 짐이 되지 않는 독립적인 노후를 보내고자 노력합니다. 이종덕 씨는 무뚝뚝한 성격 탓에 다정한 말 표현은 서툴지만 아내의 건강 상태를 세심히 살피는 조용한 배려를 보입니다.']",F. 이종덕 씨는 서울 서초구에 거주합니다.,제공된 페르소나 정보 기준 이종덕 씨의 거주지: 서울 서초구.,1.0,0.5161289320553829,0.99999999995,1.0,4,P012-Q07-ADV-부분일치,ADV-부분일치,F
이종덕 씨는 1977년에 결혼했다. (참/거짓),"['이종덕 씨는 1978년에 결혼했습니다.', '이종덕 씨는 75세 남자이며, 서울 서울-서초구에 거주합니다. 최종 학력은 고등학교이고, 직업은 무직입니다.', '이종덕 씨의 자녀는 2명: 이은주(47세 여자), 이광호(45세 남자).', '이종덕 씨는 서초구의 변화를 함께한 성실한 삶을 바탕으로, 건강한 일상과 소박한 인간관계를 통해 품격 있는 노년을 꾸려가는 신중한 어르신입니다.', '이종덕 씨는 함께 나이 들어가는 배우자와의 일상을 소중히 여기며 자녀들에게 짐이 되지 않는 독립적인 노후를 보내고자 노력합니다. 이종덕 씨는 무뚝뚝한 성격 탓에 다정한 말 표현은 서툴지만 아내의 건강 상태를 세심히 살피는 조용한 배려를 보입니다.']","F, 이종덕 씨는 1978년에 결혼했습니다.",제공된 페르소나 정보 기준 이종덕 씨의 결혼 정보: 1978년에 결혼.,1.0,0.737977325943049,0.9999999999,0.5,4,P012-Q08-ADV-시점근접,ADV-시점근접,F
이종덕 씨의 자녀 이름은 이지윤이다. (참/거짓),"['이종덕 씨의 자녀는 2명: 이은주(47세 여자), 이광호(45세 남자).', '이종덕 씨는 1978년에 결혼했습니다.', '이종덕 씨는 75세 남자이며, 서울 서울-서초구에 거주합니다. 최종 학력은 고등학교이고, 직업은 무직입니다.', '이종덕 씨의 주요 질환은 위염, 관절염이고, 복용 약물은 라베프라졸, 오메프라졸, 아세트아미노펜, 셀레콕시브입니다.', '이종덕 씨는 서초구의 변화를 함께한 성실한 삶을 바탕으로, 건강한 일상과 소박한 인간관계를 통해 품격 있는 노년을 꾸려가는 신중한 어르신입니다.']","F, 이종덕 씨의 자녀는 이은주와 이광호입니다.","제공된 페르소나 정보 기준 이종덕 씨의 자녀 정보: 자녀 2명(이은주, 이광호).",1.0,0.7178195686322136,0.9999999999,0.5,4,P012-Q09-ADV-유사인물,ADV-유사인물,F
박헌 씨의 거주지는 어디인가요?,"['박헌 씨는 강릉에 거주하는 70대 후반의 전직 행정 전문가로, 단정한 선비의 풍모와 유연한 사고를 지닌 채 지역 사회에 자신의 지식을 나누며 살아가는 지식인입니다.', '박헌 씨는 1971년에 결혼했습니다.', '박헌 씨는 78세 남자이며, 강원 강원-강릉시에 거주합니다. 최종 학력은 대학원, 전공은 경영·행정·법이고, 직업은 무직입니다.', '박헌 씨는 평생을 함께한 아내와 함께 아파트 거실에서 소소한 일상을 공유하며, 가끔 방문하는 자녀와 손주들에게는 다정한 조력자가 되어주려 노력합니다. 하지만 대화 도중 논리적으로 맞지 않는 부분이 나오면 은근슬쩍 가르치려 드는 직업병 섞인 버릇이 튀어나오곤 합니다.', '박헌 씨가 즐겨먹는 음식은 파전, 취미는 산책, 좋아하는 문화는 임영웅 노래입니다.']",박헌 씨는 강원 강릉시에 거주합니다.,박헌 씨의 거주지: 강원 강릉시.,1.0,0.956374685887864,0.8333333332916666,1.0,4,P013-Q01-T-거주지,T-거주지,강원 강릉시
박헌 씨의 직업은 무엇인가요?,"['박헌 씨는 78세 남자이며, 강원 강원-강릉시에 거주합니다. 최종 학력은 대학원, 전공은 경영·행정·법이고, 직업은 무직입니다.', '박헌 씨는 강릉에 거주하는 70대 후반의 전직 행정 전문가로, 단정한 선비의 풍모와 유연한 사고를 지닌 채 지역 사회에 자신의 지식을 나누며 살아가는 지식인입니다.', '박헌 씨는 1971년에 결혼했습니다.', '박헌 씨는 평생을 함께한 아내와 함께 아파트 거실에서 소소한 일상을 공유하며, 가끔 방문하는 자녀와 손주들에게는 다정한 조력자가 되어주려 노력합니다. 하지만 대화 도중 논리적으로 맞지 않는 부분이 나오면 은근슬쩍 가르치려 드는 직업병 섞인 버릇이 튀어나오곤 합니다.', '박헌 씨가 즐겨먹는 음식은 파전, 취미는 산책, 좋아하는 문화는 임영웅 노래입니다.']",박헌 씨의 직업은 무직입니다.,박헌 씨의 직업: 무직.,1.0,0.9503133057156437,0.9999999999,1.0,4,P013-Q02-T-직업,T-직업,무직
박헌 씨의 최종 학력은 무엇인가요?,"['박헌 씨는 78세 남자이며, 강원 강원-강릉시에 거주합니다. 최종 학력은 대학원, 전공은 경영·행정·법이고, 직업은 무직입니다.', '박헌 씨는 1971년에 결혼했습니다.', '박헌 씨는 강릉에 거주하는 70대 후반의 전직 행정 전문가로, 단정한 선비의 풍모와 유연한 사고를 지닌 채 지역 사회에 자신의 지식을 나누며 살아가는 지식인입니다.', '박헌 씨의 주요 질환은 골다공증, 관절염이고, 복용 약물은 알렌드로네이트, 아세트아미노펜, 셀레콕시브입니다.', '박헌 씨는 평생을 함께한 아내와 함께 아파트 거실에서 소소한 일상을 공유하며, 가끔 방문하는 자녀와 손주들에게는 다정한 조력자가 되어주려 노력합니다. 하지만 대화 도중 논리적으로 맞지 않는 부분이 나오면 은근슬쩍 가르치려 드는 직업병 섞인 버릇이 튀어나오곤 합니다.']",박헌 씨의 최종 학력은 대학원입니다.,박헌 씨의 최종 학력: 대학원(경영·행정·법).,1.0,0.8950778974778756,0.9999999999,1.0,4,P013-Q03-T-학력,T-학력,대학원
박헌 씨는 대구에 살고 있다. (참/거짓),"['박헌 씨는 강릉에 거주하는 70대 후반의 전직 행정 전문가로, 단정한 선비의 풍모와 유연한 사고를 지닌 채 지역 사회에 자신의 지식을 나누며 살아가는 지식인입니다.', '박헌 씨는 78세 남자이며, 강원 강원-강릉시에 거주합니다. 최종 학력은 대학원, 전공은 경영·행정·법이고, 직업은 무직입니다.', '박헌 씨는 1971년에 결혼했습니다.', '박헌 씨는 평생을 함께한 아내와 함께 아파트 거실에서 소소한 일상을 공유하며, 가끔 방문하는 자녀와 손주들에게는 다정한 조력자가 되어주려 노력합니다. 하지만 대화 도중 논리적으로 맞지 않는 부분이 나오면 은근슬쩍 가르치려 드는 직업병 섞인 버릇이 튀어나오곤 합니다.', '박헌 씨가 즐겨먹는 음식은 파전, 취미는 산책, 좋아하는 문화는 임영웅 노래입니다.']",F. 박헌 씨는 강릉에 거주합니다.,제공된 페르소나 정보 기준 박헌 씨의 거주지: 강원 강릉시.,1.0,0.5264605806434927,0.99999999995,0.0,4,P013-Q04-F-반대,F-반대,F
박헌 씨의 정기 후원하는 단체의 이름은 무엇인가요?,"['박헌 씨는 1971년에 결혼했습니다.', '박헌 씨는 강릉에 거주하는 70대 후반의 전직 행정 전문가로, 단정한 선비의 풍모와 유연한 사고를 지닌 채 지역 사회에 자신의 지식을 나누며 살아가는 지식인입니다.', '박헌 씨는 78세 남자이며, 강원 강원-강릉시에 거주합니다. 최종 학력은 대학원, 전공은 경영·행정·법이고, 직업은 무직입니다.', '박헌 씨의 주요 질환은 골다공증, 관절염이고, 복용 약물은 알렌드로네이트, 아세트아미노펜, 셀레콕시브입니다.', '박헌 씨는 평생을 함께한 아내와 함께 아파트 거실에서 소소한 일상을 공유하며, 가끔 방문하는 자녀와 손주들에게는 다정한 조력자가 되어주려 노력합니다. 하지만 대화 도중 논리적으로 맞지 않는 부분이 나오면 은근슬쩍 가르치려 드는 직업병 섞인 버릇이 튀어나오곤 합니다.']",정보 없음,제공된 페르소나 정보에는 박헌 씨에 대해 질문한 사실이 없습니다.,1.0,0.0,0.0,0.0,4,P013-Q05-F-비존재,F-비존재,정보 없음
박헌 씨는 1986년에 결혼했다. (참/거짓),"['박헌 씨는 1971년에 결혼했습니다.', '박헌 씨의 자녀는 2명: 박지윤(51세 여자), 박광호(48세 남자).', '박헌 씨는 78세 남자이며, 강원 강원-강릉시에 거주합니다. 최종 학력은 대학원, 전공은 경영·행정·법이고, 직업은 무직입니다.', '박헌 씨는 강릉에 거주하는 70대 후반의 전직 행정 전문가로, 단정한 선비의 풍모와 유연한 사고를 지닌 채 지역 사회에 자신의 지식을 나누며 살아가는 지식인입니다.', '박헌 씨는 평생을 함께한 아내와 함께 아파트 거실에서 소소한 일상을 공유하며, 가끔 방문하는 자녀와 손주들에게는 다정한 조력자가 되어주려 노력합니다. 하지만 대화 도중 논리적으로 맞지 않는 부분이 나오면 은근슬쩍 가르치려 드는 직업병 섞인 버릇이 튀어나오곤 합니다.']",F. 박헌 씨는 1971년에 결혼했습니다.,제공된 페르소나 정보 기준 박헌 씨의 결혼 정보: 1971년에 결혼.,1.0,0.5878483272430026,0.9999999999,0.5,4,P013-Q06-F-시점오류,F-시점오류,F
박헌 씨는 강원 강릉구에 산다. (참/거짓),"['박헌 씨는 강릉에 거주하는 70대 후반의 전직 행정 전문가로, 단정한 선비의 풍모와 유연한 사고를 지닌 채 지역 사회에 자신의 지식을 나누며 살아가는 지식인입니다.', '박헌 씨는 78세 남자이며, 강원 강원-강릉시에 거주합니다. 최종 학력은 대학원, 전공은 경영·행정·법이고, 직업은 무직입니다.', '박헌 씨는 1971년에 결혼했습니다.', '박헌 씨는 평생을 함께한 아내와 함께 아파트 거실에서 소소한 일상을 공유하며, 가끔 방문하는 자녀와 손주들에게는 다정한 조력자가 되어주려 노력합니다. 하지만 대화 도중 논리적으로 맞지 않는 부분이 나오면 은근슬쩍 가르치려 드는 직업병 섞인 버릇이 튀어나오곤 합니다.', '박헌 씨가 즐겨먹는 음식은 파전, 취미는 산책, 좋아하는 문화는 임영웅 노래입니다.']","F, 박헌 씨는 강원 강릉시에 거주합니다.",제공된 페르소나 정보 기준 박헌 씨의 거주지: 강원 강릉시.,1.0,0.4947396033032421,0.99999999995,1.0,4,P013-Q07-ADV-부분일치,ADV-부분일치,F
박헌 씨는 1972년에 결혼했다. (참/거짓),"['박헌 씨는 1971년에 결혼했습니다.', '박헌 씨는 78세 남자이며, 강원 강원-강릉시에 거주합니다. 최종 학력은 대학원, 전공은 경영·행정·법이고, 직업은 무직입니다.', '박헌 씨의 자녀는 2명: 박지윤(51세 여자), 박광호(48세 남자).', '박헌 씨는 강릉에 거주하는 70대 후반의 전직 행정 전문가로, 단정한 선비의 풍모와 유연한 사고를 지닌 채 지역 사회에 자신의 지식을 나누며 살아가는 지식인입니다.', '박헌 씨는 평생을 함께한 아내와 함께 아파트 거실에서 소소한 일상을 공유하며, 가끔 방문하는 자녀와 손주들에게는 다정한 조력자가 되어주려 노력합니다. 하지만 대화 도중 논리적으로 맞지 않는 부분이 나오면 은근슬쩍 가르치려 드는 직업병 섞인 버릇이 튀어나오곤 합니다.']","F, 박헌 씨는 1971년에 결혼했습니다.",제공된 페르소나 정보 기준 박헌 씨의 결혼 정보: 1971년에 결혼.,1.0,0.573056543116239,0.9999999999,0.0,4,P013-Q08-ADV-시점근접,ADV-시점근접,F
박헌 씨의 자녀 이름은 박민수이다. (참/거짓),"['박헌 씨의 자녀는 2명: 박지윤(51세 여자), 박광호(48세 남자).', '박헌 씨는 1971년에 결혼했습니다.', '박헌 씨는 평생을 함께한 아내와 함께 아파트 거실에서 소소한 일상을 공유하며, 가끔 방문하는 자녀와 손주들에게는 다정한 조력자가 되어주려 노력합니다. 하지만 대화 도중 논리적으로 맞지 않는 부분이 나오면 은근슬쩍 가르치려 드는 직업병 섞인 버릇이 튀어나오곤 합니다.', '박헌 씨는 78세 남자이며, 강원 강원-강릉시에 거주합니다. 최종 학력은 대학원, 전공은 경영·행정·법이고, 직업은 무직입니다.', '박헌 씨의 주요 질환은 골다공증, 관절염이고, 복용 약물은 알렌드로네이트, 아세트아미노펜, 셀레콕시브입니다.']",F. 박헌 씨의 자녀 이름은 박지윤과 박광호입니다.,"제공된 페르소나 정보 기준 박헌 씨의 자녀 정보: 자녀 2명(박지윤, 박광호).",1.0,0.5320007557054827,0.0,0.0,4,P013-Q09-ADV-유사인물,ADV-유사인물,F
정태근 씨의 거주지는 어디인가요?,"['정태근 씨는 1981년에 결혼했습니다.', '정태근 씨는 자녀가 없습니다.', '정태근 씨는 72세 남자이며, 충청남 충청남-천안시 동남구에 거주합니다. 최종 학력은 고등학교이고, 직업은 무직입니다.', '정태근 씨는 천안에 거주하는 72세 어르신으로, 꼼꼼한 성격과 부드러운 소통 방식을 통해 주변의 신뢰를 받으며 당뇨 관리와 건강한 노후를 위해 노력하는 현실적인 성격의 소유자입니다.', '정태근 씨는 평생을 함께한 배우자와 천안의 아파트에서 조용히 여생을 보내며, 무뚝뚝한 충청도 남자지만 아내의 건강 상태를 세심히 살펴 영양제를 챙겨주는 다정함을 가졌습니다. 가끔은 고집스러운 면모로 아내와 말다툼을 벌이기도 하지만, 이내 미안한 마음에 깎아 놓은 사과 접시를 슬그머니 밀어 넣어 화해를 청합니다.']",정태근 씨는 충청남 천안시 동남구에 거주합니다.,정태근 씨의 거주지: 충청남 천안시 동남구.,1.0,0.5834916194369544,0.4777777777618519,1.0,4,P014-Q01-T-거주지,T-거주지,충청남 천안시 동남구
정태근 씨의 직업은 무엇인가요?,"['정태근 씨는 1981년에 결혼했습니다.', '정태근 씨는 72세 남자이며, 충청남 충청남-천안시 동남구에 거주합니다. 최종 학력은 고등학교이고, 직업은 무직입니다.', '정태근 씨는 자녀가 없습니다.', '정태근 씨가 즐겨먹는 음식은 비빔밥, 취미는 산책, 좋아하는 문화는 동물 다큐멘터리입니다.', '정태근 씨는 천안에 거주하는 72세 어르신으로, 꼼꼼한 성격과 부드러운 소통 방식을 통해 주변의 신뢰를 받으며 당뇨 관리와 건강한 노후를 위해 노력하는 현실적인 성격의 소유자입니다.']",정태근 씨의 직업은 무직입니다.,정태근 씨의 직업: 무직.,1.0,0.5289306639937966,0.49999999995,1.0,4,P014-Q02-T-직업,T-직업,무직
정태근 씨의 최종 학력은 무엇인가요?,"['정태근 씨는 72세 남자이며, 충청남 충청남-천안시 동남구에 거주합니다. 최종 학력은 고등학교이고, 직업은 무직입니다.', '정태근 씨는 1981년에 결혼했습니다.', '정태근 씨는 자녀가 없습니다.', '정태근 씨가 즐겨먹는 음식은 비빔밥, 취미는 산책, 좋아하는 문화는 동물 다큐멘터리입니다.', '정태근 씨의 주요 질환은 백내장, 고혈압이고, 복용 약물은 암로디핀, 로사르탄입니다.']",정태근 씨의 최종 학력은 고등학교입니다.,정태근 씨의 최종 학력: 고등학교.,1.0,0.649932268204701,0.9999999999,1.0,4,P014-Q03-T-학력,T-학력,고등학교
정태근 씨는 대구에 살고 있다. (참/거짓),"['정태근 씨는 72세 남자이며, 충청남 충청남-천안시 동남구에 거주합니다. 최종 학력은 고등학교이고, 직업은 무직입니다.', '정태근 씨는 1981년에 결혼했습니다.', '정태근 씨는 자녀가 없습니다.', '정태근 씨는 평생을 함께한 배우자와 천안의 아파트에서 조용히 여생을 보내며, 무뚝뚝한 충청도 남자지만 아내의 건강 상태를 세심히 살펴 영양제를 챙겨주는 다정함을 가졌습니다. 가끔은 고집스러운 면모로 아내와 말다툼을 벌이기도 하지만, 이내 미안한 마음에 깎아 놓은 사과 접시를 슬그머니 밀어 넣어 화해를 청합니다.', '정태근 씨는 천안에 거주하는 72세 어르신으로, 꼼꼼한 성격과 부드러운 소통 방식을 통해 주변의 신뢰를 받으며 당뇨 관리와 건강한 노후를 위해 노력하는 현실적인 성격의 소유자입니다.']",F. 정태근 씨는 충청남 천안시 동남구에 거주합니다.,제공된 페르소나 정보 기준 정태근 씨의 거주지: 충청남 천안시 동남구.,1.0,0.4734963696458671,0.6999999999766667,0.5,4,P014-Q04-F-반대,F-반대,F
정태근 씨의 반려동물의 이름은 무엇인가요?,"['정태근 씨가 즐겨먹는 음식은 비빔밥, 취미는 산책, 좋아하는 문화는 동물 다큐멘터리입니다.', '정태근 씨는 자녀가 없습니다.', '정태근 씨는 1981년에 결혼했습니다.', '정태근 씨는 천안에 거주하는 72세 어르신으로, 꼼꼼한 성격과 부드러운 소통 방식을 통해 주변의 신뢰를 받으며 당뇨 관리와 건강한 노후를 위해 노력하는 현실적인 성격의 소유자입니다.', '정태근 씨의 주요 질환은 백내장, 고혈압이고, 복용 약물은 암로디핀, 로사르탄입니다.']",정보 없음,제공된 페르소나 정보에는 정태근 씨에 대해 질문한 사실이 없습니다.,1.0,0.0,0.0,0.0,4,P014-Q05-F-비존재,F-비존재,정보 없음
정태근 씨는 1996년에 결혼했다. (참/거짓),"['정태근 씨는 1981년에 결혼했습니다.', '정태근 씨는 자녀가 없습니다.', '정태근 씨는 72세 남자이며, 충청남 충청남-천안시 동남구에 거주합니다. 최종 학력은 고등학교이고, 직업은 무직입니다.', '정태근 씨는 평생을 함께한 배우자와 천안의 아파트에서 조용히 여생을 보내며, 무뚝뚝한 충청도 남자지만 아내의 건강 상태를 세심히 살펴 영양제를 챙겨주는 다정함을 가졌습니다. 가끔은 고집스러운 면모로 아내와 말다툼을 벌이기도 하지만, 이내 미안한 마음에 깎아 놓은 사과 접시를 슬그머니 밀어 넣어 화해를 청합니다.', '정태근 씨는 천안에 거주하는 72세 어르신으로, 꼼꼼한 성격과 부드러운 소통 방식을 통해 주변의 신뢰를 받으며 당뇨 관리와 건강한 노후를 위해 노력하는 현실적인 성격의 소유자입니다.']",F. 정태근 씨는 1981년에 결혼했습니다.,제공된 페르소나 정보 기준 정태근 씨의 결혼 정보: 1981년에 결혼.,1.0,0.5654451537808242,0.9999999999,0.5,4,P014-Q06-F-시점오류,F-시점오류,F
정태근 씨는 충청남 천안시 동남시에 산다. (참/거짓),"['정태근 씨는 72세 남자이며, 충청남 충청남-천안시 동남구에 거주합니다. 최종 학력은 고등학교이고, 직업은 무직입니다.', '정태근 씨는 천안에 거주하는 72세 어르신으로, 꼼꼼한 성격과 부드러운 소통 방식을 통해 주변의 신뢰를 받으며 당뇨 관리와 건강한 노후를 위해 노력하는 현실적인 성격의 소유자입니다.', '정태근 씨는 평생을 함께한 배우자와 천안의 아파트에서 조용히 여생을 보내며, 무뚝뚝한 충청도 남자지만 아내의 건강 상태를 세심히 살펴 영양제를 챙겨주는 다정함을 가졌습니다. 가끔은 고집스러운 면모로 아내와 말다툼을 벌이기도 하지만, 이내 미안한 마음에 깎아 놓은 사과 접시를 슬그머니 밀어 넣어 화해를 청합니다.', '정태근 씨는 1981년에 결혼했습니다.', '정태근 씨는 자녀가 없습니다.']","F, 정태근 씨는 충청남",제공된 페르소나 정보 기준 정태근 씨의 거주지: 충청남 천안시 동남구.,0.5,0.0,0.9999999999,1.0,4,P014-Q07-ADV-부분일치,ADV-부분일치,F
정태근 씨는 1982년에 결혼했다. (참/거짓),"['정태근 씨는 1981년에 결혼했습니다.', '정태근 씨는 자녀가 없습니다.', '정태근 씨는 72세 남자이며, 충청남 충청남-천안시 동남구에 거주합니다. 최종 학력은 고등학교이고, 직업은 무직입니다.', '정태근 씨는 평생을 함께한 배우자와 천안의 아파트에서 조용히 여생을 보내며, 무뚝뚝한 충청도 남자지만 아내의 건강 상태를 세심히 살펴 영양제를 챙겨주는 다정함을 가졌습니다. 가끔은 고집스러운 면모로 아내와 말다툼을 벌이기도 하지만, 이내 미안한 마음에 깎아 놓은 사과 접시를 슬그머니 밀어 넣어 화해를 청합니다.', '정태근 씨는 천안에 거주하는 72세 어르신으로, 꼼꼼한 성격과 부드러운 소통 방식을 통해 주변의 신뢰를 받으며 당뇨 관리와 건강한 노후를 위해 노력하는 현실적인 성격의 소유자입니다.']",F. 정태근 씨는 1981년에 결혼했습니다.,제공된 페르소나 정보 기준 정태근 씨의 결혼 정보: 1981년에 결혼.,1.0,0.5602284519735257,0.9999999999,0.0,4,P014-Q08-ADV-시점근접,ADV-시점근접,F
이 사람의 이름은 정민수이다. (참/거짓),"['정태근 씨는 72세 남자이며, 충청남 충청남-천안시 동남구에 거주합니다. 최종 학력은 고등학교이고, 직업은 무직입니다.', '정태근 씨는 천안에 거주하는 72세 어르신으로, 꼼꼼한 성격과 부드러운 소통 방식을 통해 주변의 신뢰를 받으며 당뇨 관리와 건강한 노후를 위해 노력하는 현실적인 성격의 소유자입니다.', '정태근 씨는 평생을 함께한 배우자와 천안의 아파트에서 조용히 여생을 보내며, 무뚝뚝한 충청도 남자지만 아내의 건강 상태를 세심히 살펴 영양제를 챙겨주는 다정함을 가졌습니다. 가끔은 고집스러운 면모로 아내와 말다툼을 벌이기도 하지만, 이내 미안한 마음에 깎아 놓은 사과 접시를 슬그머니 밀어 넣어 화해를 청합니다.', '정태근 씨는 자녀가 없습니다.', '정태근 씨가 즐겨먹는 음식은 비빔밥, 취미는 산책, 좋아하는 문화는 동물 다큐멘터리입니다.']",F. 이 사람의 이름은 정태근입니다.,제공된 페르소나 정보 기준 정태근 씨의 이름: 정태근.,1.0,0.645575813452748,0.0,0.0,4,P014-Q09-ADV-유사인물,ADV-유사인물,F
김우준 씨의 거주지는 어디인가요?,"['김우준 씨는 1980년에 결혼했습니다.', '김우준 씨는 73세 남자이며, 광주 광주-남구에 거주합니다. 최종 학력은 고등학교이고, 직업은 무직입니다.', '김우준 씨는 광주 남구의 정과 여유를 간직한 채, 이웃과의 유대와 소박한 일상의 행복을 소중히 여기며 건강하게 늙어가길 바라는 현실적인 어르신입니다.', '김우준 씨가 즐겨먹는 음식은 김치찌개, 취미는 산책, 좋아하는 문화는 내셔널 지오그래픽입니다.', '김우준 씨의 주요 질환은 백내장, 관절염, 당뇨이고, 복용 약물은 아세트아미노펜, 셀레콕시브, 메트포르민, 글리메피리드입니다.']",김우준 씨는 광주 광주-남구에 거주합니다.,김우준 씨의 거주지: 광주 남구.,1.0,0.935881126252646,0.5833333333041666,1.0,4,P015-Q01-T-거주지,T-거주지,광주 남구
김우준 씨의 직업은 무엇인가요?,"['김우준 씨는 1980년에 결혼했습니다.', '김우준 씨는 73세 남자이며, 광주 광주-남구에 거주합니다. 최종 학력은 고등학교이고, 직업은 무직입니다.', '김우준 씨가 즐겨먹는 음식은 김치찌개, 취미는 산책, 좋아하는 문화는 내셔널 지오그래픽입니다.', '김우준 씨는 광주 남구의 정과 여유를 간직한 채, 이웃과의 유대와 소박한 일상의 행복을 소중히 여기며 건강하게 늙어가길 바라는 현실적인 어르신입니다.', '김우준 씨의 주요 질환은 백내장, 관절염, 당뇨이고, 복용 약물은 아세트아미노펜, 셀레콕시브, 메트포르민, 글리메피리드입니다.']",김우준 씨의 직업은 무직입니다.,김우준 씨의 직업: 무직.,1.0,0.9686558748495252,0.49999999995,1.0,4,P015-Q02-T-직업,T-직업,무직
김우준 씨의 최종 학력은 무엇인가요?,"['김우준 씨는 73세 남자이며, 광주 광주-남구에 거주합니다. 최종 학력은 고등학교이고, 직업은 무직입니다.', '김우준 씨는 1980년에 결혼했습니다.', '김우준 씨가 즐겨먹는 음식은 김치찌개, 취미는 산책, 좋아하는 문화는 내셔널 지오그래픽입니다.', '김우준 씨의 주요 질환은 백내장, 관절염, 당뇨이고, 복용 약물은 아세트아미노펜, 셀레콕시브, 메트포르민, 글리메피리드입니다.', '김우준 씨의 자녀는 1명: 김광호(44세 남자).']",김우준 씨의 최종 학력은 고등학교입니다.,김우준 씨의 최종 학력: 고등학교.,1.0,0.9148904119073332,0.9999999999,1.0,4,P015-Q03-T-학력,T-학력,고등학교
김우준 씨는 충청남에 살고 있다. (참/거짓),"['김우준 씨는 73세 남자이며, 광주 광주-남구에 거주합니다. 최종 학력은 고등학교이고, 직업은 무직입니다.', '김우준 씨는 1980년에 결혼했습니다.', '김우준 씨는 광주 남구의 정과 여유를 간직한 채, 이웃과의 유대와 소박한 일상의 행복을 소중히 여기며 건강하게 늙어가길 바라는 현실적인 어르신입니다.', '김우준 씨가 즐겨먹는 음식은 김치찌개, 취미는 산책, 좋아하는 문화는 내셔널 지오그래픽입니다.', '김우준 씨의 자녀는 1명: 김광호(44세 남자).']",F. 김우준 씨는 광주 광주-남구에 거주합니다.,제공된 페르소나 정보 기준 김우준 씨의 거주지: 광주 남구.,1.0,0.685300408523446,0.8333333332916666,0.5,4,P015-Q04-F-반대,F-반대,F
김우준 씨의 최근 가입한 동호회의 이름은 무엇인가요?,"['김우준 씨는 1980년에 결혼했습니다.', '김우준 씨가 즐겨먹는 음식은 김치찌개, 취미는 산책, 좋아하는 문화는 내셔널 지오그래픽입니다.', '김우준 씨는 광주 남구의 정과 여유를 간직한 채, 이웃과의 유대와 소박한 일상의 행복을 소중히 여기며 건강하게 늙어가길 바라는 현실적인 어르신입니다.', '김우준 씨는 73세 남자이며, 광주 광주-남구에 거주합니다. 최종 학력은 고등학교이고, 직업은 무직입니다.', '김우준 씨의 주요 질환은 백내장, 관절염, 당뇨이고, 복용 약물은 아세트아미노펜, 셀레콕시브, 메트포르민, 글리메피리드입니다.']",정보 없음,제공된 페르소나 정보에는 김우준 씨에 대해 질문한 사실이 없습니다.,1.0,0.0,0.0,0.0,4,P015-Q05-F-비존재,F-비존재,정보 없음
김우준 씨는 1965년에 결혼했다. (참/거짓),"['김우준 씨는 1980년에 결혼했습니다.', '김우준 씨는 73세 남자이며, 광주 광주-남구에 거주합니다. 최종 학력은 고등학교이고, 직업은 무직입니다.', '김우준 씨의 자녀는 1명: 김광호(44세 남자).', '김우준 씨는 광주 남구의 정과 여유를 간직한 채, 이웃과의 유대와 소박한 일상의 행복을 소중히 여기며 건강하게 늙어가길 바라는 현실적인 어르신입니다.', '김우준 씨는 평생을 함께한 아내와 티격태격하면서도 서로의 건강을 가장 먼저 챙기며, 자녀들에게 짐이 되지 않겠다는 다짐을 입버릇처럼 말합니다. 김우준 씨는 무뚝뚝한 듯 보이지만 손주들이 오면 품속에서 몰래 꼬깃꼬깃한 만 원짜리 지폐 몇 장을 꺼내 쥐여주는 전형적인 외유내강형 할아버지의 면모를 보입니다.']",F. 김우준 씨는 1980년에 결혼했습니다.,제공된 페르소나 정보 기준 김우준 씨의 결혼 정보: 1980년에 결혼.,1.0,0.6754044995605918,0.9999999999,0.5,4,P015-Q06-F-시점오류,F-시점오류,F
김우준 씨는 광주 남시에 산다. (참/거짓),"['김우준 씨는 광주 남구의 정과 여유를 간직한 채, 이웃과의 유대와 소박한 일상의 행복을 소중히 여기며 건강하게 늙어가길 바라는 현실적인 어르신입니다.', '김우준 씨는 73세 남자이며, 광주 광주-남구에 거주합니다. 최종 학력은 고등학교이고, 직업은 무직입니다.', '김우준 씨는 1980년에 결혼했습니다.', '김우준 씨는 일주일에 두세 번 광주 남구의 단골 돼지갈비집을 찾아 숯불 향 가득한 고기를 구워 먹으며 이웃들과 정을 나눕니다. 김우준 씨는 일주일에 한 번 정도는 아내와 함께 동네 치킨집에서 갓 튀겨낸 바삭한 닭다리를 뜯으며, 전라도 특유의 넉넉한 양과 손맛이 느껴지는 음식을 찾습니다.', '김우준 씨가 즐겨먹는 음식은 김치찌개, 취미는 산책, 좋아하는 문화는 내셔널 지오그래픽입니다.']","F, 김우준 씨는 광주 광주-남구에 거주합니다.",제공된 페르소나 정보 기준 김우준 씨의 거주지: 광주 남구.,1.0,0.7160120283133335,0.9166666666361112,0.5,4,P015-Q07-ADV-부분일치,ADV-부분일치,F
김우준 씨는 1979년에 결혼했다. (참/거짓),"['김우준 씨는 1980년에 결혼했습니다.', '김우준 씨는 73세 남자이며, 광주 광주-남구에 거주합니다. 최종 학력은 고등학교이고, 직업은 무직입니다.', '김우준 씨의 자녀는 1명: 김광호(44세 남자).', '김우준 씨는 광주 남구의 정과 여유를 간직한 채, 이웃과의 유대와 소박한 일상의 행복을 소중히 여기며 건강하게 늙어가길 바라는 현실적인 어르신입니다.', '김우준 씨는 평생을 함께한 아내와 티격태격하면서도 서로의 건강을 가장 먼저 챙기며, 자녀들에게 짐이 되지 않겠다는 다짐을 입버릇처럼 말합니다. 김우준 씨는 무뚝뚝한 듯 보이지만 손주들이 오면 품속에서 몰래 꼬깃꼬깃한 만 원짜리 지폐 몇 장을 꺼내 쥐여주는 전형적인 외유내강형 할아버지의 면모를 보입니다.']",F. 김우준 씨는 1980년에 결혼했습니다.,제공된 페르소나 정보 기준 김우준 씨의 결혼 정보: 1980년에 결혼.,1.0,0.6802363045392811,0.9999999999,0.0,4,P015-Q08-ADV-시점근접,ADV-시점근접,F
김우준 씨의 자녀 이름은 김기훈이다. (참/거짓),"['김우준 씨의 자녀는 1명: 김광호(44세 남자).', '김우준 씨는 1980년에 결혼했습니다.', '김우준 씨는 73세 남자이며, 광주 광주-남구에 거주합니다. 최종 학력은 고등학교이고, 직업은 무직입니다.', '김우준 씨는 평생을 함께한 아내와 티격태격하면서도 서로의 건강을 가장 먼저 챙기며, 자녀들에게 짐이 되지 않겠다는 다짐을 입버릇처럼 말합니다. 김우준 씨는 무뚝뚝한 듯 보이지만 손주들이 오면 품속에서 몰래 꼬깃꼬깃한 만 원짜리 지폐 몇 장을 꺼내 쥐여주는 전형적인 외유내강형 할아버지의 면모를 보입니다.', '김우준 씨의 주요 질환은 백내장, 관절염, 당뇨이고, 복용 약물은 아세트아미노펜, 셀레콕시브, 메트포르민, 글리메피리드입니다.']",F. 김우준 씨의 자녀 이름은 김광호이다.,제공된 페르소나 정보 기준 김우준 씨의 자녀 정보: 자녀 1명(김광호).,1.0,0.685288556688706,0.9999999999,0.0,4,P015-Q09-ADV-유사인물,ADV-유사인물,F
이순옥 씨의 거주지는 어디인가요?,"['이순옥 씨는 1981년에 결혼했습니다. 2008년 이혼했습니다.', '이순옥 씨는 자녀가 없습니다.', '이순옥 씨는 70세 여자이며, 충청남 충청남-태안군에 거주합니다. 최종 학력은 무학이고, 직업은 무직입니다.', '이순옥 씨는 태안 바다의 강인함과 빵을 향한 소박한 욕망을 품은 채, 고독과 질병을 꼼꼼한 자기관리와 신앙으로 이겨내며 살아가는 70대 여성입니다.', '이순옥 씨가 즐겨먹는 음식은 비빔밥, 취미는 사진 찍기, 좋아하는 문화는 9시 뉴스입니다.']",이순옥 씨는 충청남 충청남-태안군에 거주합니다.,이순옥 씨의 거주지: 충청남 태안군.,1.0,0.9390747896528354,0.3333333333,1.0,4,P016-Q01-T-거주지,T-거주지,충청남 태안군
이순옥 씨의 직업은 무엇인가요?,"['이순옥 씨는 70세 여자이며, 충청남 충청남-태안군에 거주합니다. 최종 학력은 무학이고, 직업은 무직입니다.', '이순옥 씨는 자녀가 없습니다.', '이순옥 씨는 1981년에 결혼했습니다. 2008년 이혼했습니다.', '이순옥 씨는 태안 바다의 강인함과 빵을 향한 소박한 욕망을 품은 채, 고독과 질병을 꼼꼼한 자기관리와 신앙으로 이겨내며 살아가는 70대 여성입니다.', '이순옥 씨가 즐겨먹는 음식은 비빔밥, 취미는 사진 찍기, 좋아하는 문화는 9시 뉴스입니다.']",이순옥 씨의 직업은 무직입니다.,이순옥 씨의 직업: 무직.,1.0,0.9671228445874248,0.9999999999,1.0,4,P016-Q02-T-직업,T-직업,무직
이순옥 씨의 최종 학력은 무엇인가요?,"['이순옥 씨는 70세 여자이며, 충청남 충청남-태안군에 거주합니다. 최종 학력은 무학이고, 직업은 무직입니다.', '이순옥 씨는 자녀가 없습니다.', '이순옥 씨는 1981년에 결혼했습니다. 2008년 이혼했습니다.', '이순옥 씨가 즐겨먹는 음식은 비빔밥, 취미는 사진 찍기, 좋아하는 문화는 9시 뉴스입니다.', '이순옥 씨는 태안 바다의 강인함과 빵을 향한 소박한 욕망을 품은 채, 고독과 질병을 꼼꼼한 자기관리와 신앙으로 이겨내며 살아가는 70대 여성입니다.']",이순옥 씨의 최종 학력은 무학입니다.,이순옥 씨의 최종 학력: 무학.,1.0,0.9110095052642324,0.9999999999,1.0,4,P016-Q03-T-학력,T-학력,무학
이순옥 씨는 인천에 살고 있다. (참/거짓),"['이순옥 씨는 70세 여자이며, 충청남 충청남-태안군에 거주합니다. 최종 학력은 무학이고, 직업은 무직입니다.', '이순옥 씨는 1981년에 결혼했습니다. 2008년 이혼했습니다.', '이순옥 씨는 자녀가 없습니다.', '이순옥 씨는 태안 바다의 강인함과 빵을 향한 소박한 욕망을 품은 채, 고독과 질병을 꼼꼼한 자기관리와 신앙으로 이겨내며 살아가는 70대 여성입니다.', '이순옥 씨가 즐겨먹는 음식은 비빔밥, 취미는 사진 찍기, 좋아하는 문화는 9시 뉴스입니다.']",F. 이순옥 씨는 충청남 충청남-태안군에 거주합니다.,제공된 페르소나 정보 기준 이순옥 씨의 거주지: 충청남 태안군.,1.0,0.6320666267130588,0.9999999999,0.5,4,P016-Q04-F-반대,F-반대,F
이순옥 씨의 반려동물의 이름은 무엇인가요?,"['이순옥 씨는 자녀가 없습니다.', '이순옥 씨는 1981년에 결혼했습니다. 2008년 이혼했습니다.', '이순옥 씨가 즐겨먹는 음식은 비빔밥, 취미는 사진 찍기, 좋아하는 문화는 9시 뉴스입니다.', '이순옥 씨는 태안 바다의 강인함과 빵을 향한 소박한 욕망을 품은 채, 고독과 질병을 꼼꼼한 자기관리와 신앙으로 이겨내며 살아가는 70대 여성입니다.', '이순옥 씨는 70세 여자이며, 충청남 충청남-태안군에 거주합니다. 최종 학력은 무학이고, 직업은 무직입니다.']",정보 없음,제공된 페르소나 정보에는 이순옥 씨에 대해 질문한 사실이 없습니다.,1.0,0.0,0.0,0.0,4,P016-Q05-F-비존재,F-비존재,정보 없음
이순옥 씨는 1966년에 결혼했다. (참/거짓),"['이순옥 씨는 1981년에 결혼했습니다. 2008년 이혼했습니다.', '이순옥 씨는 자녀가 없습니다.', '이순옥 씨는 70세 여자이며, 충청남 충청남-태안군에 거주합니다. 최종 학력은 무학이고, 직업은 무직입니다.', '이순옥 씨는 태안 바다의 강인함과 빵을 향한 소박한 욕망을 품은 채, 고독과 질병을 꼼꼼한 자기관리와 신앙으로 이겨내며 살아가는 70대 여성입니다.', '이순옥 씨가 즐겨먹는 음식은 비빔밥, 취미는 사진 찍기, 좋아하는 문화는 9시 뉴스입니다.']",F. 이순옥 씨는 1981년에 결혼했습니다.,제공된 페르소나 정보 기준 이순옥 씨의 결혼 정보: 1981년에 결혼.,1.0,0.5759064496711379,0.9999999999,0.5,4,P016-Q06-F-시점오류,F-시점오류,F
이순옥 씨는 충청남 태안구에 산다. (참/거짓),"['이순옥 씨는 70세 여자이며, 충청남 충청남-태안군에 거주합니다. 최종 학력은 무학이고, 직업은 무직입니다.', '이순옥 씨는 태안 바다의 강인함과 빵을 향한 소박한 욕망을 품은 채, 고독과 질병을 꼼꼼한 자기관리와 신앙으로 이겨내며 살아가는 70대 여성입니다.', '이순옥 씨는 자녀가 없습니다.', '이순옥 씨는 1981년에 결혼했습니다. 2008년 이혼했습니다.', '이순옥 씨는 태안 바다의 제철 해산물을 듬뿍 넣어 짭조름하게 무쳐낸 밑반찬과 직접 담근 진한 된장으로 식탁을 채우며, 일주일에 한 번 배달되는 갓 구운 단팥빵의 달콤함으로 삶의 위안을 얻습니다. 당뇨 때문에 밀가루를 조심해야 한다는 의사의 경고를 잘 알면서도, 동네 빵집의 고소한 냄새 앞에서는 자꾸만 마음이 약해지는 인간적인 모순을 가지고 있습니다.']",F. 이순옥 씨는 충청남 태안군에 거주합니다.,제공된 페르소나 정보 기준 이순옥 씨의 거주지: 충청남 태안군.,0.5,0.5334257023321484,0.699999999965,1.0,4,P016-Q07-ADV-부분일치,ADV-부분일치,F
이순옥 씨는 1982년에 결혼했다. (참/거짓),"['이순옥 씨는 1981년에 결혼했습니다. 2008년 이혼했습니다.', '이순옥 씨는 자녀가 없습니다.', '이순옥 씨는 70세 여자이며, 충청남 충청남-태안군에 거주합니다. 최종 학력은 무학이고, 직업은 무직입니다.', '이순옥 씨는 태안 바다의 강인함과 빵을 향한 소박한 욕망을 품은 채, 고독과 질병을 꼼꼼한 자기관리와 신앙으로 이겨내며 살아가는 70대 여성입니다.', '이순옥 씨가 즐겨먹는 음식은 비빔밥, 취미는 사진 찍기, 좋아하는 문화는 9시 뉴스입니다.']",F. 이순옥 씨는 1981년에 결혼했습니다.,제공된 페르소나 정보 기준 이순옥 씨의 결혼 정보: 1981년에 결혼.,1.0,0.569381911063074,0.9999999999,1.0,4,P016-Q08-ADV-시점근접,ADV-시점근접,F
이 사람의 이름은 이유진이다. (참/거짓),"['이순옥 씨는 태안 바다의 강인함과 빵을 향한 소박한 욕망을 품은 채, 고독과 질병을 꼼꼼한 자기관리와 신앙으로 이겨내며 살아가는 70대 여성입니다.', '이순옥 씨는 70세 여자이며, 충청남 충청남-태안군에 거주합니다. 최종 학력은 무학이고, 직업은 무직입니다.', '이순옥 씨는 태안 바다의 제철 해산물을 듬뿍 넣어 짭조름하게 무쳐낸 밑반찬과 직접 담근 진한 된장으로 식탁을 채우며, 일주일에 한 번 배달되는 갓 구운 단팥빵의 달콤함으로 삶의 위안을 얻습니다. 당뇨 때문에 밀가루를 조심해야 한다는 의사의 경고를 잘 알면서도, 동네 빵집의 고소한 냄새 앞에서는 자꾸만 마음이 약해지는 인간적인 모순을 가지고 있습니다.', '이순옥 씨는 자녀가 없습니다.', '이순옥 씨가 즐겨먹는 음식은 비빔밥, 취미는 사진 찍기, 좋아하는 문화는 9시 뉴스입니다.']","F, 이 사람의 이름은 이순옥입니다.",제공된 페르소나 정보 기준 이순옥 씨의 이름: 이순옥.,1.0,0.6537635508639007,0.0,0.0,4,P016-Q09-ADV-유사인물,ADV-유사인물,F
이남수 씨의 거주지는 어디인가요?,"['이남수 씨는 1986년에 결혼했습니다.', '이남수 씨는 70세 여자이며, 경기 경기-고양시 덕양구에 거주합니다. 최종 학력은 고등학교이고, 직업은 무직입니다.', '이남수 씨는 꼼꼼한 살림 솜씨와 디지털 기기 활용 능력을 갖춘 덕양구의 70대 여성으로, 건강 관리와 손주들과의 교감을 위해 노력하는 분입니다.', '이남수 씨는 2주에 한 번 남편과 함께 덕양구 갈비집에서 외식을 즐기고, 가끔은 정갈한 초밥 세트를 찾아다닙니다. 이남수 씨는 주 1회 배달 앱으로 음식을 시켜 먹으며 최신 메뉴를 시도하는 소소한 즐거움을 누립니다.', '이남수 씨가 즐겨먹는 음식은 삼계탕, 취미는 노래 부르기, 좋아하는 문화는 트로트입니다.']",이남수 씨는 경기 경기-고양시 덕양구에 거주합니다.,이남수 씨의 거주지: 경기 고양시 덕양구.,1.0,0.5489002659085616,0.49999999995,1.0,4,P017-Q01-T-거주지,T-거주지,경기 고양시 덕양구
이남수 씨의 직업은 무엇인가요?,"['이남수 씨는 1986년에 결혼했습니다.', '이남수 씨는 꼼꼼한 살림 솜씨와 디지털 기기 활용 능력을 갖춘 덕양구의 70대 여성으로, 건강 관리와 손주들과의 교감을 위해 노력하는 분입니다.', '이남수 씨는 70세 여자이며, 경기 경기-고양시 덕양구에 거주합니다. 최종 학력은 고등학교이고, 직업은 무직입니다.', '이남수 씨가 즐겨먹는 음식은 삼계탕, 취미는 노래 부르기, 좋아하는 문화는 트로트입니다.', '이남수 씨는 2주에 한 번 남편과 함께 덕양구 갈비집에서 외식을 즐기고, 가끔은 정갈한 초밥 세트를 찾아다닙니다. 이남수 씨는 주 1회 배달 앱으로 음식을 시켜 먹으며 최신 메뉴를 시도하는 소소한 즐거움을 누립니다.']",이남수 씨의 직업은 무직입니다.,이남수 씨의 직업: 무직.,1.0,0.5591789840050329,0.3333333333,1.0,4,P017-Q02-T-직업,T-직업,무직
이남수 씨의 최종 학력은 무엇인가요?,"['이남수 씨는 70세 여자이며, 경기 경기-고양시 덕양구에 거주합니다. 최종 학력은 고등학교이고, 직업은 무직입니다.', '이남수 씨는 1986년에 결혼했습니다.', '이남수 씨는 꼼꼼한 살림 솜씨와 디지털 기기 활용 능력을 갖춘 덕양구의 70대 여성으로, 건강 관리와 손주들과의 교감을 위해 노력하는 분입니다.', '이남수 씨가 즐겨먹는 음식은 삼계탕, 취미는 노래 부르기, 좋아하는 문화는 트로트입니다.', '이남수 씨의 주요 질환은 협심증, 백내장, 골다공증이고, 복용 약물은 니트로글리세린, 아스피린, 알렌드로네이트입니다.']",이남수 씨의 최종 학력은 고등학교입니다.,이남수 씨의 최종 학력: 고등학교.,1.0,0.9078796498425724,0.9999999999,1.0,4,P017-Q03-T-학력,T-학력,고등학교
이남수 씨는 경상북에 살고 있다. (참/거짓),"['이남수 씨는 1986년에 결혼했습니다.', '이남수 씨는 70세 여자이며, 경기 경기-고양시 덕양구에 거주합니다. 최종 학력은 고등학교이고, 직업은 무직입니다.', '이남수 씨는 꼼꼼한 살림 솜씨와 디지털 기기 활용 능력을 갖춘 덕양구의 70대 여성으로, 건강 관리와 손주들과의 교감을 위해 노력하는 분입니다.', '이남수 씨는 2주에 한 번 남편과 함께 덕양구 갈비집에서 외식을 즐기고, 가끔은 정갈한 초밥 세트를 찾아다닙니다. 이남수 씨는 주 1회 배달 앱으로 음식을 시켜 먹으며 최신 메뉴를 시도하는 소소한 즐거움을 누립니다.', '이남수 씨가 즐겨먹는 음식은 삼계탕, 취미는 노래 부르기, 좋아하는 문화는 트로트입니다.']","F, 이남수 씨는 경기 경기-고양시 덕양구에 거주합니다.",제공된 페르소나 정보 기준 이남수 씨의 거주지: 경기 고양시 덕양구.,1.0,0.4890220978603039,0.6388888888675925,0.5,4,P017-Q04-F-반대,F-반대,F
이남수 씨의 현재 운영 중인 사업자명은 무엇인가요?,"['이남수 씨는 1986년에 결혼했습니다.', '이남수 씨는 꼼꼼한 살림 솜씨와 디지털 기기 활용 능력을 갖춘 덕양구의 70대 여성으로, 건강 관리와 손주들과의 교감을 위해 노력하는 분입니다.', '이남수 씨는 2주에 한 번 남편과 함께 덕양구 갈비집에서 외식을 즐기고, 가끔은 정갈한 초밥 세트를 찾아다닙니다. 이남수 씨는 주 1회 배달 앱으로 음식을 시켜 먹으며 최신 메뉴를 시도하는 소소한 즐거움을 누립니다.', '이남수 씨는 70세 여자이며, 경기 경기-고양시 덕양구에 거주합니다. 최종 학력은 고등학교이고, 직업은 무직입니다.', '이남수 씨가 즐겨먹는 음식은 삼계탕, 취미는 노래 부르기, 좋아하는 문화는 트로트입니다.']",정보 없음,제공된 페르소나 정보에는 이남수 씨에 대해 질문한 사실이 없습니다.,1.0,0.0,0.0,0.0,4,P017-Q05-F-비존재,F-비존재,정보 없음
이남수 씨는 2001년에 결혼했다. (참/거짓),"['이남수 씨는 1986년에 결혼했습니다.', '이남수 씨의 자녀는 2명: 이지영(35세 여자), 이영숙(33세 여자).', '이남수 씨는 꼼꼼한 살림 솜씨와 디지털 기기 활용 능력을 갖춘 덕양구의 70대 여성으로, 건강 관리와 손주들과의 교감을 위해 노력하는 분입니다.', '이남수 씨는 배우자와 함께 지내며 자녀와 손주들에게 세련된 할머니로 인정받고 싶어 하는 욕심이 있습니다. 이남수 씨는 가족들을 끔찍이 아끼지만 가끔은 자신의 방식대로 모든 것을 통제하려는 성향 때문에 자녀들과 가벼운 실랑이를 벌이기도 합니다.', '이남수 씨는 70세 여자이며, 경기 경기-고양시 덕양구에 거주합니다. 최종 학력은 고등학교이고, 직업은 무직입니다.']",F. 이남수 씨는 1986년에 결혼했습니다.,제공된 페르소나 정보 기준 이남수 씨의 결혼 정보: 1986년에 결혼.,1.0,0.567740699263311,0.9999999999,0.5,4,P017-Q06-F-시점오류,F-시점오류,F
이남수 씨는 경기 고양시 덕양시에 산다. (참/거짓),"['이남수 씨는 70세 여자이며, 경기 경기-고양시 덕양구에 거주합니다. 최종 학력은 고등학교이고, 직업은 무직입니다.', '이남수 씨는 꼼꼼한 살림 솜씨와 디지털 기기 활용 능력을 갖춘 덕양구의 70대 여성으로, 건강 관리와 손주들과의 교감을 위해 노력하는 분입니다.', '이남수 씨는 1986년에 결혼했습니다.', '이남수 씨는 2주에 한 번 남편과 함께 덕양구 갈비집에서 외식을 즐기고, 가끔은 정갈한 초밥 세트를 찾아다닙니다. 이남수 씨는 주 1회 배달 앱으로 음식을 시켜 먹으며 최신 메뉴를 시도하는 소소한 즐거움을 누립니다.', '이남수 씨가 즐겨먹는 음식은 삼계탕, 취미는 노래 부르기, 좋아하는 문화는 트로트입니다.']",T. 이남수 씨는 경기 고양,제공된 페르소나 정보 기준 이남수 씨의 거주지: 경기 고양시 덕양구.,1.0,0.54915801976918,0.9166666666361112,1.0,4,P017-Q07-ADV-부분일치,ADV-부분일치,F
이남수 씨는 1985년에 결혼했다. (참/거짓),"['이남수 씨는 1986년에 결혼했습니다.', '이남수 씨의 자녀는 2명: 이지영(35세 여자), 이영숙(33세 여자).', '이남수 씨는 꼼꼼한 살림 솜씨와 디지털 기기 활용 능력을 갖춘 덕양구의 70대 여성으로, 건강 관리와 손주들과의 교감을 위해 노력하는 분입니다.', '이남수 씨는 70세 여자이며, 경기 경기-고양시 덕양구에 거주합니다. 최종 학력은 고등학교이고, 직업은 무직입니다.', '이남수 씨는 배우자와 함께 지내며 자녀와 손주들에게 세련된 할머니로 인정받고 싶어 하는 욕심이 있습니다. 이남수 씨는 가족들을 끔찍이 아끼지만 가끔은 자신의 방식대로 모든 것을 통제하려는 성향 때문에 자녀들과 가벼운 실랑이를 벌이기도 합니다.']",F. 이남수 씨는 1986년에 결혼했습니다.,제공된 페르소나 정보 기준 이남수 씨의 결혼 정보: 1986년에 결혼.,1.0,0.5588524912285605,0.9999999999,0.0,4,P017-Q08-ADV-시점근접,ADV-시점근접,F
이남수 씨의 자녀 이름은 이지윤이다. (참/거짓),"['이남수 씨의 자녀는 2명: 이지영(35세 여자), 이영숙(33세 여자).', '이남수 씨는 1986년에 결혼했습니다.', '이남수 씨는 배우자와 함께 지내며 자녀와 손주들에게 세련된 할머니로 인정받고 싶어 하는 욕심이 있습니다. 이남수 씨는 가족들을 끔찍이 아끼지만 가끔은 자신의 방식대로 모든 것을 통제하려는 성향 때문에 자녀들과 가벼운 실랑이를 벌이기도 합니다.', '이남수 씨는 70세 여자이며, 경기 경기-고양시 덕양구에 거주합니다. 최종 학력은 고등학교이고, 직업은 무직입니다.', '이남수 씨는 꼼꼼한 살림 솜씨와 디지털 기기 활용 능력을 갖춘 덕양구의 70대 여성으로, 건강 관리와 손주들과의 교감을 위해 노력하는 분입니다.']",F. 이남수 씨의 자녀 이름은 이지영과 이영숙입니다.,"제공된 페르소나 정보 기준 이남수 씨의 자녀 정보: 자녀 2명(이지영, 이영숙).",1.0,0.4736923026758394,0.0,0.0,4,P017-Q09-ADV-유사인물,ADV-유사인물,F
허예숙 씨의 거주지는 어디인가요?,"['허예숙 씨는 78세 여자이며, 부산 부산-사하구에 거주합니다. 최종 학력은 중학교이고, 직업은 무직입니다.', '허예숙 씨는 1976년에 결혼했습니다. 2011년 배우자와 사별했습니다.', '허예숙 씨는 다대포의 바다 내음을 닮은 넉넉한 품으로 이웃을 챙기며, 유튜브와 텃밭 가꾸기로 삶의 활력을 찾는 지혜로운 부산 할머니입니다.', '허예숙 씨가 즐겨먹는 음식은 파전, 취미는 꽃꽂이, 좋아하는 문화는 트로트입니다.', '허예숙 씨의 자녀는 2명: 허현주(46세 여자), 허수정(42세 여자).']",허예숙 씨의 거주지는 부산 부산-사하구입니다.,허예숙 씨의 거주지: 부산 사하구.,1.0,0.6069772824600356,0.8333333332916666,1.0,4,P018-Q01-T-거주지,T-거주지,부산 사하구
허예숙 씨의 직업은 무엇인가요?,"['허예숙 씨는 78세 여자이며, 부산 부산-사하구에 거주합니다. 최종 학력은 중학교이고, 직업은 무직입니다.', '허예숙 씨는 1976년에 결혼했습니다. 2011년 배우자와 사별했습니다.', '허예숙 씨는 다대포의 바다 내음을 닮은 넉넉한 품으로 이웃을 챙기며, 유튜브와 텃밭 가꾸기로 삶의 활력을 찾는 지혜로운 부산 할머니입니다.', '허예숙 씨가 즐겨먹는 음식은 파전, 취미는 꽃꽂이, 좋아하는 문화는 트로트입니다.', '허예숙 씨는 사별 후 적막한 아파트에서 홀로 지내지만, 가끔 찾아오는 자식들에게 줄 밑반찬을 미리 만들어 냉장고에 가득 채워둡니다. 외로움이 밀려올 때면 친구들을 집으로 불러 모아 고민을 들어주는 다정한 상담가 역할을 하며 집안의 빈자리를 온기로 채웁니다.']",허예숙 씨의 직업은 무직입니다.,허예숙 씨의 직업: 무직.,1.0,0.966471039761188,0.9999999999,1.0,4,P018-Q02-T-직업,T-직업,무직
허예숙 씨의 최종 학력은 무엇인가요?,"['허예숙 씨는 78세 여자이며, 부산 부산-사하구에 거주합니다. 최종 학력은 중학교이고, 직업은 무직입니다.', '허예숙 씨는 1976년에 결혼했습니다. 2011년 배우자와 사별했습니다.', '허예숙 씨가 즐겨먹는 음식은 파전, 취미는 꽃꽂이, 좋아하는 문화는 트로트입니다.', '허예숙 씨의 주요 질환은 갑상선 저하증, 백내장이고, 복용 약물은 레보티록신입니다.', '허예숙 씨의 자녀는 2명: 허현주(46세 여자), 허수정(42세 여자).']",허예숙 씨의 최종 학력은 중학교입니다.,허예숙 씨의 최종 학력: 중학교.,1.0,0.939847042224986,0.9999999999,1.0,4,P018-Q03-T-학력,T-학력,중학교
허예숙 씨는 충청북에 살고 있다. (참/거짓),"['허예숙 씨는 78세 여자이며, 부산 부산-사하구에 거주합니다. 최종 학력은 중학교이고, 직업은 무직입니다.', '허예숙 씨는 1976년에 결혼했습니다. 2011년 배우자와 사별했습니다.', '허예숙 씨는 다대포의 바다 내음을 닮은 넉넉한 품으로 이웃을 챙기며, 유튜브와 텃밭 가꾸기로 삶의 활력을 찾는 지혜로운 부산 할머니입니다.', '허예숙 씨가 즐겨먹는 음식은 파전, 취미는 꽃꽂이, 좋아하는 문화는 트로트입니다.', '허예숙 씨는 사별 후 적막한 아파트에서 홀로 지내지만, 가끔 찾아오는 자식들에게 줄 밑반찬을 미리 만들어 냉장고에 가득 채워둡니다. 외로움이 밀려올 때면 친구들을 집으로 불러 모아 고민을 들어주는 다정한 상담가 역할을 하며 집안의 빈자리를 온기로 채웁니다.']",F. 허예숙 씨는 부산 부산-사하구에 거주합니다.,제공된 페르소나 정보 기준 허예숙 씨의 거주지: 부산 사하구.,1.0,0.7199094654990962,0.8333333332916666,0.5,4,P018-Q04-F-반대,F-반대,F
허예숙 씨의 최근 가입한 동호회의 이름은 무엇인가요?,"['허예숙 씨는 78세 여자이며, 부산 부산-사하구에 거주합니다. 최종 학력은 중학교이고, 직업은 무직입니다.', '허예숙 씨는 1976년에 결혼했습니다. 2011년 배우자와 사별했습니다.', '허예숙 씨가 즐겨먹는 음식은 파전, 취미는 꽃꽂이, 좋아하는 문화는 트로트입니다.', '허예숙 씨는 다대포의 바다 내음을 닮은 넉넉한 품으로 이웃을 챙기며, 유튜브와 텃밭 가꾸기로 삶의 활력을 찾는 지혜로운 부산 할머니입니다.', '허예숙 씨는 사별 후 적막한 아파트에서 홀로 지내지만, 가끔 찾아오는 자식들에게 줄 밑반찬을 미리 만들어 냉장고에 가득 채워둡니다. 외로움이 밀려올 때면 친구들을 집으로 불러 모아 고민을 들어주는 다정한 상담가 역할을 하며 집안의 빈자리를 온기로 채웁니다.']",정보 없음,제공된 페르소나 정보에는 허예숙 씨에 대해 질문한 사실이 없습니다.,1.0,0.0,0.0,0.0,4,P018-Q05-F-비존재,F-비존재,정보 없음
허예숙 씨는 1986년에 결혼했다. (참/거짓),"['허예숙 씨는 1976년에 결혼했습니다. 2011년 배우자와 사별했습니다.', '허예숙 씨는 78세 여자이며, 부산 부산-사하구에 거주합니다. 최종 학력은 중학교이고, 직업은 무직입니다.', '허예숙 씨의 자녀는 2명: 허현주(46세 여자), 허수정(42세 여자).', '허예숙 씨는 다대포의 바다 내음을 닮은 넉넉한 품으로 이웃을 챙기며, 유튜브와 텃밭 가꾸기로 삶의 활력을 찾는 지혜로운 부산 할머니입니다.', '허예숙 씨는 사별 후 적막한 아파트에서 홀로 지내지만, 가끔 찾아오는 자식들에게 줄 밑반찬을 미리 만들어 냉장고에 가득 채워둡니다. 외로움이 밀려올 때면 친구들을 집으로 불러 모아 고민을 들어주는 다정한 상담가 역할을 하며 집안의 빈자리를 온기로 채웁니다.']",F. 허예숙 씨는 1976년에 결혼했습니다.,제공된 페르소나 정보 기준 허예숙 씨의 결혼 정보: 1976년에 결혼.,1.0,0.5617198312040919,0.9999999999,0.5,4,P018-Q06-F-시점오류,F-시점오류,F
허예숙 씨는 부산 사하시에 산다. (참/거짓),"['허예숙 씨는 78세 여자이며, 부산 부산-사하구에 거주합니다. 최종 학력은 중학교이고, 직업은 무직입니다.', '허예숙 씨는 다대포의 바다 내음을 닮은 넉넉한 품으로 이웃을 챙기며, 유튜브와 텃밭 가꾸기로 삶의 활력을 찾는 지혜로운 부산 할머니입니다.', '허예숙 씨는 1976년에 결혼했습니다. 2011년 배우자와 사별했습니다.', '허예숙 씨의 주요 질환은 갑상선 저하증, 백내장이고, 복용 약물은 레보티록신입니다.', '허예숙 씨가 즐겨먹는 음식은 파전, 취미는 꽃꽂이, 좋아하는 문화는 트로트입니다.']",F. 허예숙 씨는 부산 사하구에 거주합니다.,제공된 페르소나 정보 기준 허예숙 씨의 거주지: 부산 사하구.,0.5,0.7247377490513607,0.9999999999,1.0,4,P018-Q07-ADV-부분일치,ADV-부분일치,F
허예숙 씨는 1975년에 결혼했다. (참/거짓),"['허예숙 씨는 1976년에 결혼했습니다. 2011년 배우자와 사별했습니다.', '허예숙 씨는 78세 여자이며, 부산 부산-사하구에 거주합니다. 최종 학력은 중학교이고, 직업은 무직입니다.', '허예숙 씨의 자녀는 2명: 허현주(46세 여자), 허수정(42세 여자).', '허예숙 씨는 다대포의 바다 내음을 닮은 넉넉한 품으로 이웃을 챙기며, 유튜브와 텃밭 가꾸기로 삶의 활력을 찾는 지혜로운 부산 할머니입니다.', '허예숙 씨가 즐겨먹는 음식은 파전, 취미는 꽃꽂이, 좋아하는 문화는 트로트입니다.']","F, 허예숙 씨는 1976년에 결혼했습니다.",제공된 페르소나 정보 기준 허예숙 씨의 결혼 정보: 1976년에 결혼.,1.0,0.5370017495928076,0.9999999999,0.0,4,P018-Q08-ADV-시점근접,ADV-시점근접,F
허예숙 씨의 자녀 이름은 허민지이다. (참/거짓),"['허예숙 씨의 자녀는 2명: 허현주(46세 여자), 허수정(42세 여자).', '허예숙 씨는 1976년에 결혼했습니다. 2011년 배우자와 사별했습니다.', '허예숙 씨는 78세 여자이며, 부산 부산-사하구에 거주합니다. 최종 학력은 중학교이고, 직업은 무직입니다.', '허예숙 씨는 사별 후 적막한 아파트에서 홀로 지내지만, 가끔 찾아오는 자식들에게 줄 밑반찬을 미리 만들어 냉장고에 가득 채워둡니다. 외로움이 밀려올 때면 친구들을 집으로 불러 모아 고민을 들어주는 다정한 상담가 역할을 하며 집안의 빈자리를 온기로 채웁니다.', '허예숙 씨의 주요 질환은 갑상선 저하증, 백내장이고, 복용 약물은 레보티록신입니다.']",F. 허예숙 씨의 자녀 이름은 허현주와 허수정입니다.,"제공된 페르소나 정보 기준 허예숙 씨의 자녀 정보: 자녀 2명(허현주, 허수정).",1.0,0.7157079747906816,0.0,0.0,4,P018-Q09-ADV-유사인물,ADV-유사인물,F
신춘자 씨의 거주지는 어디인가요?,"['신춘자 씨는 1977년에 결혼했습니다.', '신춘자 씨는 강원도 홍천의 자연 속에서 뛰어난 손맛과 생활 지혜를 가진 살림꾼이자, 임영웅의 노래와 가족의 사랑으로 평온한 노후를 보내는 79세 할머니입니다.', '신춘자 씨는 79세 여자이며, 강원 강원-홍천군에 거주합니다. 최종 학력은 초등학교이고, 직업은 무직입니다.', '신춘자 씨의 자녀는 1명: 신민지(44세 여자).', '신춘자 씨가 즐겨먹는 음식은 된장찌개, 취미는 꽃꽂이, 좋아하는 문화는 임영웅 노래입니다.']",신춘자 씨는 강원 강원-홍천군에 거주합니다.,신춘자 씨의 거주지: 강원 홍천군.,1.0,0.925074664314284,0.5833333333041666,1.0,4,P019-Q01-T-거주지,T-거주지,강원 홍천군
신춘자 씨의 직업은 무엇인가요?,"['신춘자 씨는 1977년에 결혼했습니다.', '신춘자 씨는 79세 여자이며, 강원 강원-홍천군에 거주합니다. 최종 학력은 초등학교이고, 직업은 무직입니다.', '신춘자 씨는 강원도 홍천의 자연 속에서 뛰어난 손맛과 생활 지혜를 가진 살림꾼이자, 임영웅의 노래와 가족의 사랑으로 평온한 노후를 보내는 79세 할머니입니다.', '신춘자 씨의 자녀는 1명: 신민지(44세 여자).', '신춘자 씨가 즐겨먹는 음식은 된장찌개, 취미는 꽃꽂이, 좋아하는 문화는 임영웅 노래입니다.']",신춘자 씨의 직업은 무직입니다.,신춘자 씨의 직업: 무직.,1.0,0.9558649112949992,0.49999999995,1.0,4,P019-Q02-T-직업,T-직업,무직
신춘자 씨의 최종 학력은 무엇인가요?,"['신춘자 씨는 1977년에 결혼했습니다.', '신춘자 씨는 79세 여자이며, 강원 강원-홍천군에 거주합니다. 최종 학력은 초등학교이고, 직업은 무직입니다.', '신춘자 씨의 자녀는 1명: 신민지(44세 여자).', '신춘자 씨는 강원도 홍천의 자연 속에서 뛰어난 손맛과 생활 지혜를 가진 살림꾼이자, 임영웅의 노래와 가족의 사랑으로 평온한 노후를 보내는 79세 할머니입니다.', '신춘자 씨가 즐겨먹는 음식은 된장찌개, 취미는 꽃꽂이, 좋아하는 문화는 임영웅 노래입니다.']",신춘자 씨의 최종 학력은 초등학교입니다.,신춘자 씨의 최종 학력: 초등학교.,1.0,0.8865735827266117,0.49999999995,1.0,4,P019-Q03-T-학력,T-학력,초등학교
신춘자 씨는 서울에 살고 있다. (참/거짓),"['신춘자 씨는 1977년에 결혼했습니다.', '신춘자 씨는 79세 여자이며, 강원 강원-홍천군에 거주합니다. 최종 학력은 초등학교이고, 직업은 무직입니다.', '신춘자 씨는 강원도 홍천의 자연 속에서 뛰어난 손맛과 생활 지혜를 가진 살림꾼이자, 임영웅의 노래와 가족의 사랑으로 평온한 노후를 보내는 79세 할머니입니다.', '신춘자 씨의 자녀는 1명: 신민지(44세 여자).', '신춘자 씨는 무뚝뚝하지만 곁을 지켜주는 남편과 함께 늙어가는 일상을 보내며, 도시로 나간 자식들이 방문할 때면 집안 구석구석을 정갈하게 닦으며 설레는 마음으로 기다립니다.']",F. 신춘자 씨는 강원 강원-홍천군에 거주합니다.,제공된 페르소나 정보 기준 신춘자 씨의 거주지: 강원 홍천군.,1.0,0.8228299562855801,0.5833333333041666,0.5,4,P019-Q04-F-반대,F-반대,F
신춘자 씨의 최근 가입한 동호회의 이름은 무엇인가요?,"['신춘자 씨는 1977년에 결혼했습니다.', '신춘자 씨는 79세 여자이며, 강원 강원-홍천군에 거주합니다. 최종 학력은 초등학교이고, 직업은 무직입니다.', '신춘자 씨는 강원도 홍천의 자연 속에서 뛰어난 손맛과 생활 지혜를 가진 살림꾼이자, 임영웅의 노래와 가족의 사랑으로 평온한 노후를 보내는 79세 할머니입니다.', '신춘자 씨의 자녀는 1명: 신민지(44세 여자).', '신춘자 씨가 즐겨먹는 음식은 된장찌개, 취미는 꽃꽂이, 좋아하는 문화는 임영웅 노래입니다.']",정보 없음,제공된 페르소나 정보에는 신춘자 씨에 대해 질문한 사실이 없습니다.,1.0,0.0,0.0,0.0,4,P019-Q05-F-비존재,F-비존재,정보 없음
신춘자 씨는 1962년에 결혼했다. (참/거짓),"['신춘자 씨는 1977년에 결혼했습니다.', '신춘자 씨의 자녀는 1명: 신민지(44세 여자).', '신춘자 씨는 79세 여자이며, 강원 강원-홍천군에 거주합니다. 최종 학력은 초등학교이고, 직업은 무직입니다.', '신춘자 씨는 강원도 홍천의 자연 속에서 뛰어난 손맛과 생활 지혜를 가진 살림꾼이자, 임영웅의 노래와 가족의 사랑으로 평온한 노후를 보내는 79세 할머니입니다.', '신춘자 씨는 무뚝뚝하지만 곁을 지켜주는 남편과 함께 늙어가는 일상을 보내며, 도시로 나간 자식들이 방문할 때면 집안 구석구석을 정갈하게 닦으며 설레는 마음으로 기다립니다.']",F. 신춘자 씨는 1977년에 결혼했습니다.,제공된 페르소나 정보 기준 신춘자 씨의 결혼 정보: 1977년에 결혼.,1.0,0.8271265404251515,0.9999999999,0.0,4,P019-Q06-F-시점오류,F-시점오류,F
신춘자 씨는 강원 홍천구에 산다. (참/거짓),"['신춘자 씨는 강원도 홍천의 자연 속에서 뛰어난 손맛과 생활 지혜를 가진 살림꾼이자, 임영웅의 노래와 가족의 사랑으로 평온한 노후를 보내는 79세 할머니입니다.', '신춘자 씨는 79세 여자이며, 강원 강원-홍천군에 거주합니다. 최종 학력은 초등학교이고, 직업은 무직입니다.', '신춘자 씨는 1977년에 결혼했습니다.', '신춘자 씨의 자녀는 1명: 신민지(44세 여자).', '신춘자 씨가 즐겨먹는 음식은 된장찌개, 취미는 꽃꽂이, 좋아하는 문화는 임영웅 노래입니다.']",F. 신춘자 씨는 강원 홍천군에 거주합니다.,제공된 페르소나 정보 기준 신춘자 씨의 거주지: 강원 홍천군.,0.5,0.7616991099376222,0.99999999995,1.0,4,P019-Q07-ADV-부분일치,ADV-부분일치,F
신춘자 씨는 1976년에 결혼했다. (참/거짓),"['신춘자 씨는 1977년에 결혼했습니다.', '신춘자 씨의 자녀는 1명: 신민지(44세 여자).', '신춘자 씨는 79세 여자이며, 강원 강원-홍천군에 거주합니다. 최종 학력은 초등학교이고, 직업은 무직입니다.', '신춘자 씨는 강원도 홍천의 자연 속에서 뛰어난 손맛과 생활 지혜를 가진 살림꾼이자, 임영웅의 노래와 가족의 사랑으로 평온한 노후를 보내는 79세 할머니입니다.', '신춘자 씨는 무뚝뚝하지만 곁을 지켜주는 남편과 함께 늙어가는 일상을 보내며, 도시로 나간 자식들이 방문할 때면 집안 구석구석을 정갈하게 닦으며 설레는 마음으로 기다립니다.']",F. 신춘자 씨는 1977년에 결혼했습니다.,제공된 페르소나 정보 기준 신춘자 씨의 결혼 정보: 1977년에 결혼.,1.0,0.8327332925329299,0.9999999999,0.0,4,P019-Q08-ADV-시점근접,ADV-시점근접,F
신춘자 씨의 자녀 이름은 신선영이다. (참/거짓),"['신춘자 씨의 자녀는 1명: 신민지(44세 여자).', '신춘자 씨는 1977년에 결혼했습니다.', '신춘자 씨는 79세 여자이며, 강원 강원-홍천군에 거주합니다. 최종 학력은 초등학교이고, 직업은 무직입니다.', '신춘자 씨는 강원도 홍천의 자연 속에서 뛰어난 손맛과 생활 지혜를 가진 살림꾼이자, 임영웅의 노래와 가족의 사랑으로 평온한 노후를 보내는 79세 할머니입니다.', '신춘자 씨는 무뚝뚝하지만 곁을 지켜주는 남편과 함께 늙어가는 일상을 보내며, 도시로 나간 자식들이 방문할 때면 집안 구석구석을 정갈하게 닦으며 설레는 마음으로 기다립니다.']",F. 신춘자 씨의 자녀 이름은 신민지이다.,제공된 페르소나 정보 기준 신춘자 씨의 자녀 정보: 자녀 1명(신민지).,1.0,0.7852395111070202,0.9999999999,0.0,4,P019-Q09-ADV-유사인물,ADV-유사인물,F
구영자 씨의 거주지는 어디인가요?,"['구영자 씨는 1982년에 결혼했습니다.', '구영자 씨는 74세 여자이며, 경상남 경상남-창원시 성산구에 거주합니다. 최종 학력은 중학교이고, 직업은 무직입니다.', '구영자 씨는 무뚝뚝한 남편과 함께 아파트에 살며 평생을 가족의 든든한 버팀목이 되어주었고, 이제는 가끔 방문하는 손주들의 재롱을 보며 집안의 모든 정성을 쏟아붓는 다정한 할머니입니다.', '구영자 씨는 창원 성산구에서 이웃들과 어울리며 활기차게 살아가는 70대 할머니로, 당뇨라는 건강상 제약 속에서도 가족과 친구를 챙기는 정 많고 사교적인 삶을 꾸려가고 있습니다.', '구영자 씨가 즐겨먹는 음식은 비빔밥, 취미는 산책, 좋아하는 문화는 트로트입니다.']",구영자 씨는 경상남 경상남-창원시 성산구에 거주합니다.,구영자 씨의 거주지: 경상남 창원시 성산구.,1.0,0.5310987298109164,0.499999999975,1.0,4,P020-Q01-T-거주지,T-거주지,경상남 창원시 성산구
구영자 씨의 직업은 무엇인가요?,"['구영자 씨는 1982년에 결혼했습니다.', '구영자 씨는 74세 여자이며, 경상남 경상남-창원시 성산구에 거주합니다. 최종 학력은 중학교이고, 직업은 무직입니다.', '구영자 씨가 즐겨먹는 음식은 비빔밥, 취미는 산책, 좋아하는 문화는 트로트입니다.', '구영자 씨는 무뚝뚝한 남편과 함께 아파트에 살며 평생을 가족의 든든한 버팀목이 되어주었고, 이제는 가끔 방문하는 손주들의 재롱을 보며 집안의 모든 정성을 쏟아붓는 다정한 할머니입니다.', '구영자 씨는 창원 성산구에서 이웃들과 어울리며 활기차게 살아가는 70대 할머니로, 당뇨라는 건강상 제약 속에서도 가족과 친구를 챙기는 정 많고 사교적인 삶을 꾸려가고 있습니다.']",구영자 씨의 직업은 무직입니다.,구영자 씨의 직업: 무직.,1.0,0.9537739562621996,0.49999999995,1.0,4,P020-Q02-T-직업,T-직업,무직
구영자 씨의 최종 학력은 무엇인가요?,"['구영자 씨는 74세 여자이며, 경상남 경상남-창원시 성산구에 거주합니다. 최종 학력은 중학교이고, 직업은 무직입니다.', '구영자 씨는 1982년에 결혼했습니다.', '구영자 씨가 즐겨먹는 음식은 비빔밥, 취미는 산책, 좋아하는 문화는 트로트입니다.', '구영자 씨는 무뚝뚝한 남편과 함께 아파트에 살며 평생을 가족의 든든한 버팀목이 되어주었고, 이제는 가끔 방문하는 손주들의 재롱을 보며 집안의 모든 정성을 쏟아붓는 다정한 할머니입니다.', '구영자 씨의 자녀는 2명: 구수정(40세 여자), 구영숙(38세 여자).']",구영자 씨의 최종 학력은 중학교입니다.,구영자 씨의 최종 학력: 중학교.,1.0,0.8985749803432496,0.9999999999,1.0,4,P020-Q03-T-학력,T-학력,중학교
구영자 씨는 부산에 살고 있다. (참/거짓),"['구영자 씨는 74세 여자이며, 경상남 경상남-창원시 성산구에 거주합니다. 최종 학력은 중학교이고, 직업은 무직입니다.', '구영자 씨는 1982년에 결혼했습니다.', '구영자 씨는 창원 성산구에서 이웃들과 어울리며 활기차게 살아가는 70대 할머니로, 당뇨라는 건강상 제약 속에서도 가족과 친구를 챙기는 정 많고 사교적인 삶을 꾸려가고 있습니다.', '구영자 씨는 무뚝뚝한 남편과 함께 아파트에 살며 평생을 가족의 든든한 버팀목이 되어주었고, 이제는 가끔 방문하는 손주들의 재롱을 보며 집안의 모든 정성을 쏟아붓는 다정한 할머니입니다.', '구영자 씨가 즐겨먹는 음식은 비빔밥, 취미는 산책, 좋아하는 문화는 트로트입니다.']",F. 구영자 씨는 경상남도 창원시 성산구에 거주합니다.,제공된 페르소나 정보 기준 구영자 씨의 거주지: 경상남 창원시 성산구.,1.0,0.4997559354052446,0.3333333333,0.5,4,P020-Q04-F-반대,F-반대,F
구영자 씨의 최근 가입한 동호회의 이름은 무엇인가요?,"['구영자 씨는 1982년에 결혼했습니다.', '구영자 씨가 즐겨먹는 음식은 비빔밥, 취미는 산책, 좋아하는 문화는 트로트입니다.', '구영자 씨는 창원 성산구에서 이웃들과 어울리며 활기차게 살아가는 70대 할머니로, 당뇨라는 건강상 제약 속에서도 가족과 친구를 챙기는 정 많고 사교적인 삶을 꾸려가고 있습니다.', '구영자 씨는 74세 여자이며, 경상남 경상남-창원시 성산구에 거주합니다. 최종 학력은 중학교이고, 직업은 무직입니다.', '구영자 씨는 무뚝뚝한 남편과 함께 아파트에 살며 평생을 가족의 든든한 버팀목이 되어주었고, 이제는 가끔 방문하는 손주들의 재롱을 보며 집안의 모든 정성을 쏟아붓는 다정한 할머니입니다.']",정보 없음,제공된 페르소나 정보에는 구영자 씨에 대해 질문한 사실이 없습니다.,1.0,0.0,0.0,0.0,4,P020-Q05-F-비존재,F-비존재,정보 없음
구영자 씨는 1967년에 결혼했다. (참/거짓),"['구영자 씨는 1982년에 결혼했습니다.', '구영자 씨의 자녀는 2명: 구수정(40세 여자), 구영숙(38세 여자).', '구영자 씨는 74세 여자이며, 경상남 경상남-창원시 성산구에 거주합니다. 최종 학력은 중학교이고, 직업은 무직입니다.', '구영자 씨는 무뚝뚝한 남편과 함께 아파트에 살며 평생을 가족의 든든한 버팀목이 되어주었고, 이제는 가끔 방문하는 손주들의 재롱을 보며 집안의 모든 정성을 쏟아붓는 다정한 할머니입니다.', '구영자 씨는 창원 성산구에서 이웃들과 어울리며 활기차게 살아가는 70대 할머니로, 당뇨라는 건강상 제약 속에서도 가족과 친구를 챙기는 정 많고 사교적인 삶을 꾸려가고 있습니다.']",F. 구영자 씨는 1982년에 결혼했습니다.,제공된 페르소나 정보 기준 구영자 씨의 결혼 정보: 1982년에 결혼.,1.0,0.5449873102792412,0.9999999999,0.5,4,P020-Q06-F-시점오류,F-시점오류,F
구영자 씨는 경상남 창원시 성산시에 산다. (참/거짓),"['구영자 씨는 74세 여자이며, 경상남 경상남-창원시 성산구에 거주합니다. 최종 학력은 중학교이고, 직업은 무직입니다.', '구영자 씨는 창원 성산구에서 이웃들과 어울리며 활기차게 살아가는 70대 할머니로, 당뇨라는 건강상 제약 속에서도 가족과 친구를 챙기는 정 많고 사교적인 삶을 꾸려가고 있습니다.', '구영자 씨는 1982년에 결혼했습니다.', '구영자 씨는 무뚝뚝한 남편과 함께 아파트에 살며 평생을 가족의 든든한 버팀목이 되어주었고, 이제는 가끔 방문하는 손주들의 재롱을 보며 집안의 모든 정성을 쏟아붓는 다정한 할머니입니다.', '구영자 씨가 즐겨먹는 음식은 비빔밥, 취미는 산책, 좋아하는 문화는 트로트입니다.']","F, 정보에 따르면 구영자 씨는",제공된 페르소나 정보 기준 구영자 씨의 거주지: 경상남 창원시 성산구.,0.0,0.0,0.99999999995,1.0,4,P020-Q07-ADV-부분일치,ADV-부분일치,F
구영자 씨는 1983년에 결혼했다. (참/거짓),"['구영자 씨는 1982년에 결혼했습니다.', '구영자 씨의 자녀는 2명: 구수정(40세 여자), 구영숙(38세 여자).', '구영자 씨는 무뚝뚝한 남편과 함께 아파트에 살며 평생을 가족의 든든한 버팀목이 되어주었고, 이제는 가끔 방문하는 손주들의 재롱을 보며 집안의 모든 정성을 쏟아붓는 다정한 할머니입니다.', '구영자 씨는 74세 여자이며, 경상남 경상남-창원시 성산구에 거주합니다. 최종 학력은 중학교이고, 직업은 무직입니다.', '구영자 씨는 창원 성산구에서 이웃들과 어울리며 활기차게 살아가는 70대 할머니로, 당뇨라는 건강상 제약 속에서도 가족과 친구를 챙기는 정 많고 사교적인 삶을 꾸려가고 있습니다.']",F. 구영자 씨는 1982년에 결혼했습니다.,제공된 페르소나 정보 기준 구영자 씨의 결혼 정보: 1982년에 결혼.,1.0,0.5415356633017397,0.9999999999,0.5,4,P020-Q08-ADV-시점근접,ADV-시점근접,F
구영자 씨의 자녀 이름은 구혜영이다. (참/거짓),"['구영자 씨의 자녀는 2명: 구수정(40세 여자), 구영숙(38세 여자).', '구영자 씨는 1982년에 결혼했습니다.', '구영자 씨는 74세 여자이며, 경상남 경상남-창원시 성산구에 거주합니다. 최종 학력은 중학교이고, 직업은 무직입니다.', '구영자 씨는 무뚝뚝한 남편과 함께 아파트에 살며 평생을 가족의 든든한 버팀목이 되어주었고, 이제는 가끔 방문하는 손주들의 재롱을 보며 집안의 모든 정성을 쏟아붓는 다정한 할머니입니다.', '구영자 씨가 즐겨먹는 음식은 비빔밥, 취미는 산책, 좋아하는 문화는 트로트입니다.']","F. 구영자 씨의 자녀 이름은 구수정, 구영숙입니다.","제공된 페르소나 정보 기준 구영자 씨의 자녀 정보: 자녀 2명(구수정, 구영숙).",1.0,0.7181671087894103,0.0,0.0,4,P020-Q09-ADV-유사인물,ADV-유사인물,F
조만복 씨의 거주지는 어디인가요?,"['조만복 씨는 1972년에 결혼했습니다.', '조만복 씨는 태안에서 평생 성실하게 농산물 하역 일을 하며 살아온 82세 어르신으로, 아내와 함께 역사 유적지를 여행하며 소박한 일상의 행복을 지켜가는 신중하고 책임감 있는 분입니다.', '조만복 씨는 82세 남자이며, 충청남 충청남-태안군에 거주합니다. 최종 학력은 중학교이고, 직업은 하역 및 적재 관련 단순 종사원입니다.', '조만복 씨가 즐겨먹는 음식은 김밥, 취미는 산책, 좋아하는 문화는 가요무대입니다.', '조만복 씨는 평생을 곁에서 함께 고생한 아내와 단독주택에서 서로 의지하며 조용하고 평온한 노후를 보내고 있습니다. 조만복 씨는 말수가 적고 무뚝뚝한 편이지만, 아내가 좋아하는 간식을 슬쩍 챙겨오는 세심한 방식으로 사랑을 표현하며 안정적인 가정의 온기를 유지합니다.']",조만복 씨는 충청남 태안군에 거주합니다.,조만복 씨의 거주지: 충청남 태안군.,1.0,0.6057482382669055,0.5833333333041666,1.0,4,P021-Q01-T-거주지,T-거주지,충청남 태안군
조만복 씨의 직업은 무엇인가요?,"['조만복 씨는 1972년에 결혼했습니다.', '조만복 씨는 82세 남자이며, 충청남 충청남-태안군에 거주합니다. 최종 학력은 중학교이고, 직업은 하역 및 적재 관련 단순 종사원입니다.', '조만복 씨는 태안에서 평생 성실하게 농산물 하역 일을 하며 살아온 82세 어르신으로, 아내와 함께 역사 유적지를 여행하며 소박한 일상의 행복을 지켜가는 신중하고 책임감 있는 분입니다.', '조만복 씨가 즐겨먹는 음식은 김밥, 취미는 산책, 좋아하는 문화는 가요무대입니다.', '조만복 씨의 자녀는 2명: 조지훈(50세 남자), 조혜진(47세 여자).']",조만복 씨의 직업은 하역 및 적재 관련 단순 종사원입니다.,조만복 씨의 직업: 하역 및 적재 관련 단순 종사원.,1.0,0.8146051644405953,0.5833333333041666,1.0,4,P021-Q02-T-직업,T-직업,하역 및 적재 관련 단순 종사원
조만복 씨의 최종 학력은 무엇인가요?,"['조만복 씨는 82세 남자이며, 충청남 충청남-태안군에 거주합니다. 최종 학력은 중학교이고, 직업은 하역 및 적재 관련 단순 종사원입니다.', '조만복 씨는 1972년에 결혼했습니다.', '조만복 씨는 태안에서 평생 성실하게 농산물 하역 일을 하며 살아온 82세 어르신으로, 아내와 함께 역사 유적지를 여행하며 소박한 일상의 행복을 지켜가는 신중하고 책임감 있는 분입니다.', '조만복 씨가 즐겨먹는 음식은 김밥, 취미는 산책, 좋아하는 문화는 가요무대입니다.', '조만복 씨의 주요 질환은 관절염, 갑상선 저하증이고, 복용 약물은 아세트아미노펜, 셀레콕시브, 레보티록신입니다.']",조만복 씨의 최종 학력은 중학교입니다.,조만복 씨의 최종 학력: 중학교.,1.0,0.8675087975673758,0.9999999999,1.0,4,P021-Q03-T-학력,T-학력,중학교
조만복 씨는 부산에 살고 있다. (참/거짓),"['조만복 씨는 1972년에 결혼했습니다.', '조만복 씨는 태안에서 평생 성실하게 농산물 하역 일을 하며 살아온 82세 어르신으로, 아내와 함께 역사 유적지를 여행하며 소박한 일상의 행복을 지켜가는 신중하고 책임감 있는 분입니다.', '조만복 씨는 82세 남자이며, 충청남 충청남-태안군에 거주합니다. 최종 학력은 중학교이고, 직업은 하역 및 적재 관련 단순 종사원입니다.', '조만복 씨는 평생을 곁에서 함께 고생한 아내와 단독주택에서 서로 의지하며 조용하고 평온한 노후를 보내고 있습니다. 조만복 씨는 말수가 적고 무뚝뚝한 편이지만, 아내가 좋아하는 간식을 슬쩍 챙겨오는 세심한 방식으로 사랑을 표현하며 안정적인 가정의 온기를 유지합니다.', '조만복 씨가 즐겨먹는 음식은 김밥, 취미는 산책, 좋아하는 문화는 가요무대입니다.']",F. 조만복 씨는 충청남-태안군에 거주합니다.,제공된 페르소나 정보 기준 조만복 씨의 거주지: 충청남 태안군.,1.0,0.5379637607275568,0.5833333333041666,0.0,4,P021-Q04-F-반대,F-반대,F
조만복 씨의 최근 가입한 동호회의 이름은 무엇인가요?,"['조만복 씨는 1972년에 결혼했습니다.', '조만복 씨는 82세 남자이며, 충청남 충청남-태안군에 거주합니다. 최종 학력은 중학교이고, 직업은 하역 및 적재 관련 단순 종사원입니다.', '조만복 씨가 즐겨먹는 음식은 김밥, 취미는 산책, 좋아하는 문화는 가요무대입니다.', '조만복 씨는 태안에서 평생 성실하게 농산물 하역 일을 하며 살아온 82세 어르신으로, 아내와 함께 역사 유적지를 여행하며 소박한 일상의 행복을 지켜가는 신중하고 책임감 있는 분입니다.', '조만복 씨는 한 달에 한 번 아내와 함께 동네 분식집을 찾아가 투박하게 말린 김밥 한 줄을 나눠 먹는 소소한 일탈을 즐깁니다. 조만복 씨는 고기 요리보다는 나물 반찬이 곁들여진 소박한 한식 상차림을 선호하며, 배달 음식은 가끔 신기한 마음으로 시켜보지만 결국은 집에서 끓인 된장찌개가 가장 입맛에 맞다고 느낍니다.']",정보 없음,제공된 페르소나 정보에는 조만복 씨에 대해 질문한 사실이 없습니다.,1.0,0.0,0.0,0.0,4,P021-Q05-F-비존재,F-비존재,정보 없음
조만복 씨는 1987년에 결혼했다. (참/거짓),"['조만복 씨는 1972년에 결혼했습니다.', '조만복 씨의 자녀는 2명: 조지훈(50세 남자), 조혜진(47세 여자).', '조만복 씨는 태안에서 평생 성실하게 농산물 하역 일을 하며 살아온 82세 어르신으로, 아내와 함께 역사 유적지를 여행하며 소박한 일상의 행복을 지켜가는 신중하고 책임감 있는 분입니다.', '조만복 씨는 82세 남자이며, 충청남 충청남-태안군에 거주합니다. 최종 학력은 중학교이고, 직업은 하역 및 적재 관련 단순 종사원입니다.', '조만복 씨는 평생을 곁에서 함께 고생한 아내와 단독주택에서 서로 의지하며 조용하고 평온한 노후를 보내고 있습니다. 조만복 씨는 말수가 적고 무뚝뚝한 편이지만, 아내가 좋아하는 간식을 슬쩍 챙겨오는 세심한 방식으로 사랑을 표현하며 안정적인 가정의 온기를 유지합니다.']","F, 조만복 씨는 1972년에 결혼했습니다.",제공된 페르소나 정보 기준 조만복 씨의 결혼 정보: 1972년에 결혼.,1.0,0.8266870034559877,0.9999999999,0.0,4,P021-Q06-F-시점오류,F-시점오류,F
조만복 씨의 직업은 물류 창고 관리원이다. (참/거짓),"['조만복 씨는 82세 남자이며, 충청남 충청남-태안군에 거주합니다. 최종 학력은 중학교이고, 직업은 하역 및 적재 관련 단순 종사원입니다.', '조만복 씨는 태안에서 평생 성실하게 농산물 하역 일을 하며 살아온 82세 어르신으로, 아내와 함께 역사 유적지를 여행하며 소박한 일상의 행복을 지켜가는 신중하고 책임감 있는 분입니다.', '조만복 씨는 1972년에 결혼했습니다.', '조만복 씨가 즐겨먹는 음식은 김밥, 취미는 산책, 좋아하는 문화는 가요무대입니다.', '조만복 씨는 평생을 곁에서 함께 고생한 아내와 단독주택에서 서로 의지하며 조용하고 평온한 노후를 보내고 있습니다. 조만복 씨는 말수가 적고 무뚝뚝한 편이지만, 아내가 좋아하는 간식을 슬쩍 챙겨오는 세심한 방식으로 사랑을 표현하며 안정적인 가정의 온기를 유지합니다.']","F, 조만복 씨의 직업은 하역 및 적재 관련 단순 종사원입니다.",제공된 페르소나 정보 기준 조만복 씨의 직업: 하역 및 적재 관련 단순 종사원.,1.0,0.6725216693469708,0.99999999995,0.5,4,P021-Q07-ADV-부분일치,ADV-부분일치,F
조만복 씨는 1971년에 결혼했다. (참/거짓),"['조만복 씨는 1972년에 결혼했습니다.', '조만복 씨의 자녀는 2명: 조지훈(50세 남자), 조혜진(47세 여자).', '조만복 씨는 태안에서 평생 성실하게 농산물 하역 일을 하며 살아온 82세 어르신으로, 아내와 함께 역사 유적지를 여행하며 소박한 일상의 행복을 지켜가는 신중하고 책임감 있는 분입니다.', '조만복 씨는 평생을 곁에서 함께 고생한 아내와 단독주택에서 서로 의지하며 조용하고 평온한 노후를 보내고 있습니다. 조만복 씨는 말수가 적고 무뚝뚝한 편이지만, 아내가 좋아하는 간식을 슬쩍 챙겨오는 세심한 방식으로 사랑을 표현하며 안정적인 가정의 온기를 유지합니다.', '조만복 씨는 82세 남자이며, 충청남 충청남-태안군에 거주합니다. 최종 학력은 중학교이고, 직업은 하역 및 적재 관련 단순 종사원입니다.']",F. 조만복 씨는 1972년에 결혼했습니다.,제공된 페르소나 정보 기준 조만복 씨의 결혼 정보: 1972년에 결혼.,1.0,0.5706721854494795,0.9999999999,0.0,4,P021-Q08-ADV-시점근접,ADV-시점근접,F
조만복 씨의 자녀 이름은 조현주이다. (참/거짓),"['조만복 씨의 자녀는 2명: 조지훈(50세 남자), 조혜진(47세 여자).', '조만복 씨는 1972년에 결혼했습니다.', '조만복 씨는 82세 남자이며, 충청남 충청남-태안군에 거주합니다. 최종 학력은 중학교이고, 직업은 하역 및 적재 관련 단순 종사원입니다.', '조만복 씨는 태안에서 평생 성실하게 농산물 하역 일을 하며 살아온 82세 어르신으로, 아내와 함께 역사 유적지를 여행하며 소박한 일상의 행복을 지켜가는 신중하고 책임감 있는 분입니다.', '조만복 씨의 주요 질환은 관절염, 갑상선 저하증이고, 복용 약물은 아세트아미노펜, 셀레콕시브, 레보티록신입니다.']",F. 조만복 씨의 자녀 이름은 조지훈과 조혜진이다.,"제공된 페르소나 정보 기준 조만복 씨의 자녀 정보: 자녀 2명(조지훈, 조혜진).",1.0,0.4876629433458865,0.9999999999,0.0,4,P021-Q09-ADV-유사인물,ADV-유사인물,F
신중희 씨의 거주지는 어디인가요?,"['신중희 씨는 1969년에 결혼했습니다.', '신중희 씨는 80세 남자이며, 경기 경기-성남시 수정구에 거주합니다. 최종 학력은 초등학교이고, 직업은 무직입니다.', '신중희 씨는 성남 수정구의 급격한 변화를 지켜봐 온 성실한 어르신으로, 소소한 집수리 재능과 가족에 대한 깊은 사랑으로 평온한 노후를 보내고 있습니다.', '신중희 씨가 즐겨먹는 음식은 떡볶이, 취미는 꽃꽂이, 좋아하는 문화는 주말 드라마입니다.', '신중희 씨는 다세대주택에서 배우자와 친인척들이 함께 북적이며 사는 환경 속에서 가문의 어른으로서 책임감을 느끼며 살아갑니다. 손주들이 대학에 가고 취업하는 과정을 곁에서 지켜보는 것이 인생의 마지막 큰 목표이며, 평소에는 무뚝뚝해도 가족을 향한 애정이 깊습니다.']",신중희 씨의 거주지는 경기 경기-성남시 수정구입니다.,신중희 씨의 거주지: 경기 성남시 수정구.,1.0,0.9367961563748148,0.5833333333041666,1.0,4,P022-Q01-T-거주지,T-거주지,경기 성남시 수정구
신중희 씨의 직업은 무엇인가요?,"['신중희 씨는 1969년에 결혼했습니다.', '신중희 씨는 80세 남자이며, 경기 경기-성남시 수정구에 거주합니다. 최종 학력은 초등학교이고, 직업은 무직입니다.', '신중희 씨가 즐겨먹는 음식은 떡볶이, 취미는 꽃꽂이, 좋아하는 문화는 주말 드라마입니다.', '신중희 씨는 성남 수정구의 급격한 변화를 지켜봐 온 성실한 어르신으로, 소소한 집수리 재능과 가족에 대한 깊은 사랑으로 평온한 노후를 보내고 있습니다.', '신중희 씨는 다세대주택에서 배우자와 친인척들이 함께 북적이며 사는 환경 속에서 가문의 어른으로서 책임감을 느끼며 살아갑니다. 손주들이 대학에 가고 취업하는 과정을 곁에서 지켜보는 것이 인생의 마지막 큰 목표이며, 평소에는 무뚝뚝해도 가족을 향한 애정이 깊습니다.']",신중희 씨의 직업은 무직입니다.,신중희 씨의 직업: 무직.,1.0,0.960598901872904,0.49999999995,1.0,4,P022-Q02-T-직업,T-직업,무직
신중희 씨의 최종 학력은 무엇인가요?,"['신중희 씨는 1969년에 결혼했습니다.', '신중희 씨는 80세 남자이며, 경기 경기-성남시 수정구에 거주합니다. 최종 학력은 초등학교이고, 직업은 무직입니다.', '신중희 씨는 다세대주택에서 배우자와 친인척들이 함께 북적이며 사는 환경 속에서 가문의 어른으로서 책임감을 느끼며 살아갑니다. 손주들이 대학에 가고 취업하는 과정을 곁에서 지켜보는 것이 인생의 마지막 큰 목표이며, 평소에는 무뚝뚝해도 가족을 향한 애정이 깊습니다.', '신중희 씨가 즐겨먹는 음식은 떡볶이, 취미는 꽃꽂이, 좋아하는 문화는 주말 드라마입니다.', '신중희 씨의 주요 질환은 관절염, 협심증, 당뇨, 고혈압이고, 복용 약물은 셀레콕시브, 니트로글리세린, 메트포르민, 글리메피리드입니다.']",신중희 씨의 최종 학력은 초등학교입니다.,신중희 씨의 최종 학력: 초등학교.,1.0,0.9026928621954424,0.49999999995,1.0,4,P022-Q03-T-학력,T-학력,초등학교
신중희 씨는 강원에 살고 있다. (참/거짓),"['신중희 씨는 80세 남자이며, 경기 경기-성남시 수정구에 거주합니다. 최종 학력은 초등학교이고, 직업은 무직입니다.', '신중희 씨는 1969년에 결혼했습니다.', '신중희 씨는 성남 수정구의 급격한 변화를 지켜봐 온 성실한 어르신으로, 소소한 집수리 재능과 가족에 대한 깊은 사랑으로 평온한 노후를 보내고 있습니다.', '신중희 씨가 즐겨먹는 음식은 떡볶이, 취미는 꽃꽂이, 좋아하는 문화는 주말 드라마입니다.', '신중희 씨는 다세대주택에서 배우자와 친인척들이 함께 북적이며 사는 환경 속에서 가문의 어른으로서 책임감을 느끼며 살아갑니다. 손주들이 대학에 가고 취업하는 과정을 곁에서 지켜보는 것이 인생의 마지막 큰 목표이며, 평소에는 무뚝뚝해도 가족을 향한 애정이 깊습니다.']","F, 신중희 씨는 경기 성남시 수정구에 거주합니다.",제공된 페르소나 정보 기준 신중희 씨의 거주지: 경기 성남시 수정구.,1.0,0.7552179108462861,0.9999999999,0.5,4,P022-Q04-F-반대,F-반대,F
신중희 씨의 현재 운영 중인 사업자명은 무엇인가요?,"['신중희 씨는 1969년에 결혼했습니다.', '신중희 씨는 80세 남자이며, 경기 경기-성남시 수정구에 거주합니다. 최종 학력은 초등학교이고, 직업은 무직입니다.', '신중희 씨가 즐겨먹는 음식은 떡볶이, 취미는 꽃꽂이, 좋아하는 문화는 주말 드라마입니다.', '신중희 씨의 자녀는 1명: 신혜영(54세 여자).', '신중희 씨는 성남 수정구의 급격한 변화를 지켜봐 온 성실한 어르신으로, 소소한 집수리 재능과 가족에 대한 깊은 사랑으로 평온한 노후를 보내고 있습니다.']",정보 없음,제공된 페르소나 정보에는 신중희 씨에 대해 질문한 사실이 없습니다.,1.0,0.0,0.0,0.0,4,P022-Q05-F-비존재,F-비존재,정보 없음
신중희 씨는 1954년에 결혼했다. (참/거짓),"['신중희 씨는 1969년에 결혼했습니다.', '신중희 씨의 자녀는 1명: 신혜영(54세 여자).', '신중희 씨가 즐겨먹는 음식은 떡볶이, 취미는 꽃꽂이, 좋아하는 문화는 주말 드라마입니다.', '신중희 씨는 80세 남자이며, 경기 경기-성남시 수정구에 거주합니다. 최종 학력은 초등학교이고, 직업은 무직입니다.', '신중희 씨는 다세대주택에서 배우자와 친인척들이 함께 북적이며 사는 환경 속에서 가문의 어른으로서 책임감을 느끼며 살아갑니다. 손주들이 대학에 가고 취업하는 과정을 곁에서 지켜보는 것이 인생의 마지막 큰 목표이며, 평소에는 무뚝뚝해도 가족을 향한 애정이 깊습니다.']","F, 신중희 씨는 1969년에 결혼했습니다.",제공된 페르소나 정보 기준 신중희 씨의 결혼 정보: 1969년에 결혼.,1.0,0.8075927225887284,0.9999999999,0.5,4,P022-Q06-F-시점오류,F-시점오류,F
신중희 씨는 경기 성남시 수정시에 산다. (참/거짓),"['신중희 씨는 80세 남자이며, 경기 경기-성남시 수정구에 거주합니다. 최종 학력은 초등학교이고, 직업은 무직입니다.', '신중희 씨는 성남 수정구의 급격한 변화를 지켜봐 온 성실한 어르신으로, 소소한 집수리 재능과 가족에 대한 깊은 사랑으로 평온한 노후를 보내고 있습니다.', '신중희 씨는 1969년에 결혼했습니다.', '성남 수정구의 가파른 골목길에서 수십 년을 나고 자라며 도시의 급격한 팽창을 온몸으로 겪었습니다. 정규 교육의 기회는 적었지만, 성실함 하나로 가정을 일궈온 세대 특유의 끈기와 이웃 간의 끈끈한 정을 삶의 중심에 두고 살아갑니다.', '신중희 씨는 일주일에 한 번 가족들과 함께 삼겹살집에서 고기를 구워 먹으며 기운을 차리고, 가끔은 수정구 시장 골목 분식집에서 맵싸한 떡볶이와 김밥을 나누어 먹습니다. 2주에 한 번 정도는 아내가 주문해 주는 배달 음식의 편리함을 누리며 입맛을 돋웁니다.']","F, 신중희 씨는 경기 성남시 수정구에 거",제공된 페르소나 정보 기준 신중희 씨의 거주지: 경기 성남시 수정구.,0.5,0.7091832807472436,0.8874999999778125,1.0,4,P022-Q07-ADV-부분일치,ADV-부분일치,F
신중희 씨는 1968년에 결혼했다. (참/거짓),"['신중희 씨는 1969년에 결혼했습니다.', '신중희 씨의 자녀는 1명: 신혜영(54세 여자).', '신중희 씨는 80세 남자이며, 경기 경기-성남시 수정구에 거주합니다. 최종 학력은 초등학교이고, 직업은 무직입니다.', '신중희 씨가 즐겨먹는 음식은 떡볶이, 취미는 꽃꽂이, 좋아하는 문화는 주말 드라마입니다.', '신중희 씨는 다세대주택에서 배우자와 친인척들이 함께 북적이며 사는 환경 속에서 가문의 어른으로서 책임감을 느끼며 살아갑니다. 손주들이 대학에 가고 취업하는 과정을 곁에서 지켜보는 것이 인생의 마지막 큰 목표이며, 평소에는 무뚝뚝해도 가족을 향한 애정이 깊습니다.']","F, 신중희 씨는 1969년에 결혼했습니다.",제공된 페르소나 정보 기준 신중희 씨의 결혼 정보: 1969년에 결혼.,1.0,0.819077344983271,0.9999999999,0.5,4,P022-Q08-ADV-시점근접,ADV-시점근접,F
신중희 씨의 자녀 이름은 신수정이다. (참/거짓),"['신중희 씨의 자녀는 1명: 신혜영(54세 여자).', '신중희 씨는 1969년에 결혼했습니다.', '신중희 씨는 80세 남자이며, 경기 경기-성남시 수정구에 거주합니다. 최종 학력은 초등학교이고, 직업은 무직입니다.', '신중희 씨는 성남 수정구의 급격한 변화를 지켜봐 온 성실한 어르신으로, 소소한 집수리 재능과 가족에 대한 깊은 사랑으로 평온한 노후를 보내고 있습니다.', '신중희 씨는 다세대주택에서 배우자와 친인척들이 함께 북적이며 사는 환경 속에서 가문의 어른으로서 책임감을 느끼며 살아갑니다. 손주들이 대학에 가고 취업하는 과정을 곁에서 지켜보는 것이 인생의 마지막 큰 목표이며, 평소에는 무뚝뚝해도 가족을 향한 애정이 깊습니다.']",F. 신중희 씨의 자녀 이름은 신혜영입니다.,제공된 페르소나 정보 기준 신중희 씨의 자녀 정보: 자녀 1명(신혜영).,1.0,0.7233969784995736,0.9999999999,0.0,4,P022-Q09-ADV-유사인물,ADV-유사인물,F
김고문 씨의 거주지는 어디인가요?,"['김고문 씨는 1976년에 결혼했습니다.', '김고문 씨는 83세 남자이며, 경기 경기-김포시에 거주합니다. 최종 학력은 고등학교이고, 직업은 산불 감시원입니다.', '김고문 씨는 김포의 자연을 지키는 산불 감시원이자, 신앙과 소소한 일상의 여유를 사랑하는 83세의 유연한 사고를 가진 어르신입니다.', '김고문 씨는 배우자와 친인척들이 함께 어우러져 사는 아파트에서 북적이는 온기를 느끼며, 가족들의 갈등이 생길 때면 특유의 유연한 성격으로 분위기를 부드럽게 만드는 중재자 역할을 합니다. 평소에는 온화하게 배려하지만, 집안의 중요한 결정 앞에서는 고집스럽게 자신의 의견을 밀어붙이는 면모도 가지고 있습니다.', '김고문 씨가 즐겨먹는 음식은 갈비찜, 취미는 서예, 좋아하는 문화는 9시 뉴스입니다.']",김고문 씨는 경기 경기-김포시에 거주합니다.,김고문 씨의 거주지: 경기 김포시.,1.0,0.6825751415693562,0.49999999995,1.0,4,P023-Q01-T-거주지,T-거주지,경기 김포시
김고문 씨의 직업은 무엇인가요?,"['김고문 씨는 1976년에 결혼했습니다.', '김고문 씨는 83세 남자이며, 경기 경기-김포시에 거주합니다. 최종 학력은 고등학교이고, 직업은 산불 감시원입니다.', '김고문 씨는 김포의 자연을 지키는 산불 감시원이자, 신앙과 소소한 일상의 여유를 사랑하는 83세의 유연한 사고를 가진 어르신입니다.', '김고문 씨는 배우자와 친인척들이 함께 어우러져 사는 아파트에서 북적이는 온기를 느끼며, 가족들의 갈등이 생길 때면 특유의 유연한 성격으로 분위기를 부드럽게 만드는 중재자 역할을 합니다. 평소에는 온화하게 배려하지만, 집안의 중요한 결정 앞에서는 고집스럽게 자신의 의견을 밀어붙이는 면모도 가지고 있습니다.', '김고문 씨가 즐겨먹는 음식은 갈비찜, 취미는 서예, 좋아하는 문화는 9시 뉴스입니다.']",김고문 씨의 직업은 산불 감시원입니다.,김고문 씨의 직업: 산불 감시원.,1.0,0.949133012973808,0.5833333333041666,1.0,4,P023-Q02-T-직업,T-직업,산불 감시원
김고문 씨의 최종 학력은 무엇인가요?,"['김고문 씨는 83세 남자이며, 경기 경기-김포시에 거주합니다. 최종 학력은 고등학교이고, 직업은 산불 감시원입니다.', '김고문 씨는 1976년에 결혼했습니다.', '김고문 씨의 주요 질환은 갑상선 저하증, 협심증, 고지혈증, 당뇨이고, 복용 약물은 레보티록신, 아스피린, 로수바스타틴, 글리메피리드입니다.', '김고문 씨가 즐겨먹는 음식은 갈비찜, 취미는 서예, 좋아하는 문화는 9시 뉴스입니다.', '김고문 씨는 김포의 자연을 지키는 산불 감시원이자, 신앙과 소소한 일상의 여유를 사랑하는 83세의 유연한 사고를 가진 어르신입니다.']",김고문 씨의 최종 학력은 고등학교입니다.,김고문 씨의 최종 학력: 고등학교.,1.0,0.904717298378365,0.9999999999,1.0,4,P023-Q03-T-학력,T-학력,고등학교
김고문 씨는 강원에 살고 있다. (참/거짓),"['김고문 씨는 1976년에 결혼했습니다.', '김고문 씨는 83세 남자이며, 경기 경기-김포시에 거주합니다. 최종 학력은 고등학교이고, 직업은 산불 감시원입니다.', '김고문 씨는 김포의 자연을 지키는 산불 감시원이자, 신앙과 소소한 일상의 여유를 사랑하는 83세의 유연한 사고를 가진 어르신입니다.', '김고문 씨의 자녀는 1명: 김준호(48세 남자).', '김고문 씨가 즐겨먹는 음식은 갈비찜, 취미는 서예, 좋아하는 문화는 9시 뉴스입니다.']",F. 김고문 씨는 경기-김포시에 거주합니다.,제공된 페르소나 정보 기준 김고문 씨의 거주지: 경기 김포시.,1.0,0.5639795238146975,0.5833333333041666,0.5,4,P023-Q04-F-반대,F-반대,F
김고문 씨의 현재 운영 중인 사업자명은 무엇인가요?,"['김고문 씨는 1976년에 결혼했습니다.', '김고문 씨는 김포의 자연을 지키는 산불 감시원이자, 신앙과 소소한 일상의 여유를 사랑하는 83세의 유연한 사고를 가진 어르신입니다.', '김고문 씨는 83세 남자이며, 경기 경기-김포시에 거주합니다. 최종 학력은 고등학교이고, 직업은 산불 감시원입니다.', '김고문 씨의 자녀는 1명: 김준호(48세 남자).', '김고문 씨의 주요 질환은 갑상선 저하증, 협심증, 고지혈증, 당뇨이고, 복용 약물은 레보티록신, 아스피린, 로수바스타틴, 글리메피리드입니다.']",정보 없음,제공된 페르소나 정보에는 김고문 씨에 대해 질문한 사실이 없습니다.,1.0,0.0,0.0,0.0,4,P023-Q05-F-비존재,F-비존재,정보 없음
김고문 씨는 1986년에 결혼했다. (참/거짓),"['김고문 씨는 1976년에 결혼했습니다.', '김고문 씨의 자녀는 1명: 김준호(48세 남자).', '김고문 씨는 83세 남자이며, 경기 경기-김포시에 거주합니다. 최종 학력은 고등학교이고, 직업은 산불 감시원입니다.', '김고문 씨는 김포의 자연을 지키는 산불 감시원이자, 신앙과 소소한 일상의 여유를 사랑하는 83세의 유연한 사고를 가진 어르신입니다.', '김고문 씨는 배우자와 친인척들이 함께 어우러져 사는 아파트에서 북적이는 온기를 느끼며, 가족들의 갈등이 생길 때면 특유의 유연한 성격으로 분위기를 부드럽게 만드는 중재자 역할을 합니다. 평소에는 온화하게 배려하지만, 집안의 중요한 결정 앞에서는 고집스럽게 자신의 의견을 밀어붙이는 면모도 가지고 있습니다.']",F. 김고문 씨는 1976년에 결혼했습니다.,제공된 페르소나 정보 기준 김고문 씨의 결혼 정보: 1976년에 결혼.,1.0,0.6257983089822715,0.9999999999,0.0,4,P023-Q06-F-시점오류,F-시점오류,F
김고문 씨의 직업은 산림 관리원이다. (참/거짓),"['김고문 씨는 83세 남자이며, 경기 경기-김포시에 거주합니다. 최종 학력은 고등학교이고, 직업은 산불 감시원입니다.', '김고문 씨는 김포의 자연을 지키는 산불 감시원이자, 신앙과 소소한 일상의 여유를 사랑하는 83세의 유연한 사고를 가진 어르신입니다.', '김고문 씨는 1976년에 결혼했습니다.', '김고문 씨가 즐겨먹는 음식은 갈비찜, 취미는 서예, 좋아하는 문화는 9시 뉴스입니다.', '김고문 씨의 자녀는 1명: 김준호(48세 남자).']",F. 김고문 씨의 직업은 산불 감시원입니다.,제공된 페르소나 정보 기준 김고문 씨의 직업: 산불 감시원.,1.0,0.6045923121325876,0.49999999995,1.0,4,P023-Q07-ADV-부분일치,ADV-부분일치,F
김고문 씨는 1975년에 결혼했다. (참/거짓),"['김고문 씨는 1976년에 결혼했습니다.', '김고문 씨의 자녀는 1명: 김준호(48세 남자).', '김고문 씨가 즐겨먹는 음식은 갈비찜, 취미는 서예, 좋아하는 문화는 9시 뉴스입니다.', '김고문 씨는 83세 남자이며, 경기 경기-김포시에 거주합니다. 최종 학력은 고등학교이고, 직업은 산불 감시원입니다.', '김고문 씨는 김포의 자연을 지키는 산불 감시원이자, 신앙과 소소한 일상의 여유를 사랑하는 83세의 유연한 사고를 가진 어르신입니다.']","F, 김고문 씨는 1976년에 결혼했습니다.",제공된 페르소나 정보 기준 김고문 씨의 결혼 정보: 1976년에 결혼.,1.0,0.6330910777019428,0.9999999999,0.0,4,P023-Q08-ADV-시점근접,ADV-시점근접,F
김고문 씨의 자녀 이름은 김철수이다. (참/거짓),"['김고문 씨의 자녀는 1명: 김준호(48세 남자).', '김고문 씨는 1976년에 결혼했습니다.', '김고문 씨의 주요 질환은 갑상선 저하증, 협심증, 고지혈증, 당뇨이고, 복용 약물은 레보티록신, 아스피린, 로수바스타틴, 글리메피리드입니다.', '김고문 씨는 83세 남자이며, 경기 경기-김포시에 거주합니다. 최종 학력은 고등학교이고, 직업은 산불 감시원입니다.', '김고문 씨는 배우자와 친인척들이 함께 어우러져 사는 아파트에서 북적이는 온기를 느끼며, 가족들의 갈등이 생길 때면 특유의 유연한 성격으로 분위기를 부드럽게 만드는 중재자 역할을 합니다. 평소에는 온화하게 배려하지만, 집안의 중요한 결정 앞에서는 고집스럽게 자신의 의견을 밀어붙이는 면모도 가지고 있습니다.']",F. 김고문 씨의 자녀 이름은 김준호입니다.,제공된 페르소나 정보 기준 김고문 씨의 자녀 정보: 자녀 1명(김준호).,1.0,0.5481051160012087,0.9999999999,0.0,4,P023-Q09-ADV-유사인물,ADV-유사인물,F
김상신 씨의 거주지는 어디인가요?,"['김상신 씨는 1969년에 결혼했습니다. 2017년 배우자와 사별했습니다.', '김상신 씨는 80세 남자이며, 경상남 경상남-합천군에 거주합니다. 최종 학력은 무학이고, 직업은 무직입니다.', '김상신 씨는 합천의 흙과 함께 살아온 투박한 손재주를 가진 어르신으로, 역사에 대한 호기심과 가족에 대한 깊은 사랑을 간직한 채 소박한 노후를 보내고 있습니다.', '김상신 씨의 주요 질환은 백내장, 관절염이고, 복용 약물은 아세트아미노펜, 셀레콕시브입니다.', '김상신 씨가 즐겨먹는 음식은 된장찌개, 취미는 노래 부르기, 좋아하는 문화는 이미자 노래입니다.']",김상신 씨는 경상남-합천군에 거주합니다.,김상신 씨의 거주지: 경상남 합천군.,1.0,0.9120305111354794,0.5833333333041666,1.0,4,P024-Q01-T-거주지,T-거주지,경상남 합천군
김상신 씨의 직업은 무엇인가요?,"['김상신 씨는 80세 남자이며, 경상남 경상남-합천군에 거주합니다. 최종 학력은 무학이고, 직업은 무직입니다.', '김상신 씨는 1969년에 결혼했습니다. 2017년 배우자와 사별했습니다.', '김상신 씨는 합천의 흙과 함께 살아온 투박한 손재주를 가진 어르신으로, 역사에 대한 호기심과 가족에 대한 깊은 사랑을 간직한 채 소박한 노후를 보내고 있습니다.', '김상신 씨가 즐겨먹는 음식은 된장찌개, 취미는 노래 부르기, 좋아하는 문화는 이미자 노래입니다.', '김상신 씨의 주요 질환은 백내장, 관절염이고, 복용 약물은 아세트아미노펜, 셀레콕시브입니다.']",김상신 씨의 직업은 무직입니다.,김상신 씨의 직업: 무직.,1.0,0.9505490199586468,0.9999999999,1.0,4,P024-Q02-T-직업,T-직업,무직
김상신 씨의 최종 학력은 무엇인가요?,"['김상신 씨는 80세 남자이며, 경상남 경상남-합천군에 거주합니다. 최종 학력은 무학이고, 직업은 무직입니다.', '김상신 씨는 1969년에 결혼했습니다. 2017년 배우자와 사별했습니다.', '김상신 씨의 주요 질환은 백내장, 관절염이고, 복용 약물은 아세트아미노펜, 셀레콕시브입니다.', '김상신 씨가 즐겨먹는 음식은 된장찌개, 취미는 노래 부르기, 좋아하는 문화는 이미자 노래입니다.', '김상신 씨의 자녀는 1명: 김지훈(53세 남자).']",최종 학력은 무학입니다.,김상신 씨의 최종 학력: 무학.,1.0,0.0,0.9999999999,1.0,4,P024-Q03-T-학력,T-학력,무학
김상신 씨는 인천에 살고 있다. (참/거짓),"['김상신 씨는 80세 남자이며, 경상남 경상남-합천군에 거주합니다. 최종 학력은 무학이고, 직업은 무직입니다.', '김상신 씨는 1969년에 결혼했습니다. 2017년 배우자와 사별했습니다.', '김상신 씨는 합천의 흙과 함께 살아온 투박한 손재주를 가진 어르신으로, 역사에 대한 호기심과 가족에 대한 깊은 사랑을 간직한 채 소박한 노후를 보내고 있습니다.', '김상신 씨는 일주일에 한 번 읍내 중식당에서 윤기가 흐르는 짜장면과 짬뽕을 친구들과 나눠 먹으며 시시콜콜한 농담을 주고받습니다. 평소에는 고기 없는 소박한 나물 반찬과 된장찌개로 식사를 해결하고, 보름에 한 번 정도는 자식들이 설치해 준 앱으로 음식을 배달시켜 먹는 생경한 경험을 합니다.', '김상신 씨가 즐겨먹는 음식은 된장찌개, 취미는 노래 부르기, 좋아하는 문화는 이미자 노래입니다.']","F, 김상신 씨는 경상남-합천군에 거주합니다.",제공된 페르소나 정보 기준 김상신 씨의 거주지: 경상남 합천군.,1.0,0.7715601518301622,0.8333333332916666,0.0,4,P024-Q04-F-반대,F-반대,F
김상신 씨의 정기 후원하는 단체의 이름은 무엇인가요?,"['김상신 씨는 1969년에 결혼했습니다. 2017년 배우자와 사별했습니다.', '김상신 씨는 80세 남자이며, 경상남 경상남-합천군에 거주합니다. 최종 학력은 무학이고, 직업은 무직입니다.', '김상신 씨의 주요 질환은 백내장, 관절염이고, 복용 약물은 아세트아미노펜, 셀레콕시브입니다.', '김상신 씨가 즐겨먹는 음식은 된장찌개, 취미는 노래 부르기, 좋아하는 문화는 이미자 노래입니다.', '김상신 씨는 합천의 흙과 함께 살아온 투박한 손재주를 가진 어르신으로, 역사에 대한 호기심과 가족에 대한 깊은 사랑을 간직한 채 소박한 노후를 보내고 있습니다.']",정보 없음,제공된 페르소나 정보에는 김상신 씨에 대해 질문한 사실이 없습니다.,1.0,0.0,0.0,0.0,4,P024-Q05-F-비존재,F-비존재,정보 없음
김상신 씨는 1979년에 결혼했다. (참/거짓),"['김상신 씨는 1969년에 결혼했습니다. 2017년 배우자와 사별했습니다.', '김상신 씨는 80세 남자이며, 경상남 경상남-합천군에 거주합니다. 최종 학력은 무학이고, 직업은 무직입니다.', '김상신 씨의 자녀는 1명: 김지훈(53세 남자).', '김상신 씨는 합천의 흙과 함께 살아온 투박한 손재주를 가진 어르신으로, 역사에 대한 호기심과 가족에 대한 깊은 사랑을 간직한 채 소박한 노후를 보내고 있습니다.', '김상신 씨가 즐겨먹는 음식은 된장찌개, 취미는 노래 부르기, 좋아하는 문화는 이미자 노래입니다.']",F. 김상신 씨는 1969년에 결혼했습니다.,제공된 페르소나 정보 기준 김상신 씨의 결혼 정보: 1969년에 결혼.,1.0,0.620675332490406,0.9999999999,0.5,4,P024-Q06-F-시점오류,F-시점오류,F
김상신 씨는 경상남 합천구에 산다. (참/거짓),"['김상신 씨는 80세 남자이며, 경상남 경상남-합천군에 거주합니다. 최종 학력은 무학이고, 직업은 무직입니다.', '김상신 씨는 합천의 흙과 함께 살아온 투박한 손재주를 가진 어르신으로, 역사에 대한 호기심과 가족에 대한 깊은 사랑을 간직한 채 소박한 노후를 보내고 있습니다.', '김상신 씨는 1969년에 결혼했습니다. 2017년 배우자와 사별했습니다.', '김상신 씨의 자녀는 1명: 김지훈(53세 남자).', '김상신 씨가 즐겨먹는 음식은 된장찌개, 취미는 노래 부르기, 좋아하는 문화는 이미자 노래입니다.']","F, 김상신 씨는 경상남 합천군에 거주합니다.",제공된 페르소나 정보 기준 김상신 씨의 거주지: 경상남 합천군.,0.5,0.7046052741124814,0.99999999995,0.5,4,P024-Q07-ADV-부분일치,ADV-부분일치,F
김상신 씨는 1970년에 결혼했다. (참/거짓),"['김상신 씨는 1969년에 결혼했습니다. 2017년 배우자와 사별했습니다.', '김상신 씨는 80세 남자이며, 경상남 경상남-합천군에 거주합니다. 최종 학력은 무학이고, 직업은 무직입니다.', '김상신 씨의 자녀는 1명: 김지훈(53세 남자).', '김상신 씨는 합천의 흙과 함께 살아온 투박한 손재주를 가진 어르신으로, 역사에 대한 호기심과 가족에 대한 깊은 사랑을 간직한 채 소박한 노후를 보내고 있습니다.', '김상신 씨가 즐겨먹는 음식은 된장찌개, 취미는 노래 부르기, 좋아하는 문화는 이미자 노래입니다.']",F. 김상신 씨는 1969년에 결혼했습니다.,제공된 페르소나 정보 기준 김상신 씨의 결혼 정보: 1969년에 결혼.,1.0,0.6087750950009134,0.9999999999,0.5,4,P024-Q08-ADV-시점근접,ADV-시점근접,F
김상신 씨의 자녀 이름은 김상현이다. (참/거짓),"['김상신 씨의 자녀는 1명: 김지훈(53세 남자).', '김상신 씨는 1969년에 결혼했습니다. 2017년 배우자와 사별했습니다.', '김상신 씨는 80세 남자이며, 경상남 경상남-합천군에 거주합니다. 최종 학력은 무학이고, 직업은 무직입니다.', '김상신 씨의 주요 질환은 백내장, 관절염이고, 복용 약물은 아세트아미노펜, 셀레콕시브입니다.', '김상신 씨는 합천의 흙과 함께 살아온 투박한 손재주를 가진 어르신으로, 역사에 대한 호기심과 가족에 대한 깊은 사랑을 간직한 채 소박한 노후를 보내고 있습니다.']",F. 김상신 씨의 자녀 이름은 김지훈이다.,제공된 페르소나 정보 기준 김상신 씨의 자녀 정보: 자녀 1명(김지훈).,1.0,0.6996224681239469,0.9999999999,0.0,4,P024-Q09-ADV-유사인물,ADV-유사인물,F
조동우 씨의 거주지는 어디인가요?,"['조동우 씨는 1979년에 결혼했습니다.', '조동우 씨는 80세 남자이며, 서울 서울-성동구에 거주합니다. 최종 학력은 2~3년제 전문대학이고, 직업은 무직입니다.', '조동우 씨는 성동구의 변화를 지켜보며 성실하게 살아온, 손재주 좋고 다정한 성격의 80세 할아버지입니다.', '조동우 씨가 즐겨먹는 음식은 설렁탕, 취미는 산책, 좋아하는 문화는 트로트입니다.', '조동우 씨는 두세 달에 한 번 큰맘 먹고 아내와 함께 성수동의 정갈한 초밥집을 찾아가 신선한 생선회 한 점의 맛을 즐깁니다. 가끔은 가족들과 함께 두툼한 돼지갈비를 굽는 한식당에서 왁자지껄하게 식사하며 입맛을 돋웁니다.']",조동우 씨는 서울 서울-성동구에 거주합니다.,조동우 씨의 거주지: 서울 성동구.,1.0,0.6588922543947273,0.49999999995,1.0,4,P025-Q01-T-거주지,T-거주지,서울 성동구
조동우 씨의 직업은 무엇인가요?,"['조동우 씨는 1979년에 결혼했습니다.', '조동우 씨는 80세 남자이며, 서울 서울-성동구에 거주합니다. 최종 학력은 2~3년제 전문대학이고, 직업은 무직입니다.', '조동우 씨는 성동구의 변화를 지켜보며 성실하게 살아온, 손재주 좋고 다정한 성격의 80세 할아버지입니다.', '조동우 씨가 즐겨먹는 음식은 설렁탕, 취미는 산책, 좋아하는 문화는 트로트입니다.', '조동우 씨는 손주들이 고민을 털어놓을 때 가르치려 들기보다 묵묵히 들어주는 다정한 할아버지입니다. 아내와는 가끔 사소한 일로 투닥거리지만, 결국은 아내가 좋아하는 간식을 슬쩍 챙겨오는 세심함으로 갈등을 매듭짓습니다.']",조동우 씨의 직업은 무직입니다.,조동우 씨의 직업: 무직.,1.0,0.956755079765924,0.49999999995,1.0,4,P025-Q02-T-직업,T-직업,무직
조동우 씨의 최종 학력은 무엇인가요?,"['조동우 씨는 80세 남자이며, 서울 서울-성동구에 거주합니다. 최종 학력은 2~3년제 전문대학이고, 직업은 무직입니다.', '조동우 씨는 1979년에 결혼했습니다.', '조동우 씨가 즐겨먹는 음식은 설렁탕, 취미는 산책, 좋아하는 문화는 트로트입니다.', '조동우 씨의 자녀는 1명: 조광호(42세 남자).', '조동우 씨의 주요 질환은 당뇨, 백내장, 고지혈증이고, 복용 약물은 메트포르민, 글리메피리드, 아토르바스타틴, 로수바스타틴입니다.']",조동우 씨의 최종 학력은 2~3년제 전문대학입니다.,조동우 씨의 최종 학력: 2~3년제 전문대학.,1.0,0.9075096756227988,0.9999999999,1.0,4,P025-Q03-T-학력,T-학력,2~3년제 전문대학
조동우 씨는 경상북에 살고 있다. (참/거짓),"['조동우 씨는 1979년에 결혼했습니다.', '조동우 씨는 80세 남자이며, 서울 서울-성동구에 거주합니다. 최종 학력은 2~3년제 전문대학이고, 직업은 무직입니다.', '조동우 씨는 성동구의 변화를 지켜보며 성실하게 살아온, 손재주 좋고 다정한 성격의 80세 할아버지입니다.', '조동우 씨가 즐겨먹는 음식은 설렁탕, 취미는 산책, 좋아하는 문화는 트로트입니다.', '조동우 씨는 두세 달에 한 번 큰맘 먹고 아내와 함께 성수동의 정갈한 초밥집을 찾아가 신선한 생선회 한 점의 맛을 즐깁니다. 가끔은 가족들과 함께 두툼한 돼지갈비를 굽는 한식당에서 왁자지껄하게 식사하며 입맛을 돋웁니다.']",F. 조동우 씨는 서울 서울-성동구에 거주합니다.,제공된 페르소나 정보 기준 조동우 씨의 거주지: 서울 성동구.,1.0,0.5909587154847316,0.49999999995,0.5,4,P025-Q04-F-반대,F-반대,F
조동우 씨의 현재 운영 중인 사업자명은 무엇인가요?,"['조동우 씨는 1979년에 결혼했습니다.', '조동우 씨는 80세 남자이며, 서울 서울-성동구에 거주합니다. 최종 학력은 2~3년제 전문대학이고, 직업은 무직입니다.', '조동우 씨가 즐겨먹는 음식은 설렁탕, 취미는 산책, 좋아하는 문화는 트로트입니다.', '조동우 씨의 자녀는 1명: 조광호(42세 남자).', '조동우 씨는 성동구의 변화를 지켜보며 성실하게 살아온, 손재주 좋고 다정한 성격의 80세 할아버지입니다.']",정보 없음,제공된 페르소나 정보에는 조동우 씨에 대해 질문한 사실이 없습니다.,1.0,0.0,0.0,0.0,4,P025-Q05-F-비존재,F-비존재,정보 없음
조동우 씨는 1994년에 결혼했다. (참/거짓),"['조동우 씨는 1979년에 결혼했습니다.', '조동우 씨의 자녀는 1명: 조광호(42세 남자).', '조동우 씨는 80세 남자이며, 서울 서울-성동구에 거주합니다. 최종 학력은 2~3년제 전문대학이고, 직업은 무직입니다.', '조동우 씨는 손주들이 고민을 털어놓을 때 가르치려 들기보다 묵묵히 들어주는 다정한 할아버지입니다. 아내와는 가끔 사소한 일로 투닥거리지만, 결국은 아내가 좋아하는 간식을 슬쩍 챙겨오는 세심함으로 갈등을 매듭짓습니다.', '조동우 씨는 성동구의 변화를 지켜보며 성실하게 살아온, 손재주 좋고 다정한 성격의 80세 할아버지입니다.']",F. 조동우 씨는 1979년에 결혼했습니다.,제공된 페르소나 정보 기준 조동우 씨의 결혼 정보: 1979년에 결혼.,1.0,0.6062333942921386,0.9999999999,0.5,4,P025-Q06-F-시점오류,F-시점오류,F
조동우 씨는 서울 성동시에 산다. (참/거짓),"['조동우 씨는 80세 남자이며, 서울 서울-성동구에 거주합니다. 최종 학력은 2~3년제 전문대학이고, 직업은 무직입니다.', '조동우 씨는 성동구의 변화를 지켜보며 성실하게 살아온, 손재주 좋고 다정한 성격의 80세 할아버지입니다.', '조동우 씨는 1979년에 결혼했습니다.', '조동우 씨는 두세 달에 한 번 큰맘 먹고 아내와 함께 성수동의 정갈한 초밥집을 찾아가 신선한 생선회 한 점의 맛을 즐깁니다. 가끔은 가족들과 함께 두툼한 돼지갈비를 굽는 한식당에서 왁자지껄하게 식사하며 입맛을 돋웁니다.', '조동우 씨의 자녀는 1명: 조광호(42세 남자).']",F. 조동우 씨는 서울 성동구에 거주합니다.,제공된 페르소나 정보 기준 조동우 씨의 거주지: 서울 성동구.,1.0,0.5557336074894502,0.99999999995,0.5,4,P025-Q07-ADV-부분일치,ADV-부분일치,F
조동우 씨는 1978년에 결혼했다. (참/거짓),"['조동우 씨는 1979년에 결혼했습니다.', '조동우 씨는 80세 남자이며, 서울 서울-성동구에 거주합니다. 최종 학력은 2~3년제 전문대학이고, 직업은 무직입니다.', '조동우 씨의 자녀는 1명: 조광호(42세 남자).', '조동우 씨는 성동구의 변화를 지켜보며 성실하게 살아온, 손재주 좋고 다정한 성격의 80세 할아버지입니다.', '조동우 씨는 손주들이 고민을 털어놓을 때 가르치려 들기보다 묵묵히 들어주는 다정한 할아버지입니다. 아내와는 가끔 사소한 일로 투닥거리지만, 결국은 아내가 좋아하는 간식을 슬쩍 챙겨오는 세심함으로 갈등을 매듭짓습니다.']","F, 조동우 씨는 1979년에 결혼했습니다.",제공된 페르소나 정보 기준 조동우 씨의 결혼 정보: 1979년에 결혼.,1.0,0.7910775737864283,0.9999999999,0.0,4,P025-Q08-ADV-시점근접,ADV-시점근접,F
조동우 씨의 자녀 이름은 조철수이다. (참/거짓),"['조동우 씨의 자녀는 1명: 조광호(42세 남자).', '조동우 씨는 1979년에 결혼했습니다.', '조동우 씨는 손주들이 고민을 털어놓을 때 가르치려 들기보다 묵묵히 들어주는 다정한 할아버지입니다. 아내와는 가끔 사소한 일로 투닥거리지만, 결국은 아내가 좋아하는 간식을 슬쩍 챙겨오는 세심함으로 갈등을 매듭짓습니다.', '조동우 씨는 80세 남자이며, 서울 서울-성동구에 거주합니다. 최종 학력은 2~3년제 전문대학이고, 직업은 무직입니다.', '조동우 씨는 성동구의 변화를 지켜보며 성실하게 살아온, 손재주 좋고 다정한 성격의 80세 할아버지입니다.']","F, 조동우 씨의 자녀 이름은 조광호이다.",제공된 페르소나 정보 기준 조동우 씨의 자녀 정보: 자녀 1명(조광호).,1.0,0.7132849950387897,0.9999999999,0.0,4,P025-Q09-ADV-유사인물,ADV-유사인물,F
이경희 씨의 거주지는 어디인가요?,"['이경희 씨는 1973년에 결혼했습니다. 2007년 배우자와 사별했습니다.', '이경희 씨는 83세 여자이며, 대구 대구-남구에 거주합니다. 최종 학력은 초등학교이고, 직업은 무직입니다.', '이경희 씨는 대구 남구의 정겨운 골목에서 가족과 이웃을 보듬으며, 당뇨 관리와 소소한 산책으로 건강한 노후를 보내려는 83세 할머니입니다.', '이경희 씨는 짜지 않게 담근 깻잎김치와 알싸한 파김치로 가족들의 입맛을 사로잡는 손맛의 소유자입니다. 2주에 한 번 외식을 할 때는 고깃집 대신 깔끔한 일식집에서 정갈한 초밥이나 우동을 즐기며 입맛을 바꿉니다.', '이경희 씨가 즐겨먹는 음식은 설렁탕, 취미는 산책, 좋아하는 문화는 옛날 영화입니다.']",이경희 씨의 거주지는 대구 대구-남구입니다.,이경희 씨의 거주지: 대구 남구.,1.0,0.9464651544433844,0.5833333333041666,1.0,4,P026-Q01-T-거주지,T-거주지,대구 남구
이경희 씨의 직업은 무엇인가요?,"['이경희 씨는 1973년에 결혼했습니다. 2007년 배우자와 사별했습니다.', '이경희 씨는 83세 여자이며, 대구 대구-남구에 거주합니다. 최종 학력은 초등학교이고, 직업은 무직입니다.', '이경희 씨가 즐겨먹는 음식은 설렁탕, 취미는 산책, 좋아하는 문화는 옛날 영화입니다.', '이경희 씨는 짜지 않게 담근 깻잎김치와 알싸한 파김치로 가족들의 입맛을 사로잡는 손맛의 소유자입니다. 2주에 한 번 외식을 할 때는 고깃집 대신 깔끔한 일식집에서 정갈한 초밥이나 우동을 즐기며 입맛을 바꿉니다.', '이경희 씨는 대구 남구의 정겨운 골목에서 가족과 이웃을 보듬으며, 당뇨 관리와 소소한 산책으로 건강한 노후를 보내려는 83세 할머니입니다.']",이경희 씨의 직업은 무직입니다.,이경희 씨의 직업: 무직.,1.0,0.9738220829369384,0.49999999995,1.0,4,P026-Q02-T-직업,T-직업,무직
이경희 씨의 최종 학력은 무엇인가요?,"['이경희 씨는 83세 여자이며, 대구 대구-남구에 거주합니다. 최종 학력은 초등학교이고, 직업은 무직입니다.', '이경희 씨는 1973년에 결혼했습니다. 2007년 배우자와 사별했습니다.', '이경희 씨가 즐겨먹는 음식은 설렁탕, 취미는 산책, 좋아하는 문화는 옛날 영화입니다.', '이경희 씨의 자녀는 1명: 이민수(51세 남자).', '이경희 씨의 주요 질환은 전립선비대, 관절염이고, 복용 약물은 탐스로신, 아세트아미노펜, 셀레콕시브입니다.']",이경희 씨의 최종 학력은 초등학교입니다.,이경희 씨의 최종 학력: 초등학교.,1.0,0.9214659171583184,0.9999999999,1.0,4,P026-Q03-T-학력,T-학력,초등학교
이경희 씨는 충청북에 살고 있다. (참/거짓),"['이경희 씨는 83세 여자이며, 대구 대구-남구에 거주합니다. 최종 학력은 초등학교이고, 직업은 무직입니다.', '이경희 씨는 1973년에 결혼했습니다. 2007년 배우자와 사별했습니다.', '이경희 씨는 대구 남구의 정겨운 골목에서 가족과 이웃을 보듬으며, 당뇨 관리와 소소한 산책으로 건강한 노후를 보내려는 83세 할머니입니다.', '이경희 씨가 즐겨먹는 음식은 설렁탕, 취미는 산책, 좋아하는 문화는 옛날 영화입니다.', '이경희 씨는 짜지 않게 담근 깻잎김치와 알싸한 파김치로 가족들의 입맛을 사로잡는 손맛의 소유자입니다. 2주에 한 번 외식을 할 때는 고깃집 대신 깔끔한 일식집에서 정갈한 초밥이나 우동을 즐기며 입맛을 바꿉니다.']","F, 이경희 씨는 대구 대구-남구에 거주합니다.",제공된 페르소나 정보 기준 이경희 씨의 거주지: 대구 남구.,1.0,0.7481297702167189,0.8333333332916666,0.5,4,P026-Q04-F-반대,F-반대,F
이경희 씨의 현재 운영 중인 사업자명은 무엇인가요?,"['이경희 씨는 1973년에 결혼했습니다. 2007년 배우자와 사별했습니다.', '이경희 씨는 83세 여자이며, 대구 대구-남구에 거주합니다. 최종 학력은 초등학교이고, 직업은 무직입니다.', '이경희 씨는 대구 남구의 정겨운 골목에서 가족과 이웃을 보듬으며, 당뇨 관리와 소소한 산책으로 건강한 노후를 보내려는 83세 할머니입니다.', '이경희 씨는 짜지 않게 담근 깻잎김치와 알싸한 파김치로 가족들의 입맛을 사로잡는 손맛의 소유자입니다. 2주에 한 번 외식을 할 때는 고깃집 대신 깔끔한 일식집에서 정갈한 초밥이나 우동을 즐기며 입맛을 바꿉니다.', '이경희 씨의 자녀는 1명: 이민수(51세 남자).']",정보 없음,제공된 페르소나 정보에는 이경희 씨에 대해 질문한 사실이 없습니다.,1.0,0.0,0.0,0.0,4,P026-Q05-F-비존재,F-비존재,정보 없음
이경희 씨는 1983년에 결혼했다. (참/거짓),"['이경희 씨는 1973년에 결혼했습니다. 2007년 배우자와 사별했습니다.', '이경희 씨는 83세 여자이며, 대구 대구-남구에 거주합니다. 최종 학력은 초등학교이고, 직업은 무직입니다.', '이경희 씨의 자녀는 1명: 이민수(51세 남자).', '이경희 씨는 대구 남구의 정겨운 골목에서 가족과 이웃을 보듬으며, 당뇨 관리와 소소한 산책으로 건강한 노후를 보내려는 83세 할머니입니다.', '이경희 씨가 즐겨먹는 음식은 설렁탕, 취미는 산책, 좋아하는 문화는 옛날 영화입니다.']",F. 이경희 씨는 1973년에 결혼했습니다.,제공된 페르소나 정보 기준 이경희 씨의 결혼 정보: 1973년에 결혼.,1.0,0.5744369344431378,0.9999999999,0.5,4,P026-Q06-F-시점오류,F-시점오류,F
이경희 씨는 대구 남시에 산다. (참/거짓),"['이경희 씨는 83세 여자이며, 대구 대구-남구에 거주합니다. 최종 학력은 초등학교이고, 직업은 무직입니다.', '이경희 씨는 대구 남구의 정겨운 골목에서 가족과 이웃을 보듬으며, 당뇨 관리와 소소한 산책으로 건강한 노후를 보내려는 83세 할머니입니다.', '이경희 씨는 짜지 않게 담근 깻잎김치와 알싸한 파김치로 가족들의 입맛을 사로잡는 손맛의 소유자입니다. 2주에 한 번 외식을 할 때는 고깃집 대신 깔끔한 일식집에서 정갈한 초밥이나 우동을 즐기며 입맛을 바꿉니다.', '이경희 씨는 1973년에 결혼했습니다. 2007년 배우자와 사별했습니다.', '대구 남구의 오래된 골목에서 나고 자라며 전후 복구 시기의 고단함을 몸소 겪었습니다. 초등학교 졸업 후 바로 살림을 시작해, 이웃 간의 정과 도리를 중시하는 동네 분위기 속에서 사람 대하는 법을 배웠습니다.']","F, 이경희 씨는 대구",제공된 페르소나 정보 기준 이경희 씨의 거주지: 대구 남구.,1.0,0.6452596094874319,0.8666666666377778,1.0,4,P026-Q07-ADV-부분일치,ADV-부분일치,F
이경희 씨는 1972년에 결혼했다. (참/거짓),"['이경희 씨는 1973년에 결혼했습니다. 2007년 배우자와 사별했습니다.', '이경희 씨는 83세 여자이며, 대구 대구-남구에 거주합니다. 최종 학력은 초등학교이고, 직업은 무직입니다.', '이경희 씨가 즐겨먹는 음식은 설렁탕, 취미는 산책, 좋아하는 문화는 옛날 영화입니다.', '이경희 씨의 자녀는 1명: 이민수(51세 남자).', '이경희 씨는 사별 후 친인척들과 함께 살며 집안 곳곳의 먼지를 털어내고 정리하는 것으로 자신의 존재 가치를 확인합니다. 막내 손주의 결혼식 날 가장 고운 한복을 입고 건강하게 서 있겠다는 일념 하나로 매일 아침 몸 상태를 꼼꼼히 살핍니다.']","F, 이경희 씨는 1973년에 결혼했습니다.",제공된 페르소나 정보 기준 이경희 씨의 결혼 정보: 1973년에 결혼.,1.0,0.7184317065505651,0.9999999999,1.0,4,P026-Q08-ADV-시점근접,ADV-시점근접,F
이경희 씨의 자녀 이름은 이지훈이다. (참/거짓),"['이경희 씨의 자녀는 1명: 이민수(51세 남자).', '이경희 씨는 1973년에 결혼했습니다. 2007년 배우자와 사별했습니다.', '이경희 씨는 83세 여자이며, 대구 대구-남구에 거주합니다. 최종 학력은 초등학교이고, 직업은 무직입니다.', '이경희 씨는 짜지 않게 담근 깻잎김치와 알싸한 파김치로 가족들의 입맛을 사로잡는 손맛의 소유자입니다. 2주에 한 번 외식을 할 때는 고깃집 대신 깔끔한 일식집에서 정갈한 초밥이나 우동을 즐기며 입맛을 바꿉니다.', '이경희 씨가 즐겨먹는 음식은 설렁탕, 취미는 산책, 좋아하는 문화는 옛날 영화입니다.']","F, 이경희 씨의 자녀 이름은 이민수이다.",제공된 페르소나 정보 기준 이경희 씨의 자녀 정보: 자녀 1명(이민수).,1.0,0.4923877223804155,0.9999999999,0.0,4,P026-Q09-ADV-유사인물,ADV-유사인물,F
김송자 씨의 거주지는 어디인가요?,"['김송자 씨는 1968년에 결혼했습니다. 2014년 배우자와 사별했습니다.', '김송자 씨는 88세 여자이며, 경기 경기-하남시에 거주합니다. 최종 학력은 초등학교이고, 직업은 무직입니다.', '김송자 씨는 하남의 변화를 몸소 겪으며 살아온 강인한 생존력과 꼼꼼한 살림 솜씨를 가진 88세 어른으로, 규칙적인 일상과 활발한 사회활동을 통해 자신의 품위를 유지하며 살아갑니다.', '김송자 씨가 즐겨먹는 음식은 비빔밥, 취미는 장기, 좋아하는 문화는 이미자 노래입니다.', '김송자 씨의 자녀는 1명: 김민수(54세 남자).']",김송자 씨는 경기 경기-하남시에 거주합니다.,김송자 씨의 거주지: 경기 하남시.,1.0,0.66701172964841,0.5833333333041666,1.0,4,P027-Q01-T-거주지,T-거주지,경기 하남시
김송자 씨의 직업은 무엇인가요?,"['김송자 씨는 88세 여자이며, 경기 경기-하남시에 거주합니다. 최종 학력은 초등학교이고, 직업은 무직입니다.', '김송자 씨는 1968년에 결혼했습니다. 2014년 배우자와 사별했습니다.', '김송자 씨는 하남의 변화를 몸소 겪으며 살아온 강인한 생존력과 꼼꼼한 살림 솜씨를 가진 88세 어른으로, 규칙적인 일상과 활발한 사회활동을 통해 자신의 품위를 유지하며 살아갑니다.', '김송자 씨가 즐겨먹는 음식은 비빔밥, 취미는 장기, 좋아하는 문화는 이미자 노래입니다.', '김송자 씨의 자녀는 1명: 김민수(54세 남자).']",김송자 씨의 직업은 무직입니다.,김송자 씨의 직업: 무직.,1.0,0.9698940665079444,0.9999999999,1.0,4,P027-Q02-T-직업,T-직업,무직
김송자 씨의 최종 학력은 무엇인가요?,"['김송자 씨는 88세 여자이며, 경기 경기-하남시에 거주합니다. 최종 학력은 초등학교이고, 직업은 무직입니다.', '김송자 씨는 1968년에 결혼했습니다. 2014년 배우자와 사별했습니다.', '김송자 씨는 하남의 변화를 몸소 겪으며 살아온 강인한 생존력과 꼼꼼한 살림 솜씨를 가진 88세 어른으로, 규칙적인 일상과 활발한 사회활동을 통해 자신의 품위를 유지하며 살아갑니다.', '김송자 씨가 즐겨먹는 음식은 비빔밥, 취미는 장기, 좋아하는 문화는 이미자 노래입니다.', '김송자 씨의 자녀는 1명: 김민수(54세 남자).']",김송자 씨의 최종 학력은 초등학교입니다.,김송자 씨의 최종 학력: 초등학교.,1.0,0.9164309697068383,0.9999999999,1.0,4,P027-Q03-T-학력,T-학력,초등학교
김송자 씨는 전북에 살고 있다. (참/거짓),"['김송자 씨는 88세 여자이며, 경기 경기-하남시에 거주합니다. 최종 학력은 초등학교이고, 직업은 무직입니다.', '김송자 씨는 하남의 변화를 몸소 겪으며 살아온 강인한 생존력과 꼼꼼한 살림 솜씨를 가진 88세 어른으로, 규칙적인 일상과 활발한 사회활동을 통해 자신의 품위를 유지하며 살아갑니다.', '김송자 씨는 1968년에 결혼했습니다. 2014년 배우자와 사별했습니다.', '김송자 씨가 즐겨먹는 음식은 비빔밥, 취미는 장기, 좋아하는 문화는 이미자 노래입니다.', '김송자 씨는 사별 후 친인척들과 함께 아파트에서 살며 집안의 가장 어른으로서 무게중심을 잡고, 가끔은 고집스러운 성격 탓에 조카들과 사소한 의견 충돌을 빚기도 하지만 결국 정성스럽게 무친 나물 반찬으로 화해의 손길을 건넵니다.']","F, 김송자 씨는 경기 하남시에 거주합니다.",제공된 페르소나 정보 기준 김송자 씨의 거주지: 경기 하남시.,1.0,0.5155156721638949,0.9999999999,0.5,4,P027-Q04-F-반대,F-반대,F
김송자 씨의 반려동물의 이름은 무엇인가요?,"['김송자 씨는 1968년에 결혼했습니다. 2014년 배우자와 사별했습니다.', '김송자 씨는 하남의 변화를 몸소 겪으며 살아온 강인한 생존력과 꼼꼼한 살림 솜씨를 가진 88세 어른으로, 규칙적인 일상과 활발한 사회활동을 통해 자신의 품위를 유지하며 살아갑니다.', '김송자 씨의 자녀는 1명: 김민수(54세 남자).', '김송자 씨가 즐겨먹는 음식은 비빔밥, 취미는 장기, 좋아하는 문화는 이미자 노래입니다.', '김송자 씨는 사별 후 친인척들과 함께 아파트에서 살며 집안의 가장 어른으로서 무게중심을 잡고, 가끔은 고집스러운 성격 탓에 조카들과 사소한 의견 충돌을 빚기도 하지만 결국 정성스럽게 무친 나물 반찬으로 화해의 손길을 건넵니다.']",정보 없음,제공된 페르소나 정보에는 김송자 씨에 대해 질문한 사실이 없습니다.,1.0,0.0,0.0,0.0,4,P027-Q05-F-비존재,F-비존재,정보 없음
김송자 씨는 1978년에 결혼했다. (참/거짓),"['김송자 씨는 1968년에 결혼했습니다. 2014년 배우자와 사별했습니다.', '김송자 씨의 자녀는 1명: 김민수(54세 남자).', '김송자 씨는 88세 여자이며, 경기 경기-하남시에 거주합니다. 최종 학력은 초등학교이고, 직업은 무직입니다.', '김송자 씨는 하남의 변화를 몸소 겪으며 살아온 강인한 생존력과 꼼꼼한 살림 솜씨를 가진 88세 어른으로, 규칙적인 일상과 활발한 사회활동을 통해 자신의 품위를 유지하며 살아갑니다.', '김송자 씨는 사별 후 친인척들과 함께 아파트에서 살며 집안의 가장 어른으로서 무게중심을 잡고, 가끔은 고집스러운 성격 탓에 조카들과 사소한 의견 충돌을 빚기도 하지만 결국 정성스럽게 무친 나물 반찬으로 화해의 손길을 건넵니다.']",F. 김송자 씨는 1968년에 결혼했습니다.,제공된 페르소나 정보 기준 김송자 씨의 결혼 정보: 1968년에 결혼.,1.0,0.6360819215352952,0.9999999999,0.0,4,P027-Q06-F-시점오류,F-시점오류,F
김송자 씨는 경기 하남구에 산다. (참/거짓),"['김송자 씨는 88세 여자이며, 경기 경기-하남시에 거주합니다. 최종 학력은 초등학교이고, 직업은 무직입니다.', '김송자 씨는 하남의 변화를 몸소 겪으며 살아온 강인한 생존력과 꼼꼼한 살림 솜씨를 가진 88세 어른으로, 규칙적인 일상과 활발한 사회활동을 통해 자신의 품위를 유지하며 살아갑니다.', '김송자 씨는 1968년에 결혼했습니다. 2014년 배우자와 사별했습니다.', '김송자 씨의 자녀는 1명: 김민수(54세 남자).', '김송자 씨는 사별 후 친인척들과 함께 아파트에서 살며 집안의 가장 어른으로서 무게중심을 잡고, 가끔은 고집스러운 성격 탓에 조카들과 사소한 의견 충돌을 빚기도 하지만 결국 정성스럽게 무친 나물 반찬으로 화해의 손길을 건넵니다.']","F, 김송자 씨는 경기 하남시에 거주합니다.",제공된 페르소나 정보 기준 김송자 씨의 거주지: 경기 하남시.,1.0,0.5197416891072086,0.9999999999,0.0,4,P027-Q07-ADV-부분일치,ADV-부분일치,F
김송자 씨는 1969년에 결혼했다. (참/거짓),"['김송자 씨는 1968년에 결혼했습니다. 2014년 배우자와 사별했습니다.', '김송자 씨의 자녀는 1명: 김민수(54세 남자).', '김송자 씨는 88세 여자이며, 경기 경기-하남시에 거주합니다. 최종 학력은 초등학교이고, 직업은 무직입니다.', '김송자 씨는 하남의 변화를 몸소 겪으며 살아온 강인한 생존력과 꼼꼼한 살림 솜씨를 가진 88세 어른으로, 규칙적인 일상과 활발한 사회활동을 통해 자신의 품위를 유지하며 살아갑니다.', '김송자 씨는 사별 후 친인척들과 함께 아파트에서 살며 집안의 가장 어른으로서 무게중심을 잡고, 가끔은 고집스러운 성격 탓에 조카들과 사소한 의견 충돌을 빚기도 하지만 결국 정성스럽게 무친 나물 반찬으로 화해의 손길을 건넵니다.']",F. 김송자 씨는 1968년에 결혼했습니다.,제공된 페르소나 정보 기준 김송자 씨의 결혼 정보: 1968년에 결혼.,1.0,0.6504443098061434,0.9999999999,0.0,4,P027-Q08-ADV-시점근접,ADV-시점근접,F
김송자 씨의 자녀 이름은 김지훈이다. (참/거짓),"['김송자 씨의 자녀는 1명: 김민수(54세 남자).', '김송자 씨는 1968년에 결혼했습니다. 2014년 배우자와 사별했습니다.', '김송자 씨는 88세 여자이며, 경기 경기-하남시에 거주합니다. 최종 학력은 초등학교이고, 직업은 무직입니다.', '김송자 씨는 하남의 변화를 몸소 겪으며 살아온 강인한 생존력과 꼼꼼한 살림 솜씨를 가진 88세 어른으로, 규칙적인 일상과 활발한 사회활동을 통해 자신의 품위를 유지하며 살아갑니다.', '김송자 씨의 주요 질환은 당뇨, 고혈압, 전립선비대이고, 복용 약물은 탐스로신, 메트포르민, 암로디핀, 로사르탄입니다.']",F. 김송자 씨의 자녀 이름은 김민수입니다.,제공된 페르소나 정보 기준 김송자 씨의 자녀 정보: 자녀 1명(김민수).,1.0,0.6629436226182684,0.9999999999,0.0,4,P027-Q09-ADV-유사인물,ADV-유사인물,F
김경태 씨의 거주지는 어디인가요?,"['김경태 씨는 대전 서구에서 홀로 거주하며 텃밭 가꾸기와 TV 시청, 이웃과의 수다로 평온한 노년을 보내는 83세 할머니입니다.', '김경태 씨는 83세 여자이며, 대전 대전-서구에 거주합니다. 최종 학력은 초등학교이고, 직업은 무직입니다.', '김경태 씨는 1976년에 결혼했습니다. 2023년 배우자와 사별했습니다.', '김경태 님은 배움에 대한 갈증이 있었으나 시대적 상황으로 초등학교 졸업 후 빠르게 가사와 육아에 뛰어들어야 했던 세대의 삶을 살아왔습니다. 대전 서구의 아파트에서 오랫동안 거주하며 이웃들과 촘촘한 관계를 맺어왔고, 익숙한 동네 골목과 단골 가게들이 주는 안정감 속에서 심리적 평온을 찾습니다.', '김경태 씨가 즐겨먹는 음식은 설렁탕, 취미는 독서, 좋아하는 문화는 이미자 노래입니다.']",김경태 씨의 거주지는 대전 서구입니다.,김경태 씨의 거주지: 대전 서구.,1.0,0.9359788405103452,0.9166666666361112,1.0,4,P028-Q01-T-거주지,T-거주지,대전 서구
김경태 씨의 직업은 무엇인가요?,"['김경태 씨는 83세 여자이며, 대전 대전-서구에 거주합니다. 최종 학력은 초등학교이고, 직업은 무직입니다.', '김경태 씨는 1976년에 결혼했습니다. 2023년 배우자와 사별했습니다.', '김경태 씨는 대전 서구에서 홀로 거주하며 텃밭 가꾸기와 TV 시청, 이웃과의 수다로 평온한 노년을 보내는 83세 할머니입니다.', '김경태 씨가 즐겨먹는 음식은 설렁탕, 취미는 독서, 좋아하는 문화는 이미자 노래입니다.', '김경태 씨의 자녀는 1명: 김광호(46세 남자).']",김경태 씨의 직업은 무직입니다.,김경태 씨의 직업: 무직.,1.0,0.9662561417602477,0.9999999999,1.0,4,P028-Q02-T-직업,T-직업,무직
김경태 씨의 최종 학력은 무엇인가요?,"['김경태 씨는 83세 여자이며, 대전 대전-서구에 거주합니다. 최종 학력은 초등학교이고, 직업은 무직입니다.', '김경태 씨는 1976년에 결혼했습니다. 2023년 배우자와 사별했습니다.', '김경태 씨가 즐겨먹는 음식은 설렁탕, 취미는 독서, 좋아하는 문화는 이미자 노래입니다.', '김경태 님은 배움에 대한 갈증이 있었으나 시대적 상황으로 초등학교 졸업 후 빠르게 가사와 육아에 뛰어들어야 했던 세대의 삶을 살아왔습니다. 대전 서구의 아파트에서 오랫동안 거주하며 이웃들과 촘촘한 관계를 맺어왔고, 익숙한 동네 골목과 단골 가게들이 주는 안정감 속에서 심리적 평온을 찾습니다.', '김경태 씨의 자녀는 1명: 김광호(46세 남자).']",김경태 씨의 최종 학력은 초등학교입니다.,김경태 씨의 최종 학력: 초등학교.,1.0,0.9264908455855498,0.7499999999625,1.0,4,P028-Q03-T-학력,T-학력,초등학교
김경태 씨는 충청남에 살고 있다. (참/거짓),"['김경태 씨는 83세 여자이며, 대전 대전-서구에 거주합니다. 최종 학력은 초등학교이고, 직업은 무직입니다.', '김경태 씨는 대전 서구에서 홀로 거주하며 텃밭 가꾸기와 TV 시청, 이웃과의 수다로 평온한 노년을 보내는 83세 할머니입니다.', '김경태 씨는 1976년에 결혼했습니다. 2023년 배우자와 사별했습니다.', '김경태 님은 배움에 대한 갈증이 있었으나 시대적 상황으로 초등학교 졸업 후 빠르게 가사와 육아에 뛰어들어야 했던 세대의 삶을 살아왔습니다. 대전 서구의 아파트에서 오랫동안 거주하며 이웃들과 촘촘한 관계를 맺어왔고, 익숙한 동네 골목과 단골 가게들이 주는 안정감 속에서 심리적 평온을 찾습니다.', '김경태 씨의 자녀는 1명: 김광호(46세 남자).']","F, 김경태 씨는 대전 서구에 거주합니다.",제공된 페르소나 정보 기준 김경태 씨의 거주지: 대전 서구.,1.0,0.7431686650528473,0.9166666666361112,1.0,4,P028-Q04-F-반대,F-반대,F
김경태 씨의 현재 운영 중인 사업자명은 무엇인가요?,"['김경태 씨는 83세 여자이며, 대전 대전-서구에 거주합니다. 최종 학력은 초등학교이고, 직업은 무직입니다.', '김경태 씨는 1976년에 결혼했습니다. 2023년 배우자와 사별했습니다.', '김경태 씨는 대전 서구에서 홀로 거주하며 텃밭 가꾸기와 TV 시청, 이웃과의 수다로 평온한 노년을 보내는 83세 할머니입니다.', '김경태 씨의 자녀는 1명: 김광호(46세 남자).', '김경태 씨가 즐겨먹는 음식은 설렁탕, 취미는 독서, 좋아하는 문화는 이미자 노래입니다.']",정보 없음,제공된 페르소나 정보에는 김경태 씨에 대해 질문한 사실이 없습니다.,1.0,0.0,0.0,0.0,4,P028-Q05-F-비존재,F-비존재,정보 없음
김경태 씨는 1991년에 결혼했다. (참/거짓),"['김경태 씨는 1976년에 결혼했습니다. 2023년 배우자와 사별했습니다.', '김경태 씨의 자녀는 1명: 김광호(46세 남자).', '김경태 씨는 83세 여자이며, 대전 대전-서구에 거주합니다. 최종 학력은 초등학교이고, 직업은 무직입니다.', '김경태 씨는 대전 서구에서 홀로 거주하며 텃밭 가꾸기와 TV 시청, 이웃과의 수다로 평온한 노년을 보내는 83세 할머니입니다.', '김경태 씨는 사별 후 홀로 아파트에 거주하며 외로움을 느끼기도 하지만, 오랜 시간 함께 지낸 동네 이웃들을 가족처럼 여기며 촘촘한 관계를 맺고 있습니다. 배움의 기회를 놓치고 빠르게 가사와 육아에 뛰어들어야 했던 지난날의 회한을 이제는 이웃들과의 수다와 소박한 일상으로 달랩니다.']","F, 김경태 씨는 1976년에 결혼했습니다.",제공된 페르소나 정보 기준 김경태 씨의 결혼 정보: 1976년에 결혼.,1.0,0.5849639837969903,0.9999999999,0.5,4,P028-Q06-F-시점오류,F-시점오류,F
김경태 씨는 대전 서시에 산다. (참/거짓),"['김경태 씨는 83세 여자이며, 대전 대전-서구에 거주합니다. 최종 학력은 초등학교이고, 직업은 무직입니다.', '김경태 씨는 대전 서구에서 홀로 거주하며 텃밭 가꾸기와 TV 시청, 이웃과의 수다로 평온한 노년을 보내는 83세 할머니입니다.', '김경태 님은 배움에 대한 갈증이 있었으나 시대적 상황으로 초등학교 졸업 후 빠르게 가사와 육아에 뛰어들어야 했던 세대의 삶을 살아왔습니다. 대전 서구의 아파트에서 오랫동안 거주하며 이웃들과 촘촘한 관계를 맺어왔고, 익숙한 동네 골목과 단골 가게들이 주는 안정감 속에서 심리적 평온을 찾습니다.', '김경태 씨는 사별 후 홀로 아파트에 거주하며 외로움을 느끼기도 하지만, 오랜 시간 함께 지낸 동네 이웃들을 가족처럼 여기며 촘촘한 관계를 맺고 있습니다. 배움의 기회를 놓치고 빠르게 가사와 육아에 뛰어들어야 했던 지난날의 회한을 이제는 이웃들과의 수다와 소박한 일상으로 달랩니다.', '김경태 씨는 1976년에 결혼했습니다. 2023년 배우자와 사별했습니다.']","F, 김경태 씨는 대전 서구에 거주합니다.",제공된 페르소나 정보 기준 김경태 씨의 거주지: 대전 서구.,1.0,0.707964370715156,0.9999999999666668,1.0,4,P028-Q07-ADV-부분일치,ADV-부분일치,F
김경태 씨는 1977년에 결혼했다. (참/거짓),"['김경태 씨는 1976년에 결혼했습니다. 2023년 배우자와 사별했습니다.', '김경태 씨의 자녀는 1명: 김광호(46세 남자).', '김경태 씨는 83세 여자이며, 대전 대전-서구에 거주합니다. 최종 학력은 초등학교이고, 직업은 무직입니다.', '김경태 씨는 대전 서구에서 홀로 거주하며 텃밭 가꾸기와 TV 시청, 이웃과의 수다로 평온한 노년을 보내는 83세 할머니입니다.', '김경태 씨가 즐겨먹는 음식은 설렁탕, 취미는 독서, 좋아하는 문화는 이미자 노래입니다.']",F. 김경태 씨는 1976년에 결혼했습니다.,제공된 페르소나 정보 기준 김경태 씨의 결혼 정보: 1976년에 결혼.,1.0,0.5892598662058562,0.9999999999,0.5,4,P028-Q08-ADV-시점근접,ADV-시점근접,F
김경태 씨의 자녀 이름은 김민수이다. (참/거짓),"['김경태 씨의 자녀는 1명: 김광호(46세 남자).', '김경태 씨는 83세 여자이며, 대전 대전-서구에 거주합니다. 최종 학력은 초등학교이고, 직업은 무직입니다.', '김경태 씨는 1976년에 결혼했습니다. 2023년 배우자와 사별했습니다.', '김경태 씨가 즐겨먹는 음식은 설렁탕, 취미는 독서, 좋아하는 문화는 이미자 노래입니다.', '김경태 씨의 주요 질환은 전립선비대, 위염, 고지혈증이고, 복용 약물은 아토르바스타틴, 로수바스타틴, 라베프라졸, 오메프라졸입니다.']","F, 김경태 씨의 자녀 이름은 김광호입니다.",제공된 페르소나 정보 기준 김경태 씨의 자녀 정보: 자녀 1명(김광호).,1.0,0.5770130046836016,0.9999999999,1.0,4,P028-Q09-ADV-유사인물,ADV-유사인물,F
홍용주 씨의 거주지는 어디인가요?,"['홍용주 씨는 1973년에 결혼했습니다. 2016년 배우자와 사별했습니다.', '홍용주 씨는 86세 여자이며, 경기 경기-고양시 덕양구에 거주합니다. 최종 학력은 무학이고, 직업은 무직입니다.', '홍용주 씨는 고양시 덕양구에서 자가 아파트에 거주하며, 전통적인 손맛과 현대적인 호기심을 동시에 품고 살아가는 86세의 감각적인 할머니입니다.', '홍용주 씨가 즐겨먹는 음식은 된장찌개, 취미는 사진 찍기, 좋아하는 문화는 임영웅 노래입니다.', '홍용주 씨의 자녀는 2명: 홍영수(48세 남자), 홍영숙(44세 여자).']",홍용주 씨는 경기 고양시 덕양구에 거주합니다.,홍용주 씨의 거주지: 경기 고양시 덕양구.,1.0,0.6867497932453586,0.5833333333041666,1.0,4,P029-Q01-T-거주지,T-거주지,경기 고양시 덕양구
홍용주 씨의 직업은 무엇인가요?,"['홍용주 씨는 1973년에 결혼했습니다. 2016년 배우자와 사별했습니다.', '홍용주 씨는 86세 여자이며, 경기 경기-고양시 덕양구에 거주합니다. 최종 학력은 무학이고, 직업은 무직입니다.', '홍용주 씨가 즐겨먹는 음식은 된장찌개, 취미는 사진 찍기, 좋아하는 문화는 임영웅 노래입니다.', '홍용주 씨는 고양시 덕양구에서 자가 아파트에 거주하며, 전통적인 손맛과 현대적인 호기심을 동시에 품고 살아가는 86세의 감각적인 할머니입니다.', '홍용주 씨는 쌉싸름한 제철 나물 무침과 깊은 맛의 된장찌개로 집안의 입맛을 사로잡는 전통의 손맛을 보유한 동시에, 베트남 쌀국수나 태국의 똠얌꿍처럼 생소한 향신료가 들어간 외국 요리를 즐기는 과감한 미식가입니다. 유튜브에서 본 해외 요리법을 따라 집에서 이국적인 풍미를 재현하려 노력하지만, 가끔 간 조절에 실패해 너무 짜게 만드는 바람에 가족들이 밥을 평소보다 더 많이 먹게 만드는 실수를 범하곤 합니다.']",홍용주 씨의 직업은 무직입니다.,홍용주 씨의 직업: 무직.,1.0,0.6768598754478662,0.49999999995,1.0,4,P029-Q02-T-직업,T-직업,무직
홍용주 씨의 최종 학력은 무엇인가요?,"['홍용주 씨는 86세 여자이며, 경기 경기-고양시 덕양구에 거주합니다. 최종 학력은 무학이고, 직업은 무직입니다.', '홍용주 씨는 1973년에 결혼했습니다. 2016년 배우자와 사별했습니다.', '홍용주 씨가 즐겨먹는 음식은 된장찌개, 취미는 사진 찍기, 좋아하는 문화는 임영웅 노래입니다.', '홍용주 씨는 고양시 덕양구에서 자가 아파트에 거주하며, 전통적인 손맛과 현대적인 호기심을 동시에 품고 살아가는 86세의 감각적인 할머니입니다.', '홍용주 씨의 주요 질환은 전립선비대, 당뇨이고, 복용 약물은 탐스로신, 메트포르민, 글리메피리드입니다.']",홍용주 씨의 최종 학력은 무학입니다.,홍용주 씨의 최종 학력: 무학.,1.0,0.8535230709170148,0.9999999999,1.0,4,P029-Q03-T-학력,T-학력,무학
홍용주 씨는 경상북에 살고 있다. (참/거짓),"['홍용주 씨는 86세 여자이며, 경기 경기-고양시 덕양구에 거주합니다. 최종 학력은 무학이고, 직업은 무직입니다.', '홍용주 씨는 1973년에 결혼했습니다. 2016년 배우자와 사별했습니다.', '홍용주 씨는 고양시 덕양구에서 자가 아파트에 거주하며, 전통적인 손맛과 현대적인 호기심을 동시에 품고 살아가는 86세의 감각적인 할머니입니다.', '홍용주 씨가 즐겨먹는 음식은 된장찌개, 취미는 사진 찍기, 좋아하는 문화는 임영웅 노래입니다.', '홍용주 씨는 쌉싸름한 제철 나물 무침과 깊은 맛의 된장찌개로 집안의 입맛을 사로잡는 전통의 손맛을 보유한 동시에, 베트남 쌀국수나 태국의 똠얌꿍처럼 생소한 향신료가 들어간 외국 요리를 즐기는 과감한 미식가입니다. 유튜브에서 본 해외 요리법을 따라 집에서 이국적인 풍미를 재현하려 노력하지만, 가끔 간 조절에 실패해 너무 짜게 만드는 바람에 가족들이 밥을 평소보다 더 많이 먹게 만드는 실수를 범하곤 합니다.']",F. 홍용주 씨는 경기-고양시 덕양구에 거주합니다.,제공된 페르소나 정보 기준 홍용주 씨의 거주지: 경기 고양시 덕양구.,1.0,0.6987711383478644,0.8333333332916666,0.5,4,P029-Q04-F-반대,F-반대,F
홍용주 씨의 현재 운영 중인 사업자명은 무엇인가요?,"['홍용주 씨는 1973년에 결혼했습니다. 2016년 배우자와 사별했습니다.', '홍용주 씨는 고양시 덕양구에서 자가 아파트에 거주하며, 전통적인 손맛과 현대적인 호기심을 동시에 품고 살아가는 86세의 감각적인 할머니입니다.', '홍용주 씨는 86세 여자이며, 경기 경기-고양시 덕양구에 거주합니다. 최종 학력은 무학이고, 직업은 무직입니다.', '홍용주 씨가 즐겨먹는 음식은 된장찌개, 취미는 사진 찍기, 좋아하는 문화는 임영웅 노래입니다.', '홍용주 씨의 자녀는 2명: 홍영수(48세 남자), 홍영숙(44세 여자).']",정보 없음,제공된 페르소나 정보에는 홍용주 씨에 대해 질문한 사실이 없습니다.,1.0,0.0,0.0,0.0,4,P029-Q05-F-비존재,F-비존재,정보 없음
홍용주 씨는 1988년에 결혼했다. (참/거짓),"['홍용주 씨는 1973년에 결혼했습니다. 2016년 배우자와 사별했습니다.', '홍용주 씨의 자녀는 2명: 홍영수(48세 남자), 홍영숙(44세 여자).', '홍용주 씨는 86세 여자이며, 경기 경기-고양시 덕양구에 거주합니다. 최종 학력은 무학이고, 직업은 무직입니다.', '홍용주 씨는 고양시 덕양구에서 자가 아파트에 거주하며, 전통적인 손맛과 현대적인 호기심을 동시에 품고 살아가는 86세의 감각적인 할머니입니다.', '홍용주 씨가 즐겨먹는 음식은 된장찌개, 취미는 사진 찍기, 좋아하는 문화는 임영웅 노래입니다.']",F. 홍용주 씨는 1973년에 결혼했습니다.,제공된 페르소나 정보 기준 홍용주 씨의 결혼 정보: 1973년에 결혼.,1.0,0.7687237393253925,0.9999999999,1.0,4,P029-Q06-F-시점오류,F-시점오류,F
홍용주 씨는 경기 고양시 덕양시에 산다. (참/거짓),"['홍용주 씨는 86세 여자이며, 경기 경기-고양시 덕양구에 거주합니다. 최종 학력은 무학이고, 직업은 무직입니다.', '홍용주 씨는 고양시 덕양구에서 자가 아파트에 거주하며, 전통적인 손맛과 현대적인 호기심을 동시에 품고 살아가는 86세의 감각적인 할머니입니다.', '홍용주 씨는 1973년에 결혼했습니다. 2016년 배우자와 사별했습니다.', '홍용주 씨가 즐겨먹는 음식은 된장찌개, 취미는 사진 찍기, 좋아하는 문화는 임영웅 노래입니다.', '홍용주 씨의 자녀는 2명: 홍영수(48세 남자), 홍영숙(44세 여자).']",T. 홍용주 씨는 경기 고양시 덕양구에 거주합니다.,제공된 페르소나 정보 기준 홍용주 씨의 거주지: 경기 고양시 덕양구.,1.0,0.4515394866023846,0.99999999995,1.0,4,P029-Q07-ADV-부분일치,ADV-부분일치,F
홍용주 씨는 1974년에 결혼했다. (참/거짓),"['홍용주 씨는 1973년에 결혼했습니다. 2016년 배우자와 사별했습니다.', '홍용주 씨의 자녀는 2명: 홍영수(48세 남자), 홍영숙(44세 여자).', '홍용주 씨는 86세 여자이며, 경기 경기-고양시 덕양구에 거주합니다. 최종 학력은 무학이고, 직업은 무직입니다.', '홍용주 씨가 즐겨먹는 음식은 된장찌개, 취미는 사진 찍기, 좋아하는 문화는 임영웅 노래입니다.', '홍용주 씨는 고양시 덕양구에서 자가 아파트에 거주하며, 전통적인 손맛과 현대적인 호기심을 동시에 품고 살아가는 86세의 감각적인 할머니입니다.']",F. 홍용주 씨는 1973년에 결혼했습니다.,제공된 페르소나 정보 기준 홍용주 씨의 결혼 정보: 1973년에 결혼.,1.0,0.7663029560003513,0.9999999999,0.5,4,P029-Q08-ADV-시점근접,ADV-시점근접,F
홍용주 씨의 자녀 이름은 홍현주이다. (참/거짓),"['홍용주 씨의 자녀는 2명: 홍영수(48세 남자), 홍영숙(44세 여자).', '홍용주 씨는 1973년에 결혼했습니다. 2016년 배우자와 사별했습니다.', '홍용주 씨는 86세 여자이며, 경기 경기-고양시 덕양구에 거주합니다. 최종 학력은 무학이고, 직업은 무직입니다.', '홍용주 씨의 주요 질환은 전립선비대, 당뇨이고, 복용 약물은 탐스로신, 메트포르민, 글리메피리드입니다.', '홍용주 씨가 즐겨먹는 음식은 된장찌개, 취미는 사진 찍기, 좋아하는 문화는 임영웅 노래입니다.']",F. 홍용주 씨의 자녀 이름은 홍영수와 홍영숙입니다.,"제공된 페르소나 정보 기준 홍용주 씨의 자녀 정보: 자녀 2명(홍영수, 홍영숙).",1.0,0.731963744627182,0.0,0.5,4,P029-Q09-ADV-유사인물,ADV-유사인물,F
이경란 씨의 거주지는 어디인가요?,"['이경란 씨는 1975년에 결혼했습니다. 2018년 배우자와 사별했습니다.', '이경란 씨는 81세 여자이며, 인천 인천-남동구에 거주합니다. 최종 학력은 무학이고, 직업은 건물 청소원입니다.', '이경란 씨는 인천 남동구에서 청소원으로 일하며 임영웅 노래와 난초 가꾸기로 일상의 활력을 찾는, 사교성 넘치는 여든한 살의 활기찬 어르신입니다.', '이경란 씨가 즐겨먹는 음식은 갈비탕, 취미는 산책, 좋아하는 문화는 동물 다큐멘터리입니다.', '이경란 씨는 일주일에 한 번 친구들과 함께 지글지글 익어가는 삼겹살집이나 깔끔한 초밥집을 찾아가 식사를 즐기고, 한 달에 한 번쯤은 호기심에 배달 앱으로 치킨을 시켜 먹어봅니다.']",이경란 씨는 인천 인천-남동구에 거주합니다.,이경란 씨의 거주지: 인천 남동구.,1.0,0.937346237254764,0.5833333333041666,1.0,4,P030-Q01-T-거주지,T-거주지,인천 남동구
이경란 씨의 직업은 무엇인가요?,"['이경란 씨는 인천 남동구에서 청소원으로 일하며 임영웅 노래와 난초 가꾸기로 일상의 활력을 찾는, 사교성 넘치는 여든한 살의 활기찬 어르신입니다.', '이경란 씨는 1975년에 결혼했습니다. 2018년 배우자와 사별했습니다.', '이경란 씨는 81세 여자이며, 인천 인천-남동구에 거주합니다. 최종 학력은 무학이고, 직업은 건물 청소원입니다.', '이경란 씨가 즐겨먹는 음식은 갈비탕, 취미는 산책, 좋아하는 문화는 동물 다큐멘터리입니다.', '이경란 씨는 일주일에 한 번 친구들과 함께 지글지글 익어가는 삼겹살집이나 깔끔한 초밥집을 찾아가 식사를 즐기고, 한 달에 한 번쯤은 호기심에 배달 앱으로 치킨을 시켜 먹어봅니다.']",이경란 씨의 직업은 건물 청소원입니다.,이경란 씨의 직업: 건물 청소원.,1.0,0.9630940125709972,0.8333333332916666,1.0,4,P030-Q02-T-직업,T-직업,건물 청소원
이경란 씨의 최종 학력은 무엇인가요?,"['이경란 씨는 81세 여자이며, 인천 인천-남동구에 거주합니다. 최종 학력은 무학이고, 직업은 건물 청소원입니다.', '이경란 씨는 1975년에 결혼했습니다. 2018년 배우자와 사별했습니다.', '이경란 씨가 즐겨먹는 음식은 갈비탕, 취미는 산책, 좋아하는 문화는 동물 다큐멘터리입니다.', '이경란 씨는 인천 남동구에서 청소원으로 일하며 임영웅 노래와 난초 가꾸기로 일상의 활력을 찾는, 사교성 넘치는 여든한 살의 활기찬 어르신입니다.', '이경란 씨의 주요 질환은 관절염, 골다공증, 전립선비대이고, 복용 약물은 아세트아미노펜, 셀레콕시브, 알렌드로네이트, 탐스로신입니다.']",이경란 씨의 최종 학력은 무학입니다.,이경란 씨의 최종 학력: 무학.,1.0,0.9082081871759964,0.9999999999,1.0,4,P030-Q03-T-학력,T-학력,무학
이경란 씨는 전라남에 살고 있다. (참/거짓),"['이경란 씨는 인천 남동구에서 청소원으로 일하며 임영웅 노래와 난초 가꾸기로 일상의 활력을 찾는, 사교성 넘치는 여든한 살의 활기찬 어르신입니다.', '이경란 씨는 81세 여자이며, 인천 인천-남동구에 거주합니다. 최종 학력은 무학이고, 직업은 건물 청소원입니다.', '이경란 씨는 1975년에 결혼했습니다. 2018년 배우자와 사별했습니다.', '이경란 씨가 즐겨먹는 음식은 갈비탕, 취미는 산책, 좋아하는 문화는 동물 다큐멘터리입니다.', '이경란 씨는 일주일에 한 번 친구들과 함께 지글지글 익어가는 삼겹살집이나 깔끔한 초밥집을 찾아가 식사를 즐기고, 한 달에 한 번쯤은 호기심에 배달 앱으로 치킨을 시켜 먹어봅니다.']","F, 이경란 씨는 인천 남동구에 거주합니다.",제공된 페르소나 정보 기준 이경란 씨의 거주지: 인천 남동구.,1.0,0.4840322200515886,0.99999999995,0.5,4,P030-Q04-F-반대,F-반대,F
이경란 씨의 정기 후원하는 단체의 이름은 무엇인가요?,"['이경란 씨가 즐겨먹는 음식은 갈비탕, 취미는 산책, 좋아하는 문화는 동물 다큐멘터리입니다.', '이경란 씨는 1975년에 결혼했습니다. 2018년 배우자와 사별했습니다.', '이경란 씨는 인천 남동구에서 청소원으로 일하며 임영웅 노래와 난초 가꾸기로 일상의 활력을 찾는, 사교성 넘치는 여든한 살의 활기찬 어르신입니다.', '이경란 씨는 일주일에 한 번 친구들과 함께 지글지글 익어가는 삼겹살집이나 깔끔한 초밥집을 찾아가 식사를 즐기고, 한 달에 한 번쯤은 호기심에 배달 앱으로 치킨을 시켜 먹어봅니다.', '이경란 씨는 81세 여자이며, 인천 인천-남동구에 거주합니다. 최종 학력은 무학이고, 직업은 건물 청소원입니다.']",정보 없음,제공된 페르소나 정보에는 이경란 씨에 대해 질문한 사실이 없습니다.,1.0,0.0,0.0,0.0,4,P030-Q05-F-비존재,F-비존재,정보 없음
이경란 씨는 1985년에 결혼했다. (참/거짓),"['이경란 씨는 1975년에 결혼했습니다. 2018년 배우자와 사별했습니다.', '이경란 씨의 자녀는 3명: 이선영(49세 여자), 이정우(45세 남자), 이성민(43세 남자).', '이경란 씨는 81세 여자이며, 인천 인천-남동구에 거주합니다. 최종 학력은 무학이고, 직업은 건물 청소원입니다.', '이경란 씨는 인천 남동구에서 청소원으로 일하며 임영웅 노래와 난초 가꾸기로 일상의 활력을 찾는, 사교성 넘치는 여든한 살의 활기찬 어르신입니다.', '이경란 씨가 즐겨먹는 음식은 갈비탕, 취미는 산책, 좋아하는 문화는 동물 다큐멘터리입니다.']",F. 이경란 씨는 1975년에 결혼했습니다.,제공된 페르소나 정보 기준 이경란 씨의 결혼 정보: 1975년에 결혼.,1.0,0.5763511903330621,0.9999999999,1.0,4,P030-Q06-F-시점오류,F-시점오류,F
이경란 씨의 직업은 건물 관리인이다. (참/거짓),"['이경란 씨는 81세 여자이며, 인천 인천-남동구에 거주합니다. 최종 학력은 무학이고, 직업은 건물 청소원입니다.', '이경란 씨는 인천 남동구에서 청소원으로 일하며 임영웅 노래와 난초 가꾸기로 일상의 활력을 찾는, 사교성 넘치는 여든한 살의 활기찬 어르신입니다.', '이경란 씨가 즐겨먹는 음식은 갈비탕, 취미는 산책, 좋아하는 문화는 동물 다큐멘터리입니다.', '이경란 씨는 1975년에 결혼했습니다. 2018년 배우자와 사별했습니다.', '이경란 씨는 사별 후 홀로 아파트에 거주하며 적적함을 느끼기도 하지만, 가끔 찾아오는 손주에게 최신 스마트폰 사용법을 배우며 세대 차이를 좁히는 시간을 가장 소중하게 여깁니다.']","F, 이경란 씨의 직업은 건물 청소원입니다.",제공된 페르소나 정보 기준 이경란 씨의 직업: 건물 청소원.,1.0,0.7217578327806405,0.99999999995,0.0,4,P030-Q07-ADV-부분일치,ADV-부분일치,F
이경란 씨는 1974년에 결혼했다. (참/거짓),"['이경란 씨는 1975년에 결혼했습니다. 2018년 배우자와 사별했습니다.', '이경란 씨의 자녀는 3명: 이선영(49세 여자), 이정우(45세 남자), 이성민(43세 남자).', '이경란 씨는 인천 남동구에서 청소원으로 일하며 임영웅 노래와 난초 가꾸기로 일상의 활력을 찾는, 사교성 넘치는 여든한 살의 활기찬 어르신입니다.', '이경란 씨는 81세 여자이며, 인천 인천-남동구에 거주합니다. 최종 학력은 무학이고, 직업은 건물 청소원입니다.', '이경란 씨가 즐겨먹는 음식은 갈비탕, 취미는 산책, 좋아하는 문화는 동물 다큐멘터리입니다.']","F, 이경란 씨는 1975년에 결혼했습니다.",제공된 페르소나 정보 기준 이경란 씨의 결혼 정보: 1975년에 결혼.,1.0,0.5549612289378755,0.9999999999,1.0,4,P030-Q08-ADV-시점근접,ADV-시점근접,F
이경란 씨의 자녀 이름은 이영수이다. (참/거짓),"['이경란 씨의 자녀는 3명: 이선영(49세 여자), 이정우(45세 남자), 이성민(43세 남자).', '이경란 씨는 1975년에 결혼했습니다. 2018년 배우자와 사별했습니다.', '이경란 씨는 인천 남동구에서 청소원으로 일하며 임영웅 노래와 난초 가꾸기로 일상의 활력을 찾는, 사교성 넘치는 여든한 살의 활기찬 어르신입니다.', '이경란 씨는 81세 여자이며, 인천 인천-남동구에 거주합니다. 최종 학력은 무학이고, 직업은 건물 청소원입니다.', '이경란 씨가 즐겨먹는 음식은 갈비탕, 취미는 산책, 좋아하는 문화는 동물 다큐멘터리입니다.']","F, 이경란 씨의 자녀 이름은 이선영, 이정우, 이성민입니다.","제공된 페르소나 정보 기준 이경란 씨의 자녀 정보: 자녀 3명(이선영, 이정우, 이성민).",1.0,0.4893711200636408,0.9999999999,0.0,4,P030-Q09-ADV-유사인물,ADV-유사인물,F
